# Advanced (C1) vocabulary, written for Flex Academy (NOT from a source file).
# word <TAB> Uzbek translation <TAB> part of speech <TAB> IPA (British) <TAB> example with the word in {braces}.
# 1500 words, 15 stages of 100 (one theme per stage). No word repeats any other level. Review the Uzbek before publishing.
# Stage 1: character and behaviour
abrasive	qo'pol, dag'al (muomalada)	adj	/əˈbreɪsɪv/	His {abrasive} manner upset his colleagues.
affable	xushmuomala, yoqimli	adj	/ˈæfəbl/	The new director is {affable} and easy to talk to.
altruistic	o'zgalar manfaatini ko'zlovchi	adj	/ˌæltruˈɪstɪk/	She volunteers for purely {altruistic} reasons.
ambivalent	ikkilanuvchi, qarama-qarshi his-tuyg'uli	adj	/æmˈbɪvələnt/	I feel {ambivalent} about moving abroad.
audacious	dadil, jasur (tavakkalli)	adj	/ɔːˈdeɪʃəs/	It was an {audacious} plan to cross the desert alone.
belligerent	jangari, urishqoq	adj	/bəˈlɪdʒərənt/	The drunk man became {belligerent} and started shouting.
callous	berahm, dilozor	adj	/ˈkæləs/	It was {callous} of him to laugh at her pain.
capricious	injiq, tez fikrini o'zgartiradigan	adj	/kəˈprɪʃəs/	The {capricious} boss changed the rules every week.
compliant	itoatkor, rioya qiluvchi	adj	/kəmˈplaɪənt/	The new software is fully {compliant} with the law.
congenial	yoqimli, qalbga yaqin	adj	/kənˈdʒiːniəl/	We worked in a {congenial} atmosphere.
contemptuous	nafrat bilan qaraydigan	adj	/kənˈtemptʃuəs/	She gave him a {contemptuous} look.
credulous	har narsaga ishonuvchan	adj	/ˈkredjələs/	{Credulous} buyers were cheated by the fake adverts.
curt	qisqa va qo'pol	adj	/kɜːt/	He gave a {curt} reply and walked away.
deferential	hurmat ko'rsatuvchi	adj	/ˌdefəˈrenʃl/	The students were {deferential} towards the old professor.
demure	kamtarin, uyatchan	adj	/dɪˈmjʊə/	She gave a {demure} smile.
despondent	umidsizlikka tushgan	adj	/dɪˈspɒndənt/	He grew {despondent} after months without work.
diffident	o'ziga ishonmaydigan, tortinchoq	adj	/ˈdɪfɪdənt/	He was a {diffident} young man who rarely spoke in class.
discerning	nozik didli, farqlay oladigan	adj	/dɪˈsɜːnɪŋ/	The shop sells wine to {discerning} customers.
dogmatic	aqidaparast, o'z fikrida qotib qolgan	adj	/dɒɡˈmætɪk/	He is too {dogmatic} to listen to other views.
domineering	hukmfarmo, buyruqboz	adj	/ˌdɒmɪˈnɪərɪŋ/	She grew up with a {domineering} father.
dour	qovog'i soliq, jiddiy	adj	/dʊə/	The {dour} guard never smiled.
earnest	jiddiy, samimiy	adj	/ˈɜːnɪst/	He is an {earnest} young man who works very hard.
effusive	his-tuyg'ularini ochiq bildiruvchi	adj	/ɪˈfjuːsɪv/	She was {effusive} in her thanks.
egotistical	xudbin, o'zini ulug'lovchi	adj	/ˌeɡəˈtɪstɪkl/	The {egotistical} singer talked only about himself.
exuberant	g'ayratga to'lib-toshgan	adj	/ɪɡˈzjuːbərənt/	The {exuberant} children ran into the garden.
fastidious	o'ta talabchan, injiq	adj	/fæˈstɪdiəs/	He is {fastidious} about keeping his desk tidy.
fickle	beqaror, tez aynadigan	adj	/ˈfɪkl/	Football fans can be very {fickle}.
forthright	ochiq, to'g'riso'z	adj	/ˈfɔːθraɪt/	She is known for her {forthright} opinions.
frivolous	yengiltak, jiddiy bo'lmagan	adj	/ˈfrɪvələs/	Don't waste money on {frivolous} things.
genial	xushfe'l, samimiy	adj	/ˈdʒiːniəl/	Our {genial} host welcomed us at the door.
gracious	iltifotli, xushmuomala	adj	/ˈɡreɪʃəs/	She was {gracious} in defeat.
haughty	mag'rur, kibrli	adj	/ˈhɔːti/	The {haughty} waiter ignored us.
impetuous	o'ylamay shoshqaloqlik bilan qiladigan	adj	/ɪmˈpetʃuəs/	It was an {impetuous} decision that he later regretted.
impertinent	odobsiz, surbet	adj	/ɪmˈpɜːtɪnənt/	The boy asked an {impertinent} question about her age.
incorrigible	tuzatib bo'lmas	adj	/ɪnˈkɒrɪdʒəbl/	He is an {incorrigible} liar.
indolent	dangasa, erinchoq	adj	/ˈɪndələnt/	The {indolent} student never finished his homework.
insolent	beadab, surbet	adj	/ˈɪnsələnt/	The {insolent} teenager laughed at the police officer.
introspective	o'z ichki dunyosiga nazar soluvchi	adj	/ˌɪntrəˈspektɪv/	He became quiet and {introspective} after the accident.
jovial	quvnoq, xushchaqchaq	adj	/ˈdʒəʊviəl/	The {jovial} shopkeeper always told jokes.
manipulative	manipulyatsiya qiluvchi, makkor	adj	/məˈnɪpjələtɪv/	She is {manipulative} and uses people to get what she wants.
meek	yuvosh, itoatkor	adj	/miːk/	He was too {meek} to complain about the cold food.
methodical	tartibli, izchil	adj	/məˈθɒdɪkl/	She is a {methodical} worker who plans everything.
morose	ma'yus, qovog'i osiq	adj	/məˈrəʊs/	He sat in a {morose} silence.
nonchalant	beparvo, xotirjam	adj	/ˈnɒnʃələnt/	He tried to look {nonchalant} but he was nervous.
obnoxious	jirkanch, o'ta yoqimsiz	adj	/əbˈnɒkʃəs/	The {obnoxious} fan shouted at the players all game.
overbearing	o'zini ustun qo'yuvchi	adj	/ˌəʊvəˈbeərɪŋ/	His {overbearing} mother made all his decisions.
pedantic	mayda-chuydaga yopishib oluvchi	adj	/pɪˈdæntɪk/	Don't be so {pedantic} about the commas.
petulant	arazchi, injiq	adj	/ˈpetjələnt/	The {petulant} star refused to sign autographs.
placid	osoyishta, vazmin	adj	/ˈplæsɪd/	The baby has a {placid} nature and rarely cries.
pretentious	da'vogar, o'zini ko'rsatuvchi	adj	/prɪˈtenʃəs/	The restaurant was expensive and {pretentious}.
principled	prinsipial, qat'iy e'tiqodli	adj	/ˈprɪnsəpld/	She is a {principled} politician who never lies.
reticent	kamgap, sirni ochmaydigan	adj	/ˈretɪsnt/	He is {reticent} about his private life.
scrupulous	sinchkov, halol	adj	/ˈskruːpjələs/	She is {scrupulous} about paying her bills on time.
sly	ayyor, quv	adj	/slaɪ/	He gave me a {sly} smile.
spontaneous	o'z-o'zidan, ixtiyoriy	adj	/spɒnˈteɪniəs/	The crowd burst into {spontaneous} applause.
staid	jiddiy, eski qarashli	adj	/steɪd/	The {staid} old club did not allow women until 1990.
steadfast	sobit, sadoqatli	adj	/ˈstedfɑːst/	He remained {steadfast} in his support for her.
stoic	sabrli, chidamli	adj	/ˈstəʊɪk/	She was {stoic} throughout her long illness.
thick-skinned	tanqidga parvo qilmaydigan	adj	/ˌθɪk ˈskɪnd/	You need to be {thick-skinned} to work in politics.
unflappable	vazminligini yo'qotmaydigan	adj	/ʌnˈflæpəbl/	The {unflappable} pilot landed the plane safely.
unscrupulous	vijdonsiz	adj	/ʌnˈskruːpjələs/	{Unscrupulous} landlords charge students too much.
vivacious	jo'shqin, hayotbaxsh	adj	/vɪˈveɪʃəs/	She is a {vivacious} and popular girl.
wayward	o'zboshimcha, itoatsiz	adj	/ˈweɪwəd/	The school tries to help {wayward} teenagers.
whimsical	g'alati, xayolparast	adj	/ˈwɪmzɪkl/	The book is full of {whimsical} drawings.
zealous	g'ayratli, jonkuyar	adj	/ˈzeləs/	The {zealous} young officer worked day and night.
candour	ochiqlik, samimiylik	n	/ˈkændə/	I was surprised by the {candour} of her answer.
audacity	jur'at, surbetlik	n	/ɔːˈdæsəti/	He had the {audacity} to ask for more money.
gravitas	salobat, jiddiylik	n	/ˈɡrævɪtæs/	The new leader lacks {gravitas}.
poise	xotirjamlik, o'zini tutish	n	/pɔɪz/	She answered the difficult questions with great {poise}.
composure	o'zini qo'lga olish, sokinlik	n	/kəmˈpəʊʒə/	He lost his {composure} and started to cry.
bravado	ko'z-ko'z uchun jasorat	n	/brəˈvɑːdəʊ/	His {bravado} hid a deep fear.
conceit	manmanlik, kibr	n	/kənˈsiːt/	His {conceit} made him unpopular.
egotism	xudbinlik	n	/ˈeɡəʊtɪzəm/	The director's {egotism} ruined the project.
idiosyncrasy	o'ziga xos odat	n	/ˌɪdiəˈsɪŋkrəsi/	Wearing odd socks is one {idiosyncrasy} of his.
quirk	g'alati odat	n	/kwɜːk/	Everyone has a {quirk} or two.
foible	kichik zaiflik	n	/ˈfɔɪbl/	We all have a {foible} we can laugh about.
altruism	altruizm, fidoyilik	n	/ˈæltruɪzəm/	The charity depends on the {altruism} of volunteers.
arrogantly	takabburona	adv	/ˈærəɡəntli/	He {arrogantly} ignored the advice of experts.
naivety	soddalik, go'llik	n	/naɪˈiːvəti/	She was taken advantage of because of her {naivety}.
tenacity	qat'iyat	n	/təˈnæsəti/	His {tenacity} helped him win the case.
benevolence	ezgulik, saxovat	n	/bəˈnevələns/	The villagers thanked him for his {benevolence}.
insolence	surbetlik, beadablik	n	/ˈɪnsələns/	The pupil was punished for his {insolence}.
magnanimity	olijanoblik	n	/ˌmæɡnəˈnɪməti/	He showed {magnanimity} towards his defeated rival.
restraint	o'zini tiyish	n	/rɪˈstreɪnt/	The police showed great {restraint} during the protest.
temperance	mo'tadillik, o'zini tiyish	n	/ˈtempərəns/	His grandfather preached {temperance} and hard work.
conscientiousness	vijdonlilik	n	/ˌkɒnʃiˈenʃəsnəs/	Employers value {conscientiousness} above talent.
self-deprecating	o'zini kamsituvchi (hazil bilan)	adj	/ˌself ˈdeprəkeɪtɪŋ/	He has a {self-deprecating} sense of humour.
self-effacing	kamtar, o'zini ko'rsatmaydigan	adj	/ˌself ɪˈfeɪsɪŋ/	The {self-effacing} scientist gave all the credit to her team.
cold-hearted	tosh yurakli	adj	/ˌkəʊld ˈhɑːtɪd/	Only a {cold-hearted} person could ignore the crying child.
kind-hearted	ko'ngli ochiq, mehribon	adj	/ˌkaɪnd ˈhɑːtɪd/	She is a {kind-hearted} woman who helps everyone.
light-hearted	yengil, quvnoq	adj	/ˌlaɪt ˈhɑːtɪd/	The film is a {light-hearted} comedy.
narrow-mindedness	tor fikrlilik	n	/ˌnærəʊ ˈmaɪndɪdnəs/	His {narrow-mindedness} shocked his foreign friends.
single-minded	maqsadga qat'iy intiluvchi	adj	/ˌsɪŋɡl ˈmaɪndɪd/	She was {single-minded} in her pursuit of an Olympic medal.
strong-willed	irodali	adj	/ˌstrɒŋ ˈwɪld/	Their {strong-willed} daughter always gets her way.
even-tempered	vazmin, bosiq	adj	/ˌiːvn ˈtempəd/	Our teacher is patient and {even-tempered}.
two-faced	ikkiyuzlamachi	adj	/ˌtuː ˈfeɪst/	I don't trust him — he's {two-faced}.
tight-fisted	xasis, qo'li qisiq	adj	/ˌtaɪt ˈfɪstɪd/	My {tight-fisted} uncle never buys anyone a drink.
open-handed	saxiy, qo'li ochiq	adj	/ˌəʊpən ˈhændɪd/	The {open-handed} merchant fed the whole village.
brash	surbet, o'ziga haddan ortiq ishongan	adj	/bræʃ/	The {brash} young banker boasted about his bonus.
hot-tempered	jizzaki, tez qizishadigan	adj	/ˌhɒt ˈtempəd/	The {hot-tempered} coach was sent to the stands.
# Stage 2: discourse, argument and rhetoric
adage	maqol, hikmatli so'z	n	/ˈædɪdʒ/	The old {adage} says that time is money.
allusion	ishora, shama	n	/əˈluːʒn/	The title is an {allusion} to a famous poem.
allude	ishora qilmoq	v	/əˈluːd/	She didn't mention his name, but she seemed to {allude} to him.
aphorism	aforizm, hikmat	n	/ˈæfərɪzəm/	"Less is more" is a well-known {aphorism}.
banter	hazil-mutoyiba	n	/ˈbæntə/	There was friendly {banter} between the two teams.
bombastic	dabdabali, balandparvoz	adj	/bɒmˈbæstɪk/	The minister gave a {bombastic} speech full of empty promises.
brevity	qisqalik, ixchamlik	n	/ˈbrevəti/	The report was praised for its {brevity}.
coherence	izchillik, mantiqiy bog'liqlik	n	/kəʊˈhɪərəns/	Your essay lacks {coherence}.
colloquialism	so'zlashuv iborasi	n	/kəˈləʊkwiəlɪzəm/	Avoid every {colloquialism} in formal writing.
conjecture	taxmin, faraz	n	/kənˈdʒektʃə/	His theory is pure {conjecture}.
debunk	fosh qilmoq, rad etmoq	v	/ˌdiːˈbʌŋk/	Scientists set out to {debunk} the popular myth.
deride	masxara qilmoq	v	/dɪˈraɪd/	Critics continued to {deride} his early paintings.
diatribe	keskin tanqid, haqoratli nutq	n	/ˈdaɪətraɪb/	He launched into a long {diatribe} against the media.
dichotomy	ikkiga bo'linish, qarama-qarshilik	n	/daɪˈkɒtəmi/	There is a {dichotomy} between what he says and what he does.
disparage	kamsitmoq, yerga urmoq	v	/dɪˈspærɪdʒ/	Don't {disparage} other people's work.
elicit	(javob, ma'lumot) olmoq, keltirib chiqarmoq	v	/ɪˈlɪsɪt/	The teacher tried to {elicit} answers from the quiet students.
elucidate	oydinlashtirmoq	v	/ɪˈluːsɪdeɪt/	Could you {elucidate} what you mean by that?
embellish	bezamoq, bo'rttirmoq	v	/ɪmˈbelɪʃ/	He likes to {embellish} his stories with fake details.
emphatic	qat'iy, ta'kidli	adj	/ɪmˈfætɪk/	Her answer was an {emphatic} no.
enunciate	aniq talaffuz qilmoq	v	/ɪˈnʌnsieɪt/	Actors must {enunciate} every word clearly.
equivocal	ikki xil talqin qilinadigan	adj	/ɪˈkwɪvəkl/	The minister gave an {equivocal} answer.
eulogy	maqtov nutqi (marhum haqida)	n	/ˈjuːlədʒi/	His son gave a moving {eulogy} at the funeral.
expound	batafsil bayon qilmoq	v	/ɪkˈspaʊnd/	The professor began to {expound} his theory.
extol	ko'klarga ko'tarib maqtamoq	v	/ɪkˈstəʊl/	Doctors {extol} the benefits of walking.
gibberish	bema'ni gaplar	n	/ˈdʒɪbərɪʃ/	The instructions were translated into {gibberish}.
hyperbole	giperbola, mubolag'a	n	/haɪˈpɜːbəli/	Calling it "the best film ever" is pure {hyperbole}.
incoherent	bog'liqsiz, tushunarsiz	adj	/ˌɪnkəʊˈhɪərənt/	He was tired and his speech was {incoherent}.
innuendo	pichingli ishora	n	/ˌɪnjuˈendəʊ/	The article was full of {innuendo} about his private life.
interject	gap orasida qo'shib qo'ymoq	v	/ˌɪntəˈdʒekt/	"That's not true!" she was quick to {interject}.
invective	haqorat, so'kinish	n	/ɪnˈvektɪv/	The debate turned into a stream of {invective}.
lament	nola qilmoq, afsuslanmoq	v	/ləˈment/	Older people often {lament} the loss of traditional values.
lucid	aniq, ravshan	adj	/ˈluːsɪd/	She gave a {lucid} explanation of the problem.
misconstrue	noto'g'ri talqin qilmoq	v	/ˌmɪskənˈstruː/	Please don't {misconstrue} my silence as agreement.
mnemonic	eslab qolish usuli	n	/nɪˈmɒnɪk/	Use a {mnemonic} to remember the planets.
monotone	bir xil ohang	n	/ˈmɒnətəʊn/	He read the report in a boring {monotone}.
neologism	yangi so'z	n	/niˈɒlədʒɪzəm/	"Selfie" was once a {neologism}.
oratory	notiqlik san'ati	n	/ˈɒrətri/	He was famous for his powerful {oratory}.
orator	notiq	n	/ˈɒrətə/	Churchill was a brilliant {orator}.
paradox	paradoks	n	/ˈpærədɒks/	It's a {paradox} that the more we have, the less we value.
parody	parodiya	n	/ˈpærədi/	The show is a {parody} of reality TV.
platitude	siyqa gap	n	/ˈplætɪtjuːd/	His speech was just one {platitude} after another.
polemic	polemika, keskin bahs	n	/pəˈlemɪk/	The book is a fierce {polemic} against war.
posit	ilgari surmoq (faraz)	v	/ˈpɒzɪt/	Some scientists {posit} that life began in the oceans.
quip	o'tkir hazil	n	/kwɪp/	He answered with a clever {quip}.
rebuttal	raddiya, e'tiroz	n	/rɪˈbʌtl/	The lawyer prepared a strong {rebuttal}.
recount	hikoya qilib bermoq	v	/rɪˈkaʊnt/	He began to {recount} his adventures in the army.
refutation	rad etish	n	/ˌrefjuˈteɪʃn/	The paper is a detailed {refutation} of his claims.
reprimand	tanbeh, hayfsan	n	/ˈreprɪmɑːnd/	He received a {reprimand} for being late.
ridicule	masxara	n	/ˈrɪdɪkjuːl/	He was afraid of {ridicule} if he failed.
semantics	semantika, ma'no masalasi	n	/sɪˈmæntɪks/	Let's not argue about {semantics}.
sound bite	qisqa iqtibos (OAV uchun)	phrase	/ˈsaʊnd baɪt/	Politicians love a catchy {sound bite}.
spiel	oldindan tayyorlangan gap	n	/ʃpiːl/	The salesman gave us his usual {spiel}.
tirade	g'azabli nutq	n	/taɪˈreɪd/	She launched into a {tirade} about the service.
tongue-in-cheek	hazil aralash	adj	/ˌtʌŋ ɪn ˈtʃiːk/	His comment was {tongue-in-cheek}, not serious.
utterance	gap, aytilgan so'z	n	/ˈʌtərəns/	Every {utterance} of the president is analysed.
vehement	qizg'in, shiddatli	adj	/ˈviːəmənt/	There was {vehement} opposition to the plan.
verbatim	so'zma-so'z	adv	/vɜːˈbeɪtɪm/	He repeated her words {verbatim}.
verbose	ko'p so'zli, cho'zilgan	adj	/vɜːˈbəʊs/	The report is {verbose} and hard to read.
vernacular	mahalliy til, xalq tili	n	/vəˈnækjələ/	The poem is written in the local {vernacular}.
vociferous	shovqinli, baland ovozli	adj	/vəˈsɪfərəs/	He is a {vociferous} critic of the government.
witticism	o'tkir so'z, hazil	n	/ˈwɪtɪsɪzəm/	Every {witticism} got a laugh from the audience.
admonish	ogohlantirmoq, koyimoq	v	/ədˈmɒnɪʃ/	The judge had to {admonish} the witness for lying.
berate	qattiq koyimoq	v	/bɪˈreɪt/	The coach began to {berate} the players at half-time.
cajole	yaxshi gap bilan ko'ndirmoq	v	/kəˈdʒəʊl/	She tried to {cajole} him into coming to the party.
chide	yumshoqqina koyimoq	v	/tʃaɪd/	Mothers {chide} their children for being careless.
clarification	aniqlik kiritish	n	/ˌklærəfɪˈkeɪʃn/	I asked the bank for {clarification} of the charges.
concur	rozi bo'lmoq, fikriga qo'shilmoq	v	/kənˈkɜː/	Most experts {concur} with this view.
counter	qarshi javob bermoq	v	/ˈkaʊntə/	She was able to {counter} every argument he made.
cross-examine	so'roq qilmoq (sudda)	v	/ˌkrɒs ɪɡˈzæmɪn/	The lawyer will {cross-examine} the witness.
divulge	oshkor qilmoq	v	/daɪˈvʌldʒ/	The journalist refused to {divulge} her sources.
negate	inkor etmoq, yo'qqa chiqarmoq	v	/nɪˈɡeɪt/	One mistake can {negate} all your hard work.
profess	da'vo qilmoq, e'lon qilmoq	v	/prəˈfes/	He likes to {profess} a love of classical music.
rebuke	tanbeh bermoq	v	/rɪˈbjuːk/	The minister chose to {rebuke} his officials in public.
recant	so'zidan qaytmoq	v	/rɪˈkænt/	Galileo was forced to {recant} his views.
repudiate	rad etmoq, voz kechmoq	v	/rɪˈpjuːdieɪt/	The party decided to {repudiate} the violence.
retract	qaytib olmoq (so'zni)	v	/rɪˈtrækt/	The newspaper had to {retract} the story.
riposte	keskin javob	n	/rɪˈpɒst/	Her witty {riposte} silenced the critic.
stipulate	shart qilib qo'ymoq	v	/ˈstɪpjuleɪt/	The contract seems to {stipulate} a six-month trial.
vouch	kafil bo'lmoq	v	/vaʊtʃ/	I can {vouch} for his honesty.
waffle	quruq gap sotmoq	v	/ˈwɒfl/	Don't {waffle} — get to the point.
wrangle	uzoq tortishmoq	v	/ˈræŋɡl/	The two sides continue to {wrangle} over money.
lingua franca	umumiy muloqot tili	phrase	/ˌlɪŋɡwə ˈfræŋkə/	English is the {lingua franca} of business.
eloquently	notiqona	adv	/ˈeləkwəntli/	She spoke {eloquently} about her experiences.
candidly	ochiqchasiga	adv	/ˈkændɪdli/	He spoke {candidly} about his mistakes.
emphatically	qat'iyan	adv	/ɪmˈfætɪkli/	She {emphatically} denied the rumours.
tongue-tied	tili tutilib qolgan	adj	/ˈtʌŋ taɪd/	I get {tongue-tied} when I speak to my boss.
long-winded	cho'zib gapiradigan	adj	/ˌlɒŋ ˈwɪndɪd/	His explanation was {long-winded} and confusing.
plain-spoken	oddiy va ochiq gapiradigan	adj	/ˌpleɪn ˈspəʊkən/	The farmers liked the {plain-spoken} candidate.
soft-spoken	muloyim gapiradigan	adj	/ˌsɒft ˈspəʊkən/	He is a gentle, {soft-spoken} man.
well-spoken	chiroyli gapiradigan	adj	/ˌwel ˈspəʊkən/	She is intelligent and {well-spoken}.
off the record	norasmiy, oshkor qilmaslik sharti bilan	phrase	/ˌɒf ðə ˈrekɔːd/	The minister spoke {off the record}.
point-blank	to'g'ridan-to'g'ri, keskin	adv	/ˌpɔɪnt ˈblæŋk/	She refused {point-blank} to help.
beg the question	savolni tug'dirmoq	phrase	/ˌbeɡ ðə ˈkwestʃən/	This decision seems to {beg the question}: who will pay?
play devil's advocate	ataylab qarshi fikr bildirmoq	phrase	/pleɪ ˌdevlz ˈædvəkət/	Let me {play devil's advocate} for a moment.
a moot point	bahsli masala	phrase	/ə ˌmuːt ˈpɔɪnt/	Whether he knew about it is {a moot point}.
bone of contention	nizo sababi	phrase	/ˌbəʊn əv kənˈtenʃn/	Money has always been a {bone of contention} between them.
food for thought	o'ylash uchun asos	phrase	/ˌfuːd fə ˈθɔːt/	His lecture gave us plenty of {food for thought}.
read between the lines	satrlar orasini o'qimoq	phrase	/riːd bɪˌtwiːn ðə ˈlaɪnz/	You have to {read between the lines} to understand the letter.
lost for words	so'z topa olmay qolgan	phrase	/ˌlɒst fə ˈwɜːdz/	I was {lost for words} when I heard the news.
split hairs	mayda-chuyda ustida tortishmoq	phrase	/splɪt ˈheəz/	Let's not {split hairs} about the exact date.
# Stage 3: academic and intellectual language
abstraction	mavhumlik, abstraksiya	n	/æbˈstrækʃn/	Mathematics deals with pure {abstraction}.
axiom	aksioma	n	/ˈæksiəm/	It is an {axiom} that all men are mortal.
caveat	ogohlantirish, shart	n	/ˈkæviæt/	I'll agree, with one {caveat}: we finish by June.
cogent	ishonchli, asosli	adj	/ˈkəʊdʒənt/	She made a {cogent} case for reform.
cognition	idrok, bilish	n	/kɒɡˈnɪʃn/	Sleep improves {cognition} and memory.
compendium	to'plam, qo'llanma	n	/kəmˈpendiəm/	The book is a {compendium} of Uzbek recipes.
construct	konstrukt, tushuncha	n	/ˈkɒnstrʌkt/	Race is a social {construct}.
contingent	...ga bog'liq, tasodifiy	adj	/kənˈtɪndʒənt/	The deal is {contingent} on bank approval.
corollary	natija, xulosa	n	/ˈkɒrələri/	Higher prices are a natural {corollary} of higher costs.
credence	ishonch, e'tibor	n	/ˈkriːdns/	The new evidence gives {credence} to his story.
criterion	mezon	n	/kraɪˈtɪəriən/	Price is not the only {criterion} for choosing a school.
delineate	chegaralab ko'rsatmoq, tasvirlamoq	v	/dɪˈlɪnieɪt/	The report will {delineate} the duties of each department.
discrete	alohida, ajralgan	adj	/dɪˈskriːt/	The course is divided into {discrete} units.
disseminate	tarqatmoq (ma'lumot)	v	/dɪˈsemɪneɪt/	The internet helps to {disseminate} information quickly.
doctrine	ta'limot, doktrina	n	/ˈdɒktrɪn/	The party follows a strict economic {doctrine}.
empiricism	empirizm	n	/ɪmˈpɪrɪsɪzəm/	Modern science is based on {empiricism}.
erroneous	xato, noto'g'ri	adj	/ɪˈrəʊniəs/	The report was based on {erroneous} data.
exemplify	misol bo'lmoq, namuna bo'lmoq	v	/ɪɡˈzemplɪfaɪ/	These buildings {exemplify} Timurid architecture.
exhaustive	to'liq, har tomonlama	adj	/ɪɡˈzɔːstɪv/	The police carried out an {exhaustive} search.
extrapolate	ekstrapolyatsiya qilmoq, kengaytirib xulosa chiqarmoq	v	/ɪkˈstræpəleɪt/	We can't {extrapolate} from such a small sample.
fallible	xato qilishi mumkin	adj	/ˈfæləbl/	Even experts are {fallible}.
falsify	soxtalashtirmoq; rad etmoq	v	/ˈfɔːlsɪfaɪ/	The scientist was accused of trying to {falsify} his data.
generalise	umumlashtirmoq	v	/ˈdʒenrəlaɪz/	It's dangerous to {generalise} about people.
heuristic	evristik	adj	/hjuˈrɪstɪk/	Children learn through {heuristic} methods.
hypothesise	faraz qilmoq	v	/haɪˈpɒθəsaɪz/	Scientists {hypothesise} that the virus came from bats.
incongruous	nomuvofiq, o'rinsiz	adj	/ɪnˈkɒŋɡruəs/	The modern building looks {incongruous} in the old town.
inextricably	ajralmas tarzda	adv	/ˌɪnɪkˈstrɪkəbli/	Poverty and poor health are {inextricably} linked.
inquiry	tergov, tekshiruv	n	/ɪnˈkwaɪəri/	The government ordered an {inquiry} into the accident.
insightful	chuqur mulohazali	adj	/ˈɪnsaɪtfʊl/	She made some {insightful} comments.
intuition	sezgi, fahm	n	/ˌɪntjuˈɪʃn/	My {intuition} told me something was wrong.
intuitive	intuitiv, tushunarli	adj	/ɪnˈtjuːɪtɪv/	The app has an {intuitive} design.
juxtapose	yonma-yon qo'ymoq (solishtirish uchun)	v	/ˌdʒʌkstəˈpəʊz/	The exhibition seeks to {juxtapose} old and new photographs.
juxtaposition	yonma-yon qo'yish	n	/ˌdʒʌkstəpəˈzɪʃn/	The {juxtaposition} of rich and poor is shocking.
lexicon	leksikon, lug'at boyligi	n	/ˈleksɪkən/	The word has entered the English {lexicon}.
metric	o'lchov mezoni	n	/ˈmetrɪk/	Sales are the main {metric} of success.
nomenclature	atamalar tizimi	n	/nəˈmeŋklətʃə/	Scientists use a Latin {nomenclature} for plants.
objectivity	xolislik	n	/ˌɒbdʒekˈtɪvəti/	Journalists should aim for {objectivity}.
subjective	sub'ektiv	adj	/səbˈdʒektɪv/	Taste in music is very {subjective}.
subjectivity	sub'ektivlik	n	/ˌsʌbdʒekˈtɪvəti/	There is always some {subjectivity} in marking essays.
pedagogy	pedagogika	n	/ˈpedəɡɒdʒi/	Modern {pedagogy} puts the learner first.
pedagogical	pedagogik	adj	/ˌpedəˈɡɒdʒɪkl/	The course trains teachers in {pedagogical} methods.
postulate	postulat qilmoq, faraz qilmoq	v	/ˈpɒstjuleɪt/	Einstein went on to {postulate} that nothing travels faster than light.
pragmatism	pragmatizm, amaliylik	n	/ˈpræɡmətɪzəm/	The deal was a triumph of {pragmatism} over ideology.
precept	qoida, o'git	n	/ˈpriːsept/	Honesty is the first {precept} of his philosophy.
presuppose	oldindan taxmin qilmoq	v	/ˌpriːsəˈpəʊz/	The course seems to {presuppose} some knowledge of statistics.
propensity	moyillik	n	/prəˈpensəti/	He has a {propensity} to exaggerate.
proposition	taklif; mulohaza	n	/ˌprɒpəˈzɪʃn/	Opening a café here is a risky {proposition}.
quantifiable	o'lchab bo'ladigan	adj	/ˈkwɒntɪfaɪəbl/	We need {quantifiable} targets.
rational	oqilona, mantiqiy	adj	/ˈræʃnəl/	There must be a {rational} explanation.
reasoning	mulohaza, fikrlash	n	/ˈriːzənɪŋ/	I don't follow your {reasoning}.
reductive	haddan tashqari soddalashtirilgan	adj	/rɪˈdʌktɪv/	It's {reductive} to blame poverty on laziness.
relativism	relyativizm	n	/ˈrelətɪvɪzəm/	Cultural {relativism} says no culture is superior.
rigour	sinchkovlik, qat'iylik	n	/ˈrɪɡə/	The study lacks scientific {rigour}.
scepticism	shubha, skeptitsizm	n	/ˈskeptɪsɪzəm/	The claims were met with {scepticism}.
scrutiny	sinchiklab tekshirish	n	/ˈskruːtəni/	The minister's spending is under {scrutiny}.
seminal	muhim, asos soluvchi	adj	/ˈsemɪnl/	Darwin's book was a {seminal} work.
substantiate	asoslamoq, isbotlamoq	v	/səbˈstænʃieɪt/	Can you {substantiate} these claims?
synopsis	qisqacha mazmun	n	/sɪˈnɒpsɪs/	Read the {synopsis} before you watch the film.
tenet	asosiy tamoyil	n	/ˈtenɪt/	Equality is a basic {tenet} of democracy.
treatise	ilmiy asar, risola	n	/ˈtriːtɪs/	Ibn Sina wrote a famous {treatise} on medicine.
unequivocal	aniq, shubhasiz	adj	/ˌʌnɪˈkwɪvəkl/	The answer was an {unequivocal} yes.
unfounded	asossiz	adj	/ʌnˈfaʊndɪd/	The rumours proved {unfounded}.
verifiable	tekshirib bo'ladigan	adj	/ˈverɪfaɪəbl/	Journalists must use {verifiable} facts.
acumen	zukkolik, farosat	n	/ˈækjəmən/	She has great business {acumen}.
cerebral	aqliy, intellektual	adj	/ˈserəbrəl/	His films are {cerebral} rather than emotional.
erudite	bilimdon, olim	adj	/ˈerudaɪt/	He is an {erudite} scholar of Persian poetry.
erudition	chuqur bilim	n	/ˌeruˈdɪʃn/	The book shows the author's {erudition}.
intellect	aql, ong	n	/ˈɪntəlekt/	She is a woman of great {intellect}.
polymath	ko'p sohalar bilimdoni	n	/ˈpɒlimæθ/	Al-Biruni was a true {polymath}.
prodigy	g'ayrioddiy iste'dodli bola	n	/ˈprɒdədʒi/	Mozart was a musical {prodigy}.
pundit	ekspert, sharhlovchi	n	/ˈpʌndɪt/	Political {pundit} after pundit predicted the wrong result.
theorist	nazariyotchi	n	/ˈθɪərɪst/	He was a leading economic {theorist}.
conceptual	konseptual, tushunchaviy	adj	/kənˈseptʃuəl/	The design is still at the {conceptual} stage.
conceptualise	tushuncha sifatida shakllantirmoq	v	/kənˈseptʃuəlaɪz/	It is hard to {conceptualise} infinity.
deductive	deduktiv	adj	/dɪˈdʌktɪv/	Detectives use {deductive} reasoning.
inductive	induktiv	adj	/ɪnˈdʌktɪv/	Science often uses {inductive} reasoning.
categorical	qat'iy, shartsiz	adj	/ˌkætəˈɡɒrɪkl/	He gave a {categorical} denial.
definitive	yakuniy, eng ishonchli	adj	/dɪˈfɪnətɪv/	This is the {definitive} biography of Navoi.
inconclusive	aniq natija bermagan	adj	/ˌɪnkənˈkluːsɪv/	The test results were {inconclusive}.
speculative	taxminiy	adj	/ˈspekjələtɪv/	The report is highly {speculative}.
exploratory	izlanish, dastlabki	adj	/ɪkˈsplɒrətri/	We had {exploratory} talks with the investors.
groundbreaking	inqilobiy, yangi yo'l ochuvchi	adj	/ˈɡraʊndbreɪkɪŋ/	Her research was truly {groundbreaking}.
pioneering	kashshof, ilg'or	adj	/ˌpaɪəˈnɪərɪŋ/	He did {pioneering} work in heart surgery.
cursory	yuzaki, tezkor	adj	/ˈkɜːsəri/	He gave the report only a {cursory} glance.
in-depth	chuqur, batafsil	adj	/ˌɪn ˈdepθ/	The magazine published an {in-depth} interview.
far-reaching	keng ko'lamli	adj	/ˌfɑː ˈriːtʃɪŋ/	The reforms will have {far-reaching} effects.
overarching	umumiy, qamrovchi	adj	/ˌəʊvərˈɑːtʃɪŋ/	The {overarching} aim is to reduce poverty.
underpin	asos bo'lmoq	v	/ˌʌndəˈpɪn/	Strong values {underpin} the company's success.
buttress	qo'llab-quvvatlamoq	v	/ˈbʌtrəs/	New evidence will {buttress} her argument.
preclude	oldini olmoq, imkonsiz qilmoq	v	/prɪˈkluːd/	His injury will {preclude} him from playing.
epitomise	timsoli bo'lmoq	v	/ɪˈpɪtəmaɪz/	The Registan seems to {epitomise} the glory of Samarkand.
encapsulate	qisqacha ifodalamoq	v	/ɪnˈkæpsjuleɪt/	The photo seems to {encapsulate} the spirit of the age.
typify	odatiy namunasi bo'lmoq	v	/ˈtɪpɪfaɪ/	These houses {typify} village architecture.
permeate	singib ketmoq	v	/ˈpɜːmieɪt/	Fear began to {permeate} the whole city.
pervasive	hamma joyga singan	adj	/pəˈveɪsɪv/	Corruption is {pervasive} in the system.
ubiquitous	hamma joyda uchraydigan	adj	/juːˈbɪkwɪtəs/	Smartphones are now {ubiquitous}.
intrinsic	ichki, tabiiy	adj	/ɪnˈtrɪnsɪk/	The ring has little {intrinsic} value.
innate	tug'ma	adj	/ɪˈneɪt/	She has an {innate} sense of rhythm.
tacit	so'zsiz, yashirin	adj	/ˈtæsɪt/	There was a {tacit} agreement not to talk about it.
covert	yashirin, maxfiy	adj	/ˈkʌvət/	The spies carried out a {covert} operation.
# Stage 4: business, strategy and management
acquisition	sotib olish (kompaniya)	n	/ˌækwɪˈzɪʃn/	The {acquisition} of the rival firm made them the market leader.
agile	chaqqon, moslashuvchan	adj	/ˈædʒaɪl/	Small companies are more {agile} than big ones.
amalgamate	birlashtirmoq	v	/əˈmælɡəmeɪt/	The two schools will {amalgamate} next year.
attrition	asta-sekin kamayish (xodimlar)	n	/əˈtrɪʃn/	The company lost staff through {attrition}.
blue-sky thinking	cheklovsiz ijodiy fikrlash	phrase	/ˌbluː skaɪ ˈθɪŋkɪŋ/	The meeting was for {blue-sky thinking}, not decisions.
boardroom	direktorlar kengashi xonasi	n	/ˈbɔːdruːm/	The decision was made in the {boardroom}.
brainchild	g'oya muallifi (kimningdir g'oyasi)	n	/ˈbreɪntʃaɪld/	The festival was the {brainchild} of a local teacher.
buy-in	qo'llab-quvvatlash, rozilik	n	/ˈbaɪ ɪn/	We need {buy-in} from all departments.
buyout	aksiyalarni sotib olish	n	/ˈbaɪaʊt/	The managers organised a {buyout} of the company.
clout	ta'sir, nufuz	n	/klaʊt/	The union has a lot of political {clout}.
collusion	til biriktirish	n	/kəˈluːʒn/	The firms were accused of {collusion} on prices.
consortium	konsorsium	n	/kənˈsɔːtiəm/	A {consortium} of banks financed the project.
cost-cutting	xarajatlarni qisqartirish	n	/ˈkɒst kʌtɪŋ/	{Cost-cutting} led to hundreds of job losses.
diversify	turlarini ko'paytirmoq	v	/daɪˈvɜːsɪfaɪ/	Farmers should {diversify} their crops.
diversification	diversifikatsiya	n	/daɪˌvɜːsɪfɪˈkeɪʃn/	{Diversification} reduces risk.
due diligence	sinchiklab tekshiruv (bitimdan oldin)	phrase	/ˌdjuː ˈdɪlɪdʒəns/	Investors must do their {due diligence}.
expedite	tezlashtirmoq	v	/ˈekspədaɪt/	We paid extra to {expedite} the delivery.
flagship	asosiy, bosh (mahsulot, do'kon)	n	/ˈflæɡʃɪp/	The phone is the company's {flagship}.
frontrunner	yetakchi nomzod	n	/ˈfrʌntrʌnə/	She is the {frontrunner} for the job.
headhunt	yetuk mutaxassisni jalb qilmoq	v	/ˈhedhʌnt/	Rival banks tried to {headhunt} her.
incentivise	rag'batlantirmoq	v	/ɪnˈsentɪvaɪz/	The scheme will {incentivise} saving.
joint venture	qo'shma korxona	phrase	/ˌdʒɔɪnt ˈventʃə/	The two firms formed a {joint venture} in Tashkent.
kickback	pora (bitim uchun)	n	/ˈkɪkbæk/	The official took a {kickback} from the builder.
leverage	ta'sir vositasi; kaldirak	n	/ˈliːvərɪdʒ/	The union has little {leverage} in the negotiations.
liquidate	tugatmoq (kompaniyani)	v	/ˈlɪkwɪdeɪt/	The court ordered them to {liquidate} the company.
liquidation	tugatish (bankrotlikda)	n	/ˌlɪkwɪˈdeɪʃn/	The firm went into {liquidation}.
mandate	vakolat, topshiriq	n	/ˈmændeɪt/	The government has a {mandate} to reform the economy.
marketable	sotiladigan, xaridorgir	adj	/ˈmɑːkɪtəbl/	Languages make you more {marketable}.
momentum	jadallik, harakat kuchi	n	/məˈmentəm/	The campaign is gaining {momentum}.
monetise	daromad manbaiga aylantirmoq	v	/ˈmʌnɪtaɪz/	The app is trying to {monetise} its users.
negotiable	kelishiladigan	adj	/nɪˈɡəʊʃiəbl/	The salary is {negotiable}.
onboarding	yangi xodimni moslashtirish	n	/ˈɒnbɔːdɪŋ/	Good {onboarding} helps new staff settle in.
operational	amaldagi, ishlaydigan	adj	/ˌɒpəˈreɪʃənl/	The new factory will be {operational} next month.
optimise	optimallashtirmoq	v	/ˈɒptɪmaɪz/	We need to {optimise} our website for phones.
paradigm shift	tub burilish (yondashuvda)	phrase	/ˈpærədaɪm ʃɪft/	Online learning was a {paradigm shift} in education.
poach	o'ziga og'dirib olmoq (xodimni)	v	/pəʊtʃ/	Big firms {poach} the best engineers from start-ups.
proprietary	xususiy, patentlangan	adj	/prəˈpraɪətri/	The company uses {proprietary} software.
rebrand	brendini yangilamoq	v	/ˌriːˈbrænd/	The bank decided to {rebrand} after the scandal.
recoup	qoplamoq (xarajatni)	v	/rɪˈkuːp/	It will take years to {recoup} the investment.
reshuffle	qayta taqsimlash (lavozimlar)	n	/ˈriːʃʌfl/	The president announced a cabinet {reshuffle}.
revamp	yangilamoq, qayta jihozlamoq	v	/ˌriːˈvæmp/	The hotel plans to {revamp} its restaurant.
shortfall	kamomad, yetishmovchilik	n	/ˈʃɔːtfɔːl/	There is a {shortfall} of two million in the budget.
stopgap	vaqtinchalik chora	n	/ˈstɒpɡæp/	The loan is only a {stopgap}.
synergy	sinergiya, hamkorlik samarasi	n	/ˈsɪnədʒi/	The merger created {synergy} between the two teams.
trade-off	murosa, bir narsa uchun boshqasidan voz kechish	n	/ˈtreɪd ɒf/	There is a {trade-off} between speed and quality.
upmarket	qimmatbaho, yuqori toifadagi	adj	/ˌʌpˈmɑːkɪt/	They opened an {upmarket} restaurant.
downmarket	arzon, oddiy toifadagi	adj	/ˌdaʊnˈmɑːkɪt/	The brand has moved {downmarket}.
value-added	qo'shilgan qiymatli	adj	/ˌvæljuː ˈædɪd/	We offer {value-added} services to our clients.
vested interest	shaxsiy manfaatdorlik	phrase	/ˌvestɪd ˈɪntrəst/	He has a {vested interest} in the project's success.
viability	hayotiylik, yashovchanlik	n	/ˌvaɪəˈbɪləti/	We doubt the {viability} of the plan.
win-win	ikki tomonga ham foydali	adj	/ˌwɪn ˈwɪn/	It's a {win-win} situation for everyone.
cutthroat	shafqatsiz (raqobat)	adj	/ˈkʌtθrəʊt/	Advertising is a {cutthroat} business.
premium	ustama; sug'urta badali	n	/ˈpriːmiəm/	Customers pay a {premium} for organic food.
rebate	qisman qaytarilgan pul	n	/ˈriːbeɪt/	You can claim a tax {rebate}.
surcharge	qo'shimcha to'lov	n	/ˈsɜːtʃɑːdʒ/	There is a fuel {surcharge} on all flights.
levy	yig'im, soliq	n	/ˈlevi/	The government introduced a {levy} on plastic bags.
golden handshake	katta ishdan ketish mukofoti	phrase	/ˌɡəʊldən ˈhændʃeɪk/	The director left with a {golden handshake}.
high-powered	nufuzli, kuchli	adj	/ˌhaɪ ˈpaʊəd/	She has a {high-powered} job in finance.
hands-on	amaliy, bevosita ishtirok etuvchi	adj	/ˌhændz ˈɒn/	He is a {hands-on} manager who talks to every worker.
hands-off	aralashmaydigan	adj	/ˌhændz ˈɒf/	The owner has a {hands-off} approach.
figurehead	rasmiy rahbar (haqiqiy hokimiyatsiz)	n	/ˈfɪɡəhed/	The king is just a {figurehead}.
protégé	shogird, qo'l ostidagi	n	/ˈprɒtəʒeɪ/	He was the director's {protégé}.
mentorship	ustozlik	n	/ˈmentɔːʃɪp/	The programme offers {mentorship} to young women.
cash cow	doimiy daromad manbai	phrase	/ˈkæʃ kaʊ/	The old product is still a {cash cow}.
blue-chip	ishonchli, yirik (kompaniya)	adj	/ˈbluː tʃɪp/	She invests only in {blue-chip} companies.
spin-off	sho'ba loyiha	n	/ˈspɪn ɒf/	The TV show was a {spin-off} of a popular film.
hostile takeover	dushmanona egallab olish	phrase	/ˌhɒstaɪl ˈteɪkəʊvə/	The board fought off a {hostile takeover}.
meritocracy	meritokratiya	n	/ˌmerɪˈtɒkrəsi/	The company claims to be a {meritocracy}.
cronyism	tanish-bilishchilik	n	/ˈkrəʊniɪzəm/	The contracts were given out through {cronyism}.
bureaucratic	byurokratik	adj	/ˌbjʊərəˈkrætɪk/	The process is slow and {bureaucratic}.
trailblazer	yo'l ochuvchi, kashshof	n	/ˈtreɪlbleɪzə/	She was a {trailblazer} for women in engineering.
key performance indicator	asosiy samaradorlik ko'rsatkichi	phrase	/ˌkiː pəˈfɔːməns ɪndɪkeɪtə/	Customer satisfaction is a {key performance indicator}.
return on investment	investitsiya daromadliligi	phrase	/rɪˌtɜːn ɒn ɪnˈvestmənt/	What is the {return on investment} for this project?
business model	biznes modeli	phrase	/ˈbɪznəs mɒdl/	The company changed its {business model}.
value proposition	qiymat taklifi	phrase	/ˌvæljuː prɒpəˈzɪʃn/	What is our {value proposition} for young customers?
customer base	mijozlar bazasi	phrase	/ˈkʌstəmə beɪs/	The shop has a loyal {customer base}.
profit and loss	foyda va zarar	phrase	/ˌprɒfɪt ən ˈlɒs/	She is responsible for {profit and loss} in Asia.
benchmarking	taqqoslash tahlili	n	/ˈbentʃmɑːkɪŋ/	{Benchmarking} shows how we compare with competitors.
brand awareness	brend tanilganligi	phrase	/ˈbrænd əweənəs/	The campaign increased {brand awareness}.
market research	marketing tadqiqoti	phrase	/ˌmɑːkɪt rɪˈsɜːtʃ/	{Market research} showed that young people wanted cheaper phones.
unsustainable	barqaror bo'lmagan	adj	/ˌʌnsəˈsteɪnəbl/	The current level of debt is {unsustainable}.
insolvency	to'lovga qobiliyatsizlik	n	/ɪnˈsɒlvənsi/	The airline is facing {insolvency}.
turnaround time	bajarish muddati	phrase	/ˈtɜːnəraʊnd taɪm/	The {turnaround time} for orders is two days.
overstaffed	ortiqcha xodimli	adj	/ˌəʊvəˈstɑːft/	The office is {overstaffed}.
understaffed	xodim yetishmaydigan	adj	/ˌʌndəˈstɑːft/	The hospital is badly {understaffed}.
boom and bust	o'sish va tanazzul davriyligi	phrase	/ˌbuːm ən ˈbʌst/	The industry has a history of {boom and bust}.
game changer	vaziyatni tubdan o'zgartiruvchi	phrase	/ˈɡeɪm tʃeɪndʒə/	The new battery could be a {game changer}.
bottom-up	pastdan yuqoriga	adj	/ˌbɒtəm ˈʌp/	The company prefers a {bottom-up} approach to planning.
top-down	yuqoridan pastga	adj	/ˌtɒp ˈdaʊn/	Staff don't like the {top-down} style of management.
outperform	ortda qoldirmoq (natijada)	v	/ˌaʊtpəˈfɔːm/	Small firms often {outperform} big ones.
underperform	kutilgandan yomon ishlamoq	v	/ˌʌndəpəˈfɔːm/	The shares continued to {underperform}.
payback period	o'zini oqlash muddati	phrase	/ˈpeɪbæk pɪəriəd/	The {payback period} for solar panels is about six years.
cold call	notanish mijozga qo'ng'iroq	phrase	/ˈkəʊld kɔːl/	I got another {cold call} from an insurance company.
bidding war	narx talashish (xaridorlar o'rtasida)	phrase	/ˈbɪdɪŋ wɔː/	A {bidding war} broke out for the old house.
headwinds	qarshiliklar, noqulay omillar	n	/ˈhedwɪndz/	The economy faces strong {headwinds}.
downtime	ishsiz turish vaqti	n	/ˈdaʊntaɪm/	The factory lost money during the {downtime}.
backlog	to'planib qolgan ishlar	n	/ˈbæklɒɡ/	There is a {backlog} of orders to process.
upsell	qimmatroq mahsulot taklif qilmoq	v	/ˈʌpsel/	Waiters are trained to {upsell} desserts.
underwrite	kafolatlamoq, sug'urtalamoq	v	/ˌʌndəˈraɪt/	The bank agreed to {underwrite} the loan.
foothold	mustahkam o'rin	n	/ˈfʊthəʊld/	The company is trying to gain a {foothold} in Europe.
# Stage 5: economics, finance and wealth
accrue	yig'ilib bormoq (foiz, qarz)	v	/əˈkruː/	Interest will {accrue} on the unpaid amount.
affordability	arzonlik, sotib olish imkoniyati	n	/əˌfɔːdəˈbɪləti/	Housing {affordability} is a problem in big cities.
annuity	yillik to'lov (renta)	n	/əˈnjuːəti/	She receives an {annuity} from her late husband's pension.
appreciation	qiymat oshishi; qadrlash	n	/əˌpriːʃiˈeɪʃn/	The {appreciation} of the dollar hurt exporters.
balance of payments	to'lov balansi	phrase	/ˌbæləns əv ˈpeɪmənts/	The country has a {balance of payments} deficit.
bankroll	moliyalashtirmoq	v	/ˈbæŋkrəʊl/	A rich uncle agreed to {bankroll} the film.
bear market	pasayuvchi bozor	phrase	/ˈbeə mɑːkɪt/	Investors lost money in the {bear market}.
bull market	o'suvchi bozor	phrase	/ˈbʊl mɑːkɪt/	Shares rose steadily during the {bull market}.
budgetary	byudjetga oid	adj	/ˈbʌdʒɪtəri/	The school faces {budgetary} problems.
capital flight	kapitalning chetga chiqib ketishi	phrase	/ˌkæpɪtl ˈflaɪt/	Political instability caused {capital flight}.
central bank	markaziy bank	phrase	/ˌsentrəl ˈbæŋk/	The {central bank} raised interest rates.
contraction	qisqarish	n	/kənˈtrækʃn/	The economy suffered a sharp {contraction}.
credit crunch	kredit tanqisligi	phrase	/ˈkredɪt krʌntʃ/	Many small firms closed during the {credit crunch}.
debt relief	qarzdan ozod qilish	phrase	/ˈdet rɪliːf/	Poor countries asked for {debt relief}.
default	to'lovni bajarmaslik	n	/dɪˈfɔːlt/	The country is close to {default} on its loans.
deregulation	nazoratni bekor qilish	n	/ˌdiːˌreɡjuˈleɪʃn/	{Deregulation} of the airlines made flights cheaper.
deregulate	davlat nazoratini olib tashlamoq	v	/ˌdiːˈreɡjuleɪt/	The government plans to {deregulate} the energy market.
endowment	xayriya fondi, vaqf	n	/ɪnˈdaʊmənt/	The university has a huge {endowment}.
entitlement	huquq (olishga)	n	/ɪnˈtaɪtlmənt/	Your holiday {entitlement} is 24 days a year.
exorbitant	haddan tashqari qimmat	adj	/ɪɡˈzɔːbɪtənt/	The hotel charges {exorbitant} prices.
financier	moliyachi	n	/faɪˈnænsiə/	The project was funded by a wealthy {financier}.
free trade	erkin savdo	phrase	/ˌfriː ˈtreɪd/	The two countries signed a {free trade} agreement.
futures	fyuchers (kelajakdagi bitim)	n	/ˈfjuːtʃəz/	He trades oil {futures}.
hedge fund	xedj fond	phrase	/ˈhedʒ fʌnd/	He manages a large {hedge fund}.
hedge	sug'urtalamoq (xatardan)	v	/hedʒ/	Buying gold helps investors {hedge} against inflation.
hoard	yashirib to'plamoq	v	/hɔːd/	People began to {hoard} food before the war.
hyperinflation	giperinflyatsiya	n	/ˌhaɪpərɪnˈfleɪʃn/	{Hyperinflation} made the money worthless.
imbalance	nomutanosiblik	n	/ɪmˈbæləns/	There is a trade {imbalance} between the two countries.
income inequality	daromadlar tengsizligi	phrase	/ˌɪnkʌm ɪnɪˈkwɒləti/	{Income inequality} has grown in the last decade.
indebted	qarzdor; minnatdor	adj	/ɪnˈdetɪd/	The country is heavily {indebted}.
inheritance	meros	n	/ɪnˈherɪtəns/	He spent his {inheritance} on a new house.
insider trading	ichki ma'lumot bilan savdo	phrase	/ˌɪnsaɪdə ˈtreɪdɪŋ/	The banker went to prison for {insider trading}.
liquidity	likvidlik	n	/lɪˈkwɪdəti/	The bank had a {liquidity} crisis.
macroeconomic	makroiqtisodiy	adj	/ˌmækrəʊˌiːkəˈnɒmɪk/	The country needs {macroeconomic} stability.
microfinance	mikromoliya	n	/ˈmaɪkrəʊfaɪnæns/	{Microfinance} helps women start small businesses.
money supply	pul massasi	phrase	/ˈmʌni səplaɪ/	Printing money increases the {money supply}.
nationalise	davlat mulkiga aylantirmoq	v	/ˈnæʃnəlaɪz/	The government decided to {nationalise} the railways.
nest egg	jamg'arma (kelajak uchun)	phrase	/ˈnest eɡ/	They have a nice {nest egg} for their retirement.
net worth	sof boylik	phrase	/ˌnet ˈwɜːθ/	His {net worth} is over a billion dollars.
offshore	offshor, chet eldagi	adj	/ˌɒfˈʃɔː/	He hid his money in an {offshore} account.
overvalued	ortiqcha baholangan	adj	/ˌəʊvəˈvæljuːd/	Many experts think the shares are {overvalued}.
undervalued	yetarlicha baholanmagan	adj	/ˌʌndəˈvæljuːd/	The currency is {undervalued}.
pension fund	pensiya fondi	phrase	/ˈpenʃn fʌnd/	The {pension fund} invests in property.
profiteering	chayqovchilik	n	/ˌprɒfɪˈtɪərɪŋ/	Shops were accused of {profiteering} during the crisis.
protectionism	proteksionizm	n	/prəˈtekʃənɪzəm/	{Protectionism} can lead to trade wars.
quantitative easing	miqdoriy yumshatish	phrase	/ˌkwɒntɪtətɪv ˈiːzɪŋ/	The central bank began {quantitative easing}.
regressive	regressiv (soliq)	adj	/rɪˈɡresɪv/	Sales tax is {regressive} because the poor pay a larger share.
progressive	progressiv, ilg'or	adj	/prəˈɡresɪv/	The country has a {progressive} tax system.
repayment	qaytarish (qarz)	n	/rɪˈpeɪmənt/	The monthly {repayment} is 300 dollars.
safety net	ijtimoiy himoya tizimi	phrase	/ˈseɪfti net/	Welfare provides a {safety net} for the poor.
securities	qimmatli qog'ozlar	n	/sɪˈkjʊərətiz/	The bank invests in government {securities}.
solvent	to'lovga qodir	adj	/ˈsɒlvənt/	The company is still {solvent}.
solvency	to'lov qobiliyati	n	/ˈsɒlvənsi/	Regulators checked the bank's {solvency}.
speculator	chayqovchi	n	/ˈspekjuleɪtə/	A {speculator} bought the land and sold it for twice the price.
stimulus	rag'bat, turtki	n	/ˈstɪmjələs/	The government announced an economic {stimulus} package.
stockbroker	birja dalloli	n	/ˈstɒkbrəʊkə/	My {stockbroker} advised me to sell.
subsistence	tirikchilik (zo'rg'a)	n	/səbˈsɪstəns/	Many families live at {subsistence} level.
trade deficit	savdo kamomadi	phrase	/ˈtreɪd defɪsɪt/	The {trade deficit} widened last year.
trade surplus	savdo profitsiti	phrase	/ˈtreɪd sɜːpləs/	China has a large {trade surplus}.
treasury	g'aznachilik	n	/ˈtreʒəri/	The {treasury} announced new borrowing.
wealth tax	boylik solig'i	phrase	/ˈwelθ tæks/	The party wants a {wealth tax} on the super-rich.
yield	daromad, hosil	n	/jiːld/	The bond has a {yield} of 5%.
belt-tightening	kamxarjlik, tejash	n	/ˈbelt taɪtnɪŋ/	The family had to do some {belt-tightening}.
living wage	yashash uchun yetarli ish haqi	phrase	/ˌlɪvɪŋ ˈweɪdʒ/	Workers are demanding a {living wage}.
standard of living	turmush darajasi	phrase	/ˌstændəd əv ˈlɪvɪŋ/	The {standard of living} has risen.
breadwinner	oila boquvchisi	n	/ˈbredwɪnə/	She is the main {breadwinner} in the family.
benefactor	homiy, xayrixoh	n	/ˈbenɪfæktə/	An anonymous {benefactor} paid for the new library.
heirloom	avloddan avlodga o'tgan buyum	n	/ˈeəluːm/	This ring is a family {heirloom}.
frugality	tejamkorlik	n	/fruːˈɡæləti/	His {frugality} allowed him to retire early.
opulent	hashamatli	adj	/ˈɒpjələnt/	They stayed in an {opulent} palace hotel.
opulence	hashamat	n	/ˈɒpjələns/	The {opulence} of the palace amazed the visitors.
penniless	chaqasiz, qashshoq	adj	/ˈpeniləs/	He arrived in the city {penniless}.
overdrawn	hisobdan ortiq sarflangan	adj	/ˌəʊvəˈdrɔːn/	My account is {overdrawn} again.
in the red	qarzda, zararda	phrase	/ɪn ðə ˈred/	The company has been {in the red} for three years.
in the black	foydada	phrase	/ɪn ðə ˈblæk/	The shop is finally {in the black}.
make a killing	katta foyda ko'rmoq	phrase	/meɪk ə ˈkɪlɪŋ/	He managed to {make a killing} on the stock market.
money-spinner	pul keltiradigan ish	n	/ˈmʌni spɪnə/	The café has become a real {money-spinner}.
economic migrant	iqtisodiy migrant	phrase	/ˌiːkənɒmɪk ˈmaɪɡrənt/	He is an {economic migrant} looking for better pay.
cost-benefit analysis	xarajat va foyda tahlili	phrase	/ˌkɒst ˈbenɪfɪt ənæləsɪs/	We did a {cost-benefit analysis} of the new road.
gross margin	yalpi marja	phrase	/ˌɡrəʊs ˈmɑːdʒɪn/	The {gross margin} on software is very high.
asset management	aktivlarni boshqarish	phrase	/ˈæset mænɪdʒmənt/	She works in {asset management}.
fiscal year	moliya yili	phrase	/ˌfɪskl ˈjɪə/	The {fiscal year} ends in March.
tax bracket	soliq pog'onasi	phrase	/ˈtæks brækɪt/	His pay rise put him in a higher {tax bracket}.
tax relief	soliq imtiyozi	phrase	/ˈtæks rɪliːf/	Charities get {tax relief} on donations.
consumer confidence	iste'molchilar ishonchi	phrase	/kənˌsjuːmə ˈkɒnfɪdəns/	{Consumer confidence} fell after the crisis.
market volatility	bozor beqarorligi	phrase	/ˌmɑːkɪt ˌvɒləˈtɪləti/	{Market volatility} scared many investors.
volatility	beqarorlik, o'zgaruvchanlik	n	/ˌvɒləˈtɪləti/	There is a lot of {volatility} in oil prices.
redistribution	qayta taqsimlash	n	/ˌriːdɪstrɪˈbjuːʃn/	The party supports the {redistribution} of wealth.
sovereign debt	davlat qarzi	phrase	/ˌsɒvrɪn ˈdet/	Greece had a {sovereign debt} crisis.
austere	qattiq, tejamkor	adj	/ɒˈstɪə/	The government introduced an {austere} budget.
materialism	moddiyatparastlik	n	/məˈtɪəriəlɪzəm/	Some people criticise the {materialism} of modern life.
materialistic	moddiyatparast	adj	/məˌtɪəriəˈlɪstɪk/	Young people are often called {materialistic}.
nouveau riche	yangi boyigan (odamlar)	phrase	/ˌnuːvəʊ ˈriːʃ/	The {nouveau riche} built huge houses on the hill.
well-heeled	badavlat	adj	/ˌwel ˈhiːld/	The shop caters for {well-heeled} tourists.
cash-strapped	puli tanqis	adj	/ˈkæʃ stræpt/	{Cash-strapped} schools are cutting sports classes.
windfall tax	kutilmagan foyda solig'i	phrase	/ˈwɪndfɔːl tæks/	The government put a {windfall tax} on oil companies.
spending spree	pulni ayamay sarflash	phrase	/ˈspendɪŋ spriː/	She went on a {spending spree} after getting her bonus.
cost-conscious	xarajatga e'tiborli	adj	/ˈkɒst kɒnʃəs/	{Cost-conscious} shoppers compare prices online.
price-sensitive	narxga sezgir	adj	/ˈpraɪs sensətɪv/	Students are very {price-sensitive} customers.
bargaining power	savdolashish kuchi	phrase	/ˈbɑːɡənɪŋ paʊə/	Big supermarkets have huge {bargaining power}.
# Stage 6: politics, power and international relations
abdicate	taxtdan voz kechmoq	v	/ˈæbdɪkeɪt/	The king was forced to {abdicate}.
accession	qo'shilish; taxtga chiqish	n	/əkˈseʃn/	The country is negotiating its {accession} to the WTO.
amnesty	amnistiya, afv	n	/ˈæmnəsti/	The government declared an {amnesty} for political prisoners.
anarchist	anarxist	n	/ˈænəkɪst/	The {anarchist} wanted to abolish the state.
apartheid	aparteid	n	/əˈpɑːtaɪt/	Mandela fought against {apartheid}.
appeasement	murosa yo'li bilan tinchlantirish	n	/əˈpiːzmənt/	The policy of {appeasement} failed to prevent war.
arms race	qurollanish poygasi	phrase	/ˈɑːmz reɪs/	The two superpowers were locked in an {arms race}.
assassinate	suiqasd qilib o'ldirmoq	v	/əˈsæsɪneɪt/	Terrorists planned to {assassinate} the president.
assassination	suiqasd	n	/əˌsæsɪˈneɪʃn/	The {assassination} shocked the world.
autocracy	avtokratiya, yakkahokimlik	n	/ɔːˈtɒkrəsi/	The country slowly moved from {autocracy} to democracy.
autocratic	avtokratik	adj	/ˌɔːtəˈkrætɪk/	He ruled in an {autocratic} way.
bloc	blok, ittifoq	n	/blɒk/	The countries formed a trading {bloc}.
by-election	oraliq saylov	n	/ˈbaɪ ɪlekʃn/	A {by-election} was held after the MP died.
canvass	tashviqot qilmoq (ovoz so'rab)	v	/ˈkænvəs/	Volunteers went door to door to {canvass} for votes.
checks and balances	o'zaro nazorat tizimi	phrase	/ˌtʃeks ən ˈbælənsɪz/	The constitution provides {checks and balances} on power.
civil liberties	fuqarolik erkinliklari	phrase	/ˌsɪvl ˈlɪbətiz/	The new law threatens {civil liberties}.
clampdown	qattiq chora	n	/ˈklæmpdaʊn/	There has been a {clampdown} on protests.
colonial	mustamlaka	adj	/kəˈləʊniəl/	The city has many {colonial} buildings.
colonialism	mustamlakachilik	n	/kəˈləʊniəlɪzəm/	Many African countries suffered under {colonialism}.
colony	mustamlaka	n	/ˈkɒləni/	India was once a British {colony}.
communism	kommunizm	n	/ˈkɒmjunɪzəm/	The fall of {communism} changed Eastern Europe.
concession	yon berish; imtiyoz	n	/kənˈseʃn/	The government made a {concession} to the strikers.
constituent	saylovchi (okrug)	n	/kənˈstɪtjuənt/	The MP met every {constituent} who asked for help.
decree	farmon	n	/dɪˈkriː/	The president issued a {decree} on education.
defector	boshqa tomonga o'tib ketgan kishi	n	/dɪˈfektə/	The {defector} gave secrets to the enemy.
defect	boshqa tomonga o'tib ketmoq	v	/dɪˈfekt/	The spy decided to {defect} to the West.
democratise	demokratlashtirmoq	v	/dɪˈmɒkrətaɪz/	The internet has helped to {democratise} information.
demagogue	demagog	n	/ˈdeməɡɒɡ/	The {demagogue} played on people's fears.
deterrence	qaytaruvchi kuch	n	/dɪˈterəns/	Nuclear {deterrence} kept the peace for decades.
devolve	vakolatni topshirmoq	v	/dɪˈvɒlv/	The government will {devolve} power to the regions.
devolution	hokimiyatni mahalliy organlarga topshirish	n	/ˌdiːvəˈluːʃn/	Scotland voted for {devolution} in 1997.
diaspora	diaspora	n	/daɪˈæspərə/	The Uzbek {diaspora} in Russia is large.
disarmament	qurolsizlanish	n	/dɪsˈɑːməmənt/	The two countries began talks on {disarmament}.
enfranchise	saylov huquqini bermoq	v	/ɪnˈfræntʃaɪz/	The reform will {enfranchise} millions of young people.
envoy	elchi, vakil	n	/ˈenvɔɪ/	The UN sent a special {envoy} to the region.
expatriate	chet elda yashovchi fuqaro	n	/eksˈpætriət/	He lives in Dubai as an {expatriate}.
fascism	fashizm	n	/ˈfæʃɪzəm/	Europe fought against {fascism} in the Second World War.
filibuster	cho'zib yuborish (qonun muhokamasini)	n	/ˈfɪlɪbʌstə/	The senator used a {filibuster} to block the law.
gerrymandering	okrug chegaralarini manipulyatsiya qilish	n	/ˈdʒerimændərɪŋ/	The party was accused of {gerrymandering}.
governance	boshqaruv	n	/ˈɡʌvənəns/	The country needs good {governance}.
hardliner	qattiqqo'l siyosatchi	n	/ˌhɑːdˈlaɪnə/	The {hardliner} refused any compromise.
hawk	urush tarafdori	n	/hɔːk/	Every {hawk} in the government wanted war.
dove	tinchlik tarafdori	n	/dʌv/	Every {dove} in the cabinet argued for talks.
head of state	davlat boshlig'i	phrase	/ˌhed əv ˈsteɪt/	The {head of state} opened the new parliament.
hegemony	gegemoniya, hukmronlik	n	/hɪˈɡeməni/	The empire held {hegemony} over the region for centuries.
incite	qo'zg'atmoq, gij-gijlamoq	v	/ɪnˈsaɪt/	He was arrested for trying to {incite} violence.
incitement	qo'zg'atish	n	/ɪnˈsaɪtmənt/	He was charged with {incitement} to hatred.
insurgency	isyon harakati	n	/ɪnˈsɜːdʒənsi/	The army fought a long {insurgency} in the mountains.
insurrection	qo'zg'olon	n	/ˌɪnsəˈrekʃn/	The {insurrection} was crushed in a week.
junta	harbiy xunta	n	/ˈdʒʌntə/	A military {junta} seized power.
landslide victory	katta ustunlik bilan g'alaba	phrase	/ˌlændslaɪd ˈvɪktəri/	The party won a {landslide victory}.
legitimacy	qonuniylik	n	/lɪˈdʒɪtɪməsi/	The opposition questioned the {legitimacy} of the election.
lobbyist	lobbichi	n	/ˈlɒbiɪst/	A {lobbyist} for the oil industry met the minister.
martial law	harbiy holat	phrase	/ˌmɑːʃl ˈlɔː/	The general declared {martial law}.
militia	xalq lashkari	n	/məˈlɪʃə/	An armed {militia} controls the town.
multilateral	ko'p tomonlama	adj	/ˌmʌltiˈlætərəl/	The countries signed a {multilateral} agreement.
unilateral	bir tomonlama	adj	/ˌjuːnɪˈlætrəl/	The {unilateral} decision angered its allies.
bilateral	ikki tomonlama	adj	/ˌbaɪˈlætərəl/	Uzbekistan and Korea signed a {bilateral} trade deal.
nationalist	millatchi	n	/ˈnæʃnəlɪst/	The {nationalist} won the election easily.
neutrality	betaraflik	n	/njuːˈtræləti/	Switzerland is famous for its {neutrality}.
oligarchy	oligarxiya	n	/ˈɒlɪɡɑːki/	The country is ruled by an {oligarchy} of rich families.
oligarch	oligarx	n	/ˈɒlɪɡɑːk/	The {oligarch} owns newspapers and a football club.
pacifist	pasifist, urushga qarshi	n	/ˈpæsɪfɪst/	As a {pacifist}, he refused to fight.
partition	bo'linish (davlat)	n	/pɑːˈtɪʃn/	The {partition} of India happened in 1947.
pluralism	plyuralizm	n	/ˈplʊərəlɪzəm/	Democracy needs political {pluralism}.
policymaker	siyosat belgilovchi	n	/ˈpɒləsimeɪkə/	Every {policymaker} should read this report.
puppet government	qo'g'irchoq hukumat	phrase	/ˌpʌpɪt ˈɡʌvənmənt/	The occupiers set up a {puppet government}.
ratify	ratifikatsiya qilmoq	v	/ˈrætɪfaɪ/	Parliament must {ratify} the treaty.
reactionary	reaksion	adj	/riˈækʃənri/	The party has {reactionary} views on women's rights.
rebellion	isyon, qo'zg'olon	n	/rɪˈbeljən/	The {rebellion} spread to other cities.
regime change	tuzum almashuvi	phrase	/reɪˈʒiːm tʃeɪndʒ/	Some politicians called for {regime change}.
repression	qatag'on	n	/rɪˈpreʃn/	Thousands died during the years of {repression}.
reprisal	qasos (javob hujumi)	n	/rɪˈpraɪzl/	Villagers feared a {reprisal} from the army.
revolt	isyon	n	/rɪˈvəʊlt/	The peasants rose in {revolt}.
ruling party	hukmron partiya	phrase	/ˌruːlɪŋ ˈpɑːti/	The {ruling party} lost its majority.
sabotage	sabotaj, qo'poruvchilik	n	/ˈsæbətɑːʒ/	The fire at the factory was {sabotage}.
schism	bo'linish, nizo	n	/ˈskɪzəm/	There is a deep {schism} in the party.
sedition	g'alayonga undash	n	/sɪˈdɪʃn/	The journalist was charged with {sedition}.
self-determination	o'z taqdirini o'zi belgilash	n	/ˌself dɪtɜːmɪˈneɪʃn/	Every nation has the right to {self-determination}.
separatism	separatizm	n	/ˈsepərətɪzəm/	The government fears the rise of {separatism}.
skirmish	to'qnashuv (kichik)	n	/ˈskɜːmɪʃ/	There was a {skirmish} on the border.
stalemate	boshi berk holat	n	/ˈsteɪlmeɪt/	The talks ended in {stalemate}.
state of emergency	favqulodda holat	phrase	/ˌsteɪt əv ɪˈmɜːdʒənsi/	The government declared a {state of emergency}.
succession	vorislik, ketma-ketlik	n	/səkˈseʃn/	There was a fight over the {succession} to the throne.
swing voter	qat'iy tanlovga ega bo'lmagan saylovchi	phrase	/ˈswɪŋ vəʊtə/	Every {swing voter} counts in a close election.
territorial	hududiy	adj	/ˌterəˈtɔːriəl/	The two countries have a {territorial} dispute.
truce	yarash, sulh	n	/truːs/	The two sides agreed to a {truce}.
turnout	saylovda ishtirok	n	/ˈtɜːnaʊt/	{Turnout} in the election was 70%.
tyranny	zulm, zolimlik	n	/ˈtɪrəni/	The people rose up against {tyranny}.
tyrant	zolim	n	/ˈtaɪrənt/	The {tyrant} ruled by fear.
warlord	sarkarda (mahalliy)	n	/ˈwɔːlɔːd/	A local {warlord} controls the mountain roads.
zealot	mutaassib	n	/ˈzelət/	The {zealot} refused to listen to any other view.
annexation	qo'shib olish (hudud)	n	/ˌænekˈseɪʃn/	The {annexation} was condemned by the UN.
geopolitically	geosiyosiy jihatdan	adv	/ˌdʒiːəʊpəˈlɪtɪkli/	The region is {geopolitically} important.
dictate	buyurmoq, majburlamoq	v	/dɪkˈteɪt/	No country should {dictate} policy to another.
incumbency	lavozimda bo'lish	n	/ɪnˈkʌmbənsi/	His {incumbency} gave him an advantage in the election.
statecraft	davlatni boshqarish san'ati	n	/ˈsteɪtkrɑːft/	The book is a classic study of {statecraft}.
brinkmanship	xavf yoqasiga olib borish siyosati	n	/ˈbrɪŋkmənʃɪp/	Nuclear {brinkmanship} almost led to war.
realpolitik	amaliy siyosat	n	/reɪˈɑːlpɒlɪtiːk/	The deal was pure {realpolitik}.
hawkish	urushqoq (siyosatda)	adj	/ˈhɔːkɪʃ/	The new defence minister is known for his {hawkish} views.
# Stage 7: law, crime and justice
abduct	o'g'irlab ketmoq (odamni)	v	/æbˈdʌkt/	Armed men tried to {abduct} the journalist.
abduction	odam o'g'irlash	n	/æbˈdʌkʃn/	The police are investigating the {abduction}.
abet	jinoyatga ko'maklashmoq	v	/əˈbet/	He was charged with trying to {abet} the escape.
accessory	jinoyat sherigi	n	/əkˈsesəri/	She was charged as an {accessory} to murder.
adjudicate	hakamlik qilmoq, hukm chiqarmoq	v	/əˈdʒuːdɪkeɪt/	A special court will {adjudicate} the dispute.
affidavit	qasamyodli yozma ko'rsatma	n	/ˌæfɪˈdeɪvɪt/	The witness signed an {affidavit}.
assailant	hujumchi	n	/əˈseɪlənt/	The victim could not describe her {assailant}.
bequeath	vasiyat qilib qoldirmoq	v	/bɪˈkwiːð/	He wants to {bequeath} his house to his nephew.
binding	majburiy (yuridik)	adj	/ˈbaɪndɪŋ/	The agreement is legally {binding}.
cease and desist	to'xtatish talabi	phrase	/ˌsiːs ən dɪˈzɪst/	The company received a {cease and desist} letter.
circumstantial	bilvosita (dalil)	adj	/ˌsɜːkəmˈstænʃl/	The evidence against him is only {circumstantial}.
clemency	shafqat, kechirim	n	/ˈklemənsi/	The prisoner asked the president for {clemency}.
codify	qonun sifatida tizimlashtirmoq	v	/ˈkəʊdɪfaɪ/	The new law will {codify} existing practice.
complicit	sherik (noqonuniy ishda)	adj	/kəmˈplɪsɪt/	The bank was {complicit} in the fraud.
complicity	sheriklik	n	/kəmˈplɪsəti/	He denied any {complicity} in the crime.
contraband	kontrabanda tovar	n	/ˈkɒntrəbænd/	Customs officers found {contraband} in the lorry.
counterfeiter	qalbakichi	n	/ˈkaʊntəfɪtə/	The {counterfeiter} printed fake dollars.
courtroom	sud zali	n	/ˈkɔːtruːm/	The {courtroom} was full of journalists.
crime scene	jinoyat joyi	phrase	/ˈkraɪm siːn/	Police closed off the {crime scene}.
custodial	qamoq bilan bog'liq	adj	/kʌˈstəʊdiəl/	He received a {custodial} sentence of two years.
damages	zarar uchun tovon	n	/ˈdæmɪdʒɪz/	The court awarded her {damages} of $50,000.
deed	hujjat (mulk); ish, amal	n	/diːd/	Keep the {deed} to the house in a safe place.
defamation	obro'ga tuhmat qilish	n	/ˌdefəˈmeɪʃn/	The actor sued the newspaper for {defamation}.
defame	sharmanda qilmoq, tuhmat qilmoq	v	/dɪˈfeɪm/	The article tried to {defame} the minister.
delinquent	huquqbuzar (yosh)	n	/dɪˈlɪŋkwənt/	The programme helps every young {delinquent} return to school.
delinquency	huquqbuzarlik (yoshlar)	n	/dɪˈlɪŋkwənsi/	Juvenile {delinquency} is rising in the city.
deposition	qasamyodli ko'rsatma	n	/ˌdepəˈzɪʃn/	The lawyer took a {deposition} from the witness.
disclosure	oshkor qilish	n	/dɪsˈkləʊʒə/	The law requires full {disclosure} of income.
entrapment	tuzoqqa tushirish (politsiya)	n	/ɪnˈtræpmənt/	His lawyer argued that it was {entrapment}.
evict	ko'chirib yubormoq (uydan)	v	/ɪˈvɪkt/	The landlord tried to {evict} the family.
eviction	uydan chiqarib yuborish	n	/ɪˈvɪkʃn/	They are fighting an {eviction} order.
exonerate	oqlamoq, aybsiz deb topmoq	v	/ɪɡˈzɒnəreɪt/	New DNA evidence helped to {exonerate} him.
extenuating circumstances	yengillashtiruvchi holatlar	phrase	/ɪkˌstenjueɪtɪŋ ˈsɜːkəmstɑːnsɪz/	The judge took {extenuating circumstances} into account.
felon	og'ir jinoyatchi	n	/ˈfelən/	A convicted {felon} cannot own a gun.
felony	og'ir jinoyat	n	/ˈfeləni/	Armed robbery is a {felony}.
fine print	mayda harflardagi shartlar	phrase	/ˈfaɪn prɪnt/	Always read the {fine print} before you sign.
forfeit	boy bermoq, musodara qilinmoq	v	/ˈfɔːfɪt/	If you cancel, you {forfeit} your deposit.
fraudulent	firibgarona	adj	/ˈfrɔːdjələnt/	He made a {fraudulent} insurance claim.
grievous bodily harm	og'ir tan jarohati	phrase	/ˌɡriːvəs ˌbɒdɪli ˈhɑːm/	He was charged with {grievous bodily harm}.
hung jury	qarorga kela olmagan hakamlar hay'ati	phrase	/ˌhʌŋ ˈdʒʊəri/	The trial ended with a {hung jury}.
illicit	noqonuniy, taqiqlangan	adj	/ɪˈlɪsɪt/	Police found {illicit} drugs in the car.
incarcerate	qamoqqa olmoq	v	/ɪnˈkɑːsəreɪt/	The regime continued to {incarcerate} its critics.
incarceration	qamoq	n	/ɪnˌkɑːsəˈreɪʃn/	He spent ten years in {incarceration}.
indemnity	tovon kafolati	n	/ɪnˈdemnəti/	The policy gives {indemnity} against fire damage.
injunction	sud taqiqi	n	/ɪnˈdʒʌŋkʃn/	The court issued an {injunction} to stop the building work.
inquest	o'lim sababi bo'yicha tergov	n	/ˈɪŋkwest/	An {inquest} was held into the death.
lawless	qonunsiz	adj	/ˈlɔːləs/	The border region is {lawless}.
libel	yozma tuhmat	n	/ˈlaɪbl/	The magazine was sued for {libel}.
litigant	da'vogar tomon	n	/ˈlɪtɪɡənt/	Each {litigant} must pay their own costs.
malpractice	kasbiy xato (vijdonsizlik)	n	/ˌmælˈpræktɪs/	The surgeon was accused of {malpractice}.
mediation	vositachilik	n	/ˌmiːdiˈeɪʃn/	The dispute was settled through {mediation}.
miscarriage of justice	adolatsiz hukm	phrase	/ˌmɪskærɪdʒ əv ˈdʒʌstɪs/	His conviction was a {miscarriage of justice}.
mitigating	yengillashtiruvchi	adj	/ˈmɪtɪɡeɪtɪŋ/	His age was a {mitigating} factor.
notary	notarius	n	/ˈnəʊtəri/	You must sign the document in front of a {notary}.
null and void	haqiqiy emas	phrase	/ˌnʌl ən ˈvɔɪd/	The contract was declared {null and void}.
ombudsman	ombudsman	n	/ˈɒmbʊdzmən/	She complained to the banking {ombudsman}.
on remand	tergov hibsxonasida	phrase	/ɒn rɪˈmɑːnd/	He is being held {on remand} until the trial.
ordinance	nizom, farmoyish	n	/ˈɔːdɪnəns/	A city {ordinance} bans smoking in parks.
perpetrate	sodir etmoq (jinoyat)	v	/ˈpɜːpətreɪt/	Nobody knows who helped {perpetrate} the fraud.
plea bargain	aybni tan olish bitimi	phrase	/ˈpliː bɑːɡən/	He accepted a {plea bargain} and got three years.
probate	vasiyatnomani tasdiqlash	n	/ˈprəʊbeɪt/	The will is still going through {probate}.
proceedings	sud jarayoni	n	/prəˈsiːdɪŋz/	Legal {proceedings} began against the company.
provision	qoida (qonunda); ta'minot	n	/prəˈvɪʒn/	The law has a {provision} for emergencies.
recidivism	qayta jinoyat qilish	n	/rɪˈsɪdɪvɪzəm/	Education reduces {recidivism}.
restitution	tovon, qaytarib berish	n	/ˌrestɪˈtjuːʃn/	The court ordered {restitution} to the victims.
retribution	jazo, qasos	n	/ˌretrɪˈbjuːʃn/	The families want {retribution}, not just justice.
ruling	qaror (sud)	n	/ˈruːlɪŋ/	The judge's {ruling} surprised everyone.
search warrant	tintuv orderi	phrase	/ˈsɜːtʃ wɒrənt/	The police arrived with a {search warrant}.
serial killer	ketma-ket qotil	phrase	/ˌsɪəriəl ˈkɪlə/	The {serial killer} was caught after ten years.
smuggler	kontrabandachi	n	/ˈsmʌɡlə/	The {smuggler} was arrested at the border.
statute of limitations	da'vo muddati	phrase	/ˌstætʃuːt əv lɪmɪˈteɪʃnz/	The {statute of limitations} for fraud is six years.
stipulation	shart	n	/ˌstɪpjuˈleɪʃn/	The {stipulation} was that the money must be repaid.
subpoena	sudga chaqiruv qog'ozi	n	/səˈpiːnə/	She received a {subpoena} to appear in court.
unconstitutional	konstitutsiyaga zid	adj	/ˌʌnˌkɒnstɪˈtjuːʃənl/	The court ruled the law {unconstitutional}.
undercover	yashirin, maxfiy	adj	/ˌʌndəˈkʌvə/	An {undercover} officer joined the gang.
vandalise	buzib tashlamoq, zarar yetkazmoq	v	/ˈvændəlaɪz/	Teenagers tried to {vandalise} the bus shelter.
void	haqiqiy emas, bekor	adj	/vɔɪd/	The agreement is now {void}.
waiver	voz kechish (huquqdan)	n	/ˈweɪvə/	Parents must sign a {waiver} for the trip.
white-collar crime	iqtisodiy jinoyat	phrase	/ˌwaɪt kɒlə ˈkraɪm/	Fraud is a typical {white-collar crime}.
witness box	guvohlar joyi	phrase	/ˈwɪtnəs bɒks/	She burst into tears in the {witness box}.
contempt of court	sudni hurmat qilmaslik	phrase	/kənˌtempt əv ˈkɔːt/	He was jailed for {contempt of court}.
cybercriminal	kiberjinoyatchi	n	/ˈsaɪbəkrɪmɪnl/	A {cybercriminal} stole the company's data.
counterfeiting	qalbakilashtirish	n	/ˈkaʊntəfɪtɪŋ/	{Counterfeiting} costs brands billions.
exoneration	oqlanish	n	/ɪɡˌzɒnəˈreɪʃn/	He fought for years for his {exoneration}.
incriminate	ayblovga dalil bo'lmoq	v	/ɪnˈkrɪmɪneɪt/	He refused to say anything that might {incriminate} him.
incriminating	ayblovchi, fosh qiluvchi	adj	/ɪnˈkrɪmɪneɪtɪŋ/	Police found {incriminating} documents.
jailbreak	qamoqdan qochish	n	/ˈdʒeɪlbreɪk/	Three men escaped in a daring {jailbreak}.
litigious	sudlashishga moyil	adj	/lɪˈtɪdʒəs/	We live in an increasingly {litigious} society.
lawbreaker	qonunbuzar	n	/ˈlɔːbreɪkə/	Every {lawbreaker} must face the consequences.
mugshot	hibsga olingan kishining surati	n	/ˈmʌɡʃɒt/	His {mugshot} was published in the newspaper.
parolee	shartli ozod qilingan	n	/pəˌrəʊˈliː/	The {parolee} must report to the police every week.
petty crime	mayda jinoyat	phrase	/ˌpeti ˈkraɪm/	{Petty crime} is common in tourist areas.
prosecutorial	prokurorlik	adj	/ˌprɒsɪkjuːˈtɔːriəl/	The judge criticised {prosecutorial} errors.
testimonial	tavsiyanoma, guvohnoma	n	/ˌtestɪˈməʊniəl/	She wrote a glowing {testimonial} for her former student.
unlawfully	noqonuniy ravishda	adv	/ʌnˈlɔːfəli/	He was {unlawfully} detained for a week.
vigilance	hushyorlik	n	/ˈvɪdʒɪləns/	Thanks to the guard's {vigilance}, the thief was caught.
jurisprudence	huquqshunoslik	n	/ˌdʒʊərɪsˈpruːdns/	She is a professor of {jurisprudence}.
lawful	qonuniy	adj	/ˈlɔːfl/	The police must have a {lawful} reason to stop you.
cross-examination	sudda so'roq	n	/ˌkrɒs ɪɡzæmɪˈneɪʃn/	The witness broke down under {cross-examination}.
legalese	murakkab huquqiy til	n	/ˌliːɡəˈliːz/	The contract is written in impenetrable {legalese}.
# Stage 8: science, engineering and technology
algorithmic	algoritmik	adj	/ˌælɡəˈrɪðmɪk/	The platform uses {algorithmic} trading.
anomalous	g'ayrioddiy, anomal	adj	/əˈnɒmələs/	The sensors recorded {anomalous} readings.
antiquated	eskirgan	adj	/ˈæntɪkweɪtɪd/	The hospital still uses {antiquated} equipment.
bionic	bionik	adj	/baɪˈɒnɪk/	He walks with a {bionic} leg.
byproduct	qo'shimcha mahsulot	n	/ˈbaɪprɒdʌkt/	Heat is a {byproduct} of the process.
calibration	sozlash, kalibrlash	n	/ˌkælɪˈbreɪʃn/	The machine needs regular {calibration}.
catalyse	tezlashtirmoq (reaksiyani)	v	/ˈkætəlaɪz/	Enzymes {catalyse} chemical reactions in the body.
circuitry	elektr sxemalari	n	/ˈsɜːkɪtri/	Water damaged the phone's {circuitry}.
combustible	yonuvchan	adj	/kəmˈbʌstəbl/	Keep {combustible} materials away from the fire.
compress	siqmoq	v	/kəmˈpres/	You can {compress} the files to save space.
compression	siqish	n	/kəmˈpreʃn/	Video {compression} makes files smaller.
condensation	kondensatsiya, terlash	n	/ˌkɒndenˈseɪʃn/	There was {condensation} on the cold window.
conductivity	o'tkazuvchanlik	n	/ˌkɒndʌkˈtɪvəti/	Copper has high electrical {conductivity}.
configuration	konfiguratsiya, tuzilish	n	/kənˌfɪɡəˈreɪʃn/	Check the network {configuration}.
configure	sozlamoq	v	/kənˈfɪɡə/	It took an hour to {configure} the new router.
conversion	aylantirish, konversiya	n	/kənˈvɜːʃn/	The {conversion} of sunlight into electricity is efficient.
corrode	zanglamoq, yemirilmoq	v	/kəˈrəʊd/	Salt water will {corrode} the metal.
corrosion	korroziya	n	/kəˈrəʊʒn/	The bridge was closed because of {corrosion}.
cryptography	kriptografiya	n	/krɪpˈtɒɡrəfi/	Online banking relies on {cryptography}.
data mining	ma'lumotlarni qazib olish	phrase	/ˈdeɪtə maɪnɪŋ/	Companies use {data mining} to study customers.
debug	xatolarni tuzatmoq (dasturda)	v	/ˌdiːˈbʌɡ/	It took two days to {debug} the program.
decipher	o'qib chiqmoq, shifrini ochmoq	v	/dɪˈsaɪfə/	I couldn't {decipher} his handwriting.
decode	kodini ochmoq	v	/ˌdiːˈkəʊd/	Scientists are trying to {decode} the signals.
decrypt	shifrini ochmoq	v	/diːˈkrɪpt/	Only the receiver can {decrypt} the message.
diagnostic	diagnostik	adj	/ˌdaɪəɡˈnɒstɪk/	The mechanic ran a {diagnostic} test on the engine.
dilute	suyultirmoq	v	/daɪˈluːt/	{Dilute} the juice with water.
disruptive	tubdan o'zgartiruvchi; tartibbuzar	adj	/dɪsˈrʌptɪv/	Streaming was a {disruptive} technology for cinemas.
dormant	uyqudagi, faol bo'lmagan	adj	/ˈdɔːmənt/	The volcano has been {dormant} for centuries.
electromagnetic	elektromagnit	adj	/ɪˌlektrəʊmæɡˈnetɪk/	Light is a form of {electromagnetic} radiation.
encrypt	shifrlamoq	v	/ɪnˈkrɪpt/	The app will {encrypt} all your messages.
entropy	entropiya	n	/ˈentrəpi/	{Entropy} always increases in a closed system.
ergonomic	ergonomik	adj	/ˌɜːɡəˈnɒmɪk/	She bought an {ergonomic} chair for her back.
exponential	eksponensial, jadal	adj	/ˌekspəˈnenʃl/	The company has seen {exponential} growth.
exponentially	jadal sur'atda	adv	/ˌekspəˈnenʃəli/	The number of users grew {exponentially}.
extraterrestrial	yerdan tashqari	adj	/ˌekstrətəˈrestriəl/	Scientists search for {extraterrestrial} life.
fibre-optic	optik tolali	adj	/ˌfaɪbər ˈɒptɪk/	The city is laying {fibre-optic} cables.
firewall	tarmoqlararo ekran	n	/ˈfaɪəwɔːl/	The {firewall} blocked the attack.
genetic engineering	gen muhandisligi	phrase	/dʒəˌnetɪk endʒɪˈnɪərɪŋ/	{Genetic engineering} could end some diseases.
hardwired	tug'ma, dasturlangan	adj	/ˌhɑːdˈwaɪəd/	Babies seem {hardwired} to learn language.
hologram	gologramma	n	/ˈhɒləɡræm/	The singer appeared on stage as a {hologram}.
humanoid	odamsimon	adj	/ˈhjuːmənɔɪd/	The company built a {humanoid} robot.
hydraulic	gidravlik	adj	/haɪˈdrɒlɪk/	The lift uses a {hydraulic} system.
immersive	o'ziga to'liq tortadigan	adj	/ɪˈmɜːsɪv/	The museum offers an {immersive} experience.
incubator	inkubator	n	/ˈɪŋkjubeɪtə/	The start-up began in a university {incubator}.
inert	inert, harakatsiz	adj	/ɪˈnɜːt/	Helium is an {inert} gas.
interplanetary	sayyoralararo	adj	/ˌɪntəˈplænɪtri/	{Interplanetary} travel may be possible one day.
latency	kechikish (tarmoqda)	n	/ˈleɪtənsi/	Low {latency} is important for online games.
lithium	litiy	n	/ˈlɪθiəm/	Most phone batteries contain {lithium}.
luminous	nur sochuvchi	adj	/ˈluːmɪnəs/	The watch has {luminous} hands.
mechanise	mexanizatsiyalashtirmoq	v	/ˈmekənaɪz/	Farmers began to {mechanise} the cotton harvest.
microprocessor	mikroprotsessor	n	/ˌmaɪkrəʊˈprəʊsesə/	Every smartphone contains a {microprocessor}.
miniaturise	kichraytirmoq	v	/ˈmɪnətʃəraɪz/	Engineers managed to {miniaturise} the camera.
molecular	molekulyar	adj	/məˈlekjələ/	She studies {molecular} biology.
navigational	navigatsiya	adj	/ˌnævɪˈɡeɪʃənl/	The ship's {navigational} system failed.
neural	nerv, neyron	adj	/ˈnjʊərəl/	The injury caused {neural} damage.
neural network	neyron tarmoq	phrase	/ˌnjʊərəl ˈnetwɜːk/	The {neural network} learned to recognise faces.
nuclear fusion	yadroviy sintez	phrase	/ˌnjuːkliə ˈfjuːʒn/	{Nuclear fusion} could provide clean energy.
oscillate	tebranmoq	v	/ˈɒsɪleɪt/	The needle began to {oscillate} wildly.
photovoltaic	fotoelektrik	adj	/ˌfəʊtəʊvɒlˈteɪɪk/	{Photovoltaic} panels turn sunlight into electricity.
pixel	piksel	n	/ˈpɪksl/	Every {pixel} on the screen can change colour.
pneumatic	pnevmatik	adj	/njuːˈmætɪk/	Workers used a {pneumatic} drill.
radiate	nur taratmoq, tarqatmoq	v	/ˈreɪdieɪt/	Heat will {radiate} from the stove.
reboot	qayta yuklamoq	v	/ˌriːˈbuːt/	Try to {reboot} your computer.
refine	tozalamoq, takomillashtirmoq	v	/rɪˈfaɪn/	We need to {refine} the design.
refinery	neftni qayta ishlash zavodi	n	/rɪˈfaɪnəri/	The oil {refinery} employs a thousand workers.
semiconductor	yarimo'tkazgich	n	/ˌsemikənˈdʌktə/	There is a global {semiconductor} shortage.
silicon	kremniy	n	/ˈsɪlɪkən/	Computer chips are made of {silicon}.
singularity	singulyarlik	n	/ˌsɪŋɡjuˈlærəti/	Some believe AI will reach a {singularity}.
solar flare	quyosh chaqnashi	phrase	/ˌsəʊlə ˈfleə/	A {solar flare} can damage satellites.
sonic	tovush	adj	/ˈsɒnɪk/	The plane broke the {sonic} barrier.
sterilise	sterillamoq	v	/ˈsterəlaɪz/	Nurses {sterilise} the instruments after each use.
supersonic	tovushdan tez	adj	/ˌsuːpəˈsɒnɪk/	Concorde was a {supersonic} plane.
symbiosis	simbioz	n	/ˌsɪmbaɪˈəʊsɪs/	The two species live in {symbiosis}.
synthesise	sintez qilmoq	v	/ˈsɪnθəsaɪz/	Chemists can {synthesise} the drug in a lab.
thermostat	termostat	n	/ˈθɜːməstæt/	Turn down the {thermostat} to save energy.
transistor	tranzistor	n	/trænˈzɪstə/	The {transistor} changed electronics forever.
transmitter	uzatgich	n	/trænzˈmɪtə/	The radio {transmitter} is on the hill.
zero gravity	vaznsizlik	phrase	/ˌzɪərəʊ ˈɡrævəti/	Astronauts float in {zero gravity}.
cyberspace	kibermakon	n	/ˈsaɪbəspeɪs/	Rumours spread fast in {cyberspace}.
bot	bot	n	/bɒt/	A {bot} answered my questions on the website.
crowdsourcing	kraudsorsing	n	/ˈkraʊdsɔːsɪŋ/	The map was created through {crowdsourcing}.
digital native	raqamli muhitda ulg'aygan	phrase	/ˌdɪdʒɪtl ˈneɪtɪv/	My daughter is a {digital native}.
gizmo	moslama	n	/ˈɡɪzməʊ/	He loves every new {gizmo} on the market.
interoperability	o'zaro moslik	n	/ˌɪntərˌɒpərəˈbɪləti/	{Interoperability} between the systems is poor.
keystroke	klavish bosilishi	n	/ˈkiːstrəʊk/	The spyware recorded every {keystroke}.
metadata	metama'lumotlar	n	/ˈmetədeɪtə/	The photo's {metadata} shows where it was taken.
mainframe	asosiy katta kompyuter	n	/ˈmeɪnfreɪm/	The bank still uses an old {mainframe}.
phishing	fishing (aldov xatlar)	n	/ˈfɪʃɪŋ/	Be careful of {phishing} emails.
ransomware	tovlamachi dastur	n	/ˈrænsəmweə/	{Ransomware} locked all the hospital's files.
tech giant	texnologiya giganti	phrase	/ˈtek dʒaɪənt/	Another {tech giant} bought the start-up.
geek	kompyuter muxlisi	n	/ɡiːk/	He is a computer {geek}.
wireless charging	simsiz quvvatlash	phrase	/ˌwaɪələs ˈtʃɑːdʒɪŋ/	The new phone supports {wireless charging}.
smart home	aqlli uy	phrase	/ˌsmɑːt ˈhəʊm/	In a {smart home}, you can control lights with your voice.
driverless	haydovchisiz	adj	/ˈdraɪvələs/	{Driverless} taxis are being tested in some cities.
futuristic	futuristik	adj	/ˌfjuːtʃəˈrɪstɪk/	The building has a {futuristic} design.
technophobe	texnologiyadan qo'rquvchi	n	/ˈteknəfəʊb/	My grandfather is a {technophobe} and hates computers.
early adopter	yangilikni birinchilardan qabul qiluvchi	phrase	/ˌɜːli əˈdɒptə/	He is an {early adopter} of every new gadget.
user-generated	foydalanuvchilar yaratgan	adj	/ˌjuːzə ˈdʒenəreɪtɪd/	The site relies on {user-generated} content.
payload	foydali yuk	n	/ˈpeɪləʊd/	The rocket carried a {payload} of three satellites.
countdown	teskari sanoq	n	/ˈkaʊntdaʊn/	The {countdown} to the launch has begun.
# Stage 9: medicine, body and mind
acute	o'tkir	adj	/əˈkjuːt/	He was taken to hospital with {acute} pain.
adrenaline	adrenalin	n	/əˈdrenəlɪn/	I felt a rush of {adrenaline} before the race.
affliction	dard, azob	n	/əˈflɪkʃn/	Blindness was a terrible {affliction} for the old poet.
anaemia	kamqonlik	n	/əˈniːmiə/	Iron tablets can treat {anaemia}.
anaesthesia	anesteziya, og'riqsizlantirish	n	/ˌænəsˈθiːziə/	The operation was done under general {anaesthesia}.
anorexia	anoreksiya	n	/ˌænəˈreksiə/	She was treated for {anorexia} as a teenager.
antiseptic	antiseptik	n	/ˌæntiˈseptɪk/	Clean the cut with {antiseptic}.
bacterial	bakterial	adj	/bækˈtɪəriəl/	Antibiotics treat {bacterial} infections.
cardiologist	kardiolog	n	/ˌkɑːdiˈɒlədʒɪst/	He was sent to a {cardiologist} for tests.
carcinogen	kanserogen	n	/kɑːˈsɪnədʒən/	Tobacco smoke contains more than one {carcinogen}.
carcinogenic	saraton keltirib chiqaruvchi	adj	/ˌkɑːsɪnəˈdʒenɪk/	Some chemicals are {carcinogenic}.
cataract	katarakta	n	/ˈkætərækt/	My grandmother had an operation on her {cataract}.
clinician	klinitsist shifokor	n	/klɪˈnɪʃn/	Every {clinician} must follow the guidelines.
congenital	tug'ma	adj	/kənˈdʒenɪtl/	The baby was born with a {congenital} heart problem.
contagion	yuqumli kasallik tarqalishi	n	/kənˈteɪdʒən/	The risk of {contagion} is high in crowded places.
convalesce	sog'ayib ketmoq	v	/ˌkɒnvəˈles/	She went to the countryside to {convalesce}.
convalescence	sog'ayish davri	n	/ˌkɒnvəˈlesns/	His {convalescence} took three months.
debilitating	holsizlantiruvchi	adj	/dɪˈbɪlɪteɪtɪŋ/	She suffers from a {debilitating} illness.
degenerative	degenerativ, asta yomonlashuvchi	adj	/dɪˈdʒenərətɪv/	Arthritis is a {degenerative} disease.
delirium	alahlash	n	/dɪˈlɪriəm/	The high fever caused {delirium}.
delusion	xom xayol, vasvasa	n	/dɪˈluːʒn/	He suffers from the {delusion} that he is famous.
dermatologist	dermatolog	n	/ˌdɜːməˈtɒlədʒɪst/	See a {dermatologist} about that rash.
diabetic	qandli diabet bilan og'rigan	adj	/ˌdaɪəˈbetɪk/	My father is {diabetic} and can't eat sweets.
dialysis	dializ	n	/daɪˈæləsɪs/	He needs {dialysis} three times a week.
dosage	doza miqdori	n	/ˈdəʊsɪdʒ/	Follow the recommended {dosage}.
embryo	embrion	n	/ˈembriəʊ/	The {embryo} develops for nine months.
endemic	mahalliy (kasallik)	adj	/enˈdemɪk/	Malaria is {endemic} in parts of Africa.
epilepsy	epilepsiya	n	/ˈepɪlepsi/	She takes medicine to control her {epilepsy}.
excruciating	o'ta qattiq (og'riq)	adj	/ɪkˈskruːʃieɪtɪŋ/	The pain in his back was {excruciating}.
gastric	oshqozon	adj	/ˈɡæstrɪk/	He had {gastric} problems after the trip.
geriatric	keksalar bilan bog'liq	adj	/ˌdʒeriˈætrɪk/	She works in a {geriatric} hospital.
haemorrhage	qon ketish	n	/ˈhemərɪdʒ/	He died of a brain {haemorrhage}.
hallucinate	gallyutsinatsiya ko'rmoq	v	/həˈluːsɪneɪt/	The fever made him {hallucinate}.
hallucination	gallyutsinatsiya	n	/həˌluːsɪˈneɪʃn/	The drug can cause {hallucination}.
hypertension	gipertoniya	n	/ˌhaɪpəˈtenʃn/	Salt can make {hypertension} worse.
hypothermia	o'ta sovuq qotish	n	/ˌhaɪpəʊˈθɜːmiə/	The climbers were treated for {hypothermia}.
incision	kesik (jarrohlikda)	n	/ɪnˈsɪʒn/	The surgeon made a small {incision}.
incubation period	yashirin davr	phrase	/ˌɪŋkjuˈbeɪʃn pɪəriəd/	The {incubation period} of the virus is five days.
infertile	bepusht, hosilsiz	adj	/ɪnˈfɜːtaɪl/	The land became {infertile} after years of drought.
ingest	yutmoq, qabul qilmoq	v	/ɪnˈdʒest/	Children can {ingest} poison by accident.
inoculate	emlamoq	v	/ɪˈnɒkjuleɪt/	Doctors {inoculate} children against measles.
insulin	insulin	n	/ˈɪnsjəlɪn/	Diabetics may need {insulin} injections.
intravenous	vena ichiga	adj	/ˌɪntrəˈviːnəs/	He was given {intravenous} fluids.
invasive	invaziv, ichkariga kiruvchi	adj	/ɪnˈveɪsɪv/	The new treatment is less {invasive} than surgery.
lesion	shikast, jarohat	n	/ˈliːʒn/	The scan showed a small {lesion} on the brain.
lethargic	sust, lanj	adj	/ləˈθɑːdʒɪk/	The heat made everyone {lethargic}.
lethargy	lanjlik	n	/ˈleθədʒi/	Symptoms include fever and {lethargy}.
ligament	pay, bog'lam	n	/ˈlɪɡəmənt/	He tore a {ligament} in his knee.
malady	xastalik	n	/ˈmælədi/	Loneliness is a modern {malady}.
malaise	loxaslik, umumiy tushkunlik	n	/məˈleɪz/	There is a general {malaise} in the economy.
malnourished	to'yib ovqatlanmagan	adj	/ˌmælˈnʌrɪʃt/	Many children in the camp are {malnourished}.
medic	tibbiyot xodimi	n	/ˈmedɪk/	An army {medic} treated the wounded soldier.
microbe	mikrob	n	/ˈmaɪkrəʊb/	A {microbe} is too small to see with the eye.
neurological	nevrologik	adj	/ˌnjʊərəˈlɒdʒɪkl/	Parkinson's is a {neurological} disorder.
neurologist	nevrolog	n	/njʊəˈrɒlədʒɪst/	The {neurologist} examined his reflexes.
nutritionist	dietolog	n	/njuˈtrɪʃənɪst/	A {nutritionist} planned her diet.
oncologist	onkolog	n	/ɒŋˈkɒlədʒɪst/	The {oncologist} explained the treatment options.
orthopaedic	ortopedik	adj	/ˌɔːθəˈpiːdɪk/	She saw an {orthopaedic} surgeon about her hip.
paediatric	pediatrik	adj	/ˌpiːdiˈætrɪk/	He works in a {paediatric} ward.
paediatrician	pediatr	n	/ˌpiːdiəˈtrɪʃn/	Take the baby to a {paediatrician}.
palliative	yengillashtiruvchi (davolash)	adj	/ˈpæliətɪv/	She is receiving {palliative} care.
pathogen	patogen	n	/ˈpæθədʒən/	The {pathogen} spreads through water.
pathology	patologiya	n	/pəˈθɒlədʒi/	The {pathology} report came back clear.
physiological	fiziologik	adj	/ˌfɪziəˈlɒdʒɪkl/	Stress has {physiological} effects on the body.
plague	vabo, o'lat	n	/pleɪɡ/	The {plague} killed millions in the Middle Ages.
post-mortem	o'likni yorib tekshirish	n	/ˌpəʊst ˈmɔːtəm/	A {post-mortem} showed he died of a heart attack.
psychosis	psixoz	n	/saɪˈkəʊsɪs/	Some drugs can trigger {psychosis}.
psychotic	psixotik	adj	/saɪˈkɒtɪk/	The patient had a {psychotic} episode.
rabies	quturish kasalligi	n	/ˈreɪbiːz/	Dogs are vaccinated against {rabies}.
recuperate	o'zini tiklamoq	v	/rɪˈkuːpəreɪt/	He went home to {recuperate} after the operation.
rehabilitate	reabilitatsiya qilmoq	v	/ˌriːəˈbɪlɪteɪt/	The clinic helps to {rehabilitate} injured athletes.
resuscitate	hayotga qaytarmoq (reanimatsiya)	v	/rɪˈsʌsɪteɪt/	Doctors tried to {resuscitate} the patient.
sanitation	sanitariya	n	/ˌsænɪˈteɪʃn/	Poor {sanitation} spreads disease.
sedative	tinchlantiruvchi dori	n	/ˈsedətɪv/	The doctor gave her a {sedative}.
seizure	tutqanoq	n	/ˈsiːʒə/	He had a {seizure} and fell to the floor.
sepsis	sepsis, qon zaharlanishi	n	/ˈsepsɪs/	{Sepsis} can be deadly if not treated quickly.
spasm	spazm, tomir tortishi	n	/ˈspæzəm/	He had a muscle {spasm} in his back.
stethoscope	stetoskop	n	/ˈsteθəskəʊp/	The doctor listened to my chest with a {stethoscope}.
stimulant	stimulyator	n	/ˈstɪmjələnt/	Coffee is a mild {stimulant}.
toxin	toksin, zahar	n	/ˈtɒksɪn/	The body removes every {toxin} through the liver.
tranquilliser	trankvilizator	n	/ˈtræŋkwəlaɪzə/	The vet used a {tranquilliser} on the bear.
triage	triaj (bemorlarni saralash)	n	/ˈtriːɑːʒ/	Nurses do {triage} in the emergency room.
tuberculosis	sil kasalligi	n	/tjuːˌbɜːkjuˈləʊsɪs/	{Tuberculosis} is still common in some countries.
ventilator	sun'iy nafas apparati	n	/ˈventɪleɪtə/	The patient is on a {ventilator}.
virology	virusologiya	n	/vaɪˈrɒlədʒi/	She is a professor of {virology}.
virulent	xavfli, tez tarqaluvchi	adj	/ˈvɪrələnt/	A {virulent} strain of flu is spreading.
wean	ko'krakdan ajratmoq; odatdan chiqarmoq	v	/wiːn/	It's hard to {wean} yourself off sugar.
wholesome	foydali, sog'lom	adj	/ˈhəʊlsəm/	The children need {wholesome} food.
bipolar disorder	bipolyar buzilish	phrase	/baɪˌpəʊlə dɪsˈɔːdə/	He was diagnosed with {bipolar disorder}.
psychosomatic	psixosomatik	adj	/ˌsaɪkəʊsəˈmætɪk/	Doctors think her pain is {psychosomatic}.
cardiovascular	yurak-qon tomir	adj	/ˌkɑːdiəʊˈvæskjələ/	Running is good for {cardiovascular} health.
metabolic	metabolik	adj	/ˌmetəˈbɒlɪk/	Diabetes is a {metabolic} disorder.
terminally ill	davosiz kasal	phrase	/ˌtɜːmɪnəli ˈɪl/	The hospice cares for the {terminally ill}.
life support	hayotni ta'minlash apparati	phrase	/ˈlaɪf səpɔːt/	He was on {life support} for a week.
bedside manner	bemorga muomala	phrase	/ˈbedsaɪd mænə/	The young doctor has a good {bedside manner}.
second opinion	boshqa shifokor fikri	phrase	/ˌsekənd əˈpɪnjən/	You should get a {second opinion} before the surgery.
clean bill of health	sog'lomlik haqida xulosa	phrase	/ˌkliːn bɪl əv ˈhelθ/	The doctor gave him a {clean bill of health}.
post-traumatic	jarohatdan keyingi	adj	/ˌpəʊst trɔːˈmætɪk/	The soldiers suffered from {post-traumatic} stress.
pathologist	patolog	n	/pəˈθɒlədʒɪst/	The {pathologist} examined the tissue sample.
sedate	tinchlantiruvchi dori bermoq	v	/sɪˈdeɪt/	The nurses had to {sedate} the frightened patient.
# Stage 10: environment and the natural world
acidification	kislotalanish	n	/əˌsɪdɪfɪˈkeɪʃn/	Ocean {acidification} is killing coral reefs.
afforestation	o'rmon barpo etish	n	/əˌfɒrɪˈsteɪʃn/	The {afforestation} project planted a million trees.
agrarian	agrar, qishloq xo'jaligiga oid	adj	/əˈɡreəriən/	Uzbekistan was once a mainly {agrarian} society.
alluvial	allyuvial (daryo yotqiziqli)	adj	/əˈluːviəl/	The valley has rich {alluvial} soil.
aquatic	suv (hayvon, o'simlik)	adj	/əˈkwætɪk/	The lake is home to many {aquatic} plants.
arable	haydaladigan (yer)	adj	/ˈærəbl/	Only a small part of the country is {arable} land.
atmospheric	atmosfera; kayfiyat beruvchi	adj	/ˌætməsˈferɪk/	Scientists measure {atmospheric} pressure.
biomass	biomassa	n	/ˈbaɪəʊmæs/	The power station burns {biomass}.
biome	biom	n	/ˈbaɪəʊm/	The desert is a harsh {biome}.
blight	o'simlik kasalligi; ofat	n	/blaɪt/	The potato {blight} caused a famine.
canopy	o'rmon soyaboni	n	/ˈkænəpi/	Monkeys live high in the forest {canopy}.
carnivore	yirtqich (go'shtxo'r)	n	/ˈkɑːnɪvɔː/	The lion is a {carnivore}.
herbivore	o'txo'r	n	/ˈhɜːbɪvɔː/	The cow is a {herbivore}.
omnivore	hamma narsaxo'r	n	/ˈɒmnɪvɔː/	The bear is an {omnivore}.
carrying capacity	sig'imlilik (ekotizim)	phrase	/ˈkæriɪŋ kəpæsəti/	The island has reached its {carrying capacity}.
climatic	iqlimiy	adj	/klaɪˈmætɪk/	The region faces extreme {climatic} conditions.
conifer	ignabargli daraxt	n	/ˈkɒnɪfə/	The pine is a {conifer}.
coniferous	ignabargli	adj	/kəˈnɪfərəs/	Much of Siberia is covered by {coniferous} forest.
deciduous	barg to'kuvchi	adj	/dɪˈsɪdjuəs/	Oak is a {deciduous} tree.
deluge	to'fon, sel	n	/ˈdeljuːdʒ/	The {deluge} flooded the whole valley.
desolate	huvillagan, kimsasiz	adj	/ˈdesələt/	The village was {desolate} after everyone left.
encroach	bostirib kirmoq (asta-sekin)	v	/ɪnˈkrəʊtʃ/	New houses {encroach} on farmland.
encroachment	bostirib kirish	n	/ɪnˈkrəʊtʃmənt/	The {encroachment} of the desert threatens villages.
estuary	daryo quyilish joyi	n	/ˈestʃuəri/	Birds feed in the {estuary}.
evergreen	doim yashil	adj	/ˈevəɡriːn/	The garden is full of {evergreen} bushes.
foliage	barglar	n	/ˈfəʊliɪdʒ/	The autumn {foliage} was red and gold.
forage	em-xashak izlamoq	v	/ˈfɒrɪdʒ/	Bears {forage} for berries in the forest.
fracking	gidravlik yorish	n	/ˈfrækɪŋ/	{Fracking} is banned in some countries.
greenery	ko'kalamzorlik	n	/ˈɡriːnəri/	The city needs more {greenery}.
indigenous	mahalliy, tub	adj	/ɪnˈdɪdʒənəs/	The tulip is {indigenous} to Central Asia.
inhospitable	yashash uchun noqulay	adj	/ˌɪnhɒˈspɪtəbl/	The desert is an {inhospitable} place.
insecticide	insektitsid	n	/ɪnˈsektɪsaɪd/	The farmer sprayed {insecticide} on the crops.
lush	serob, yam-yashil	adj	/lʌʃ/	The valley is {lush} and green in spring.
marshland	botqoqli yer	n	/ˈmɑːʃlænd/	Birds nest in the {marshland}.
meteorological	meteorologik	adj	/ˌmiːtiərəˈlɒdʒɪkl/	The {meteorological} office issued a storm warning.
microclimate	mikroiqlim	n	/ˈmaɪkrəʊklaɪmət/	The valley has its own {microclimate}.
migratory	ko'chib yuruvchi	adj	/ˈmaɪɡrətri/	The lake is an important stop for {migratory} birds.
mitigation	yumshatish	n	/ˌmɪtɪˈɡeɪʃn/	Flood {mitigation} includes building walls.
monoculture	monokultura	n	/ˈmɒnəʊkʌltʃə/	Cotton {monoculture} damaged the soil.
native species	mahalliy tur	phrase	/ˌneɪtɪv ˈspiːʃiːz/	The park protects {native species}.
nocturnal	tungi	adj	/nɒkˈtɜːnl/	Owls are {nocturnal} birds.
nomadic	ko'chmanchi	adj	/nəʊˈmædɪk/	The Kazakhs were once a {nomadic} people.
overgrazing	haddan tashqari boqish	n	/ˌəʊvəˈɡreɪzɪŋ/	{Overgrazing} turned the pasture into desert.
parched	qaqragan	adj	/pɑːtʃt/	The {parched} land needs rain.
pastoral	chorvachilik; qishloqqa xos	adj	/ˈpɑːstərəl/	The painting shows a {pastoral} scene.
perennial	ko'p yillik	adj	/pəˈreniəl/	Lavender is a {perennial} plant.
plankton	plankton	n	/ˈplæŋktən/	Whales feed on {plankton}.
pollinator	changlatuvchi	n	/ˈpɒləneɪtə/	The bee is the most important {pollinator}.
predatory	yirtqich	adj	/ˈpredətri/	Eagles are {predatory} birds.
ravage	vayron qilmoq	v	/ˈrævɪdʒ/	Wildfires {ravage} the forests every summer.
reef	rif	n	/riːf/	Divers explored the coral {reef}.
reclaim	qaytarib olmoq; o'zlashtirmoq (yer)	v	/rɪˈkleɪm/	The Dutch {reclaim} land from the sea.
replenish	to'ldirmoq	v	/rɪˈplenɪʃ/	Rain will {replenish} the reservoirs.
runoff	oqava suv	n	/ˈrʌnɒf/	Farm {runoff} pollutes the river.
salinity	sho'rlik	n	/səˈlɪnəti/	The {salinity} of the Aral Sea has increased.
scavenger	o'laksaxo'r	n	/ˈskævɪndʒə/	The vulture is a {scavenger}.
sediment	cho'kindi	n	/ˈsedɪmənt/	The river carries {sediment} to the sea.
silt	loyqa, lyoss	n	/sɪlt/	The dam is filling with {silt}.
spawn	uvildiriq tashlamoq	v	/spɔːn/	Salmon return to the river to {spawn}.
sprawling	keng yoyilgan	adj	/ˈsprɔːlɪŋ/	Tashkent is a {sprawling} city.
subterranean	yer osti	adj	/ˌsʌbtəˈreɪniən/	The cave has a {subterranean} lake.
sustainably	barqaror tarzda	adv	/səˈsteɪnəbli/	The fish are caught {sustainably}.
topsoil	tuproqning yuqori qatlami	n	/ˈtɒpsɔɪl/	Wind blew away the {topsoil}.
torrential	sharros (yomg'ir)	adj	/təˈrenʃl/	{Torrential} rain caused flooding.
tundra	tundra	n	/ˈtʌndrə/	Reindeer live in the {tundra}.
undergrowth	butazor	n	/ˈʌndəɡrəʊθ/	A rabbit ran into the {undergrowth}.
untamed	yovvoyi, qo'lga o'rgatilmagan	adj	/ˌʌnˈteɪmd/	The mountains are wild and {untamed}.
volcanic	vulqon	adj	/vɒlˈkænɪk/	The island is made of {volcanic} rock.
water table	yer osti suvi sathi	phrase	/ˈwɔːtə teɪbl/	The {water table} has fallen because of over-pumping.
watershed	suvayirg'ich; burilish nuqtasi	n	/ˈwɔːtəʃed/	1991 was a {watershed} in the country's history.
windswept	shamol esib turadigan	adj	/ˈwɪndswept/	We walked along the {windswept} beach.
woodland	o'rmonzor	n	/ˈwʊdlənd/	The house is surrounded by {woodland}.
carbon sink	uglerod yutuvchi	phrase	/ˈkɑːbən sɪŋk/	Forests act as a {carbon sink}.
climate crisis	iqlim inqirozi	phrase	/ˈklaɪmət kraɪsɪs/	Young people are protesting about the {climate crisis}.
ecological footprint	ekologik iz	phrase	/ˌiːkəlɒdʒɪkl ˈfʊtprɪnt/	Rich countries have a larger {ecological footprint}.
keystone species	asosiy tur (ekotizimda)	phrase	/ˌkiːstəʊn ˈspiːʃiːz/	The wolf is a {keystone species}.
sea ice	dengiz muzi	phrase	/ˈsiː aɪs/	Polar bears hunt on the {sea ice}.
tipping point	burilish nuqtasi	phrase	/ˈtɪpɪŋ pɔɪnt/	Scientists fear we are near a climate {tipping point}.
overexploitation	haddan ortiq ekspluatatsiya	n	/ˌəʊvərˌeksplɔɪˈteɪʃn/	{Overexploitation} has emptied the fishing grounds.
compostable	kompostga aylanadigan	adj	/ˈkɒmpɒstəbl/	The cups are made of {compostable} material.
upcycle	qayta ishlab yangi buyum yasamoq	v	/ˈʌpsaɪkl/	She likes to {upcycle} old furniture.
greenwashing	soxta ekologiklik reklamasi	n	/ˈɡriːnwɒʃɪŋ/	The oil company was accused of {greenwashing}.
eco-anxiety	ekologik xavotir	n	/ˌiːkəʊ æŋˈzaɪəti/	Many teenagers suffer from {eco-anxiety}.
off-grid	markaziy tarmoqdan tashqarida	adj	/ˌɒf ˈɡrɪd/	They live in an {off-grid} cabin in the mountains.
dust storm	chang bo'roni	phrase	/ˈdʌst stɔːm/	A {dust storm} blew across the desert.
salt flat	sho'rxok	phrase	/ˈsɔːlt flæt/	The dried seabed became a {salt flat}.
shoreline	qirg'oq chizig'i	n	/ˈʃɔːlaɪn/	The {shoreline} has moved a hundred kilometres.
flood plain	suv bosadigan tekislik	phrase	/ˈflʌd pleɪn/	The village is built on a {flood plain}.
pristine	musaffo, buzilmagan	adj	/ˈprɪstiːn/	The beach was {pristine} and empty.
unspoilt	buzilmagan (tabiat)	adj	/ˌʌnˈspɔɪlt/	The valley is still {unspoilt} by tourism.
hibernation	qishki uyqu	n	/ˌhaɪbəˈneɪʃn/	Bears come out of {hibernation} in spring.
camouflage	niqoblanish	n	/ˈkæməflɑːʒ/	The lizard uses {camouflage} to hide.
ecologically	ekologik jihatdan	adv	/ˌiːkəˈlɒdʒɪkli/	The area is {ecologically} sensitive.
biodegrade	tabiiy parchalanmoq	v	/ˌbaɪəʊdɪˈɡreɪd/	Plastic takes centuries to {biodegrade}.
landscaping	obodonlashtirish	n	/ˈlændskeɪpɪŋ/	The {landscaping} of the park took a year.
ozone depletion	ozon qatlamining yemirilishi	phrase	/ˈəʊzəʊn dɪpliːʃn/	{Ozone depletion} increases skin cancer.
drought-stricken	qurg'oqchilikdan aziyat chekkan	adj	/ˈdraʊt strɪkən/	Aid was sent to {drought-stricken} villages.
ecologist	ekolog (olim)	n	/iˈkɒlədʒɪst/	An {ecologist} studied the effects of the dam.
fertile ground	qulay zamin	phrase	/ˌfɜːtaɪl ˈɡraʊnd/	Poverty is {fertile ground} for extremism.
biodiverse	biologik xilma-xil	adj	/ˌbaɪəʊdaɪˈvɜːs/	The mountains are among the most {biodiverse} areas in Asia.
# Stage 11: arts, literature and culture
aesthetics	estetika	n	/iːsˈθetɪks/	The book is about the {aesthetics} of Islamic architecture.
anachronism	anaxronizm	n	/əˈnækrənɪzəm/	A wristwatch in a film about Temur is an {anachronism}.
antagonist	antagonist, raqib qahramon	n	/ænˈtæɡənɪst/	The {antagonist} of the story is the hero's own brother.
archetype	arxetip, namuna	n	/ˈɑːkitaɪp/	He is the {archetype} of the lonely detective.
arthouse	badiiy (kino)	adj	/ˈɑːthaʊs/	She prefers {arthouse} films to blockbusters.
artistry	san'atkorlik, mahorat	n	/ˈɑːtɪstri/	The {artistry} of the carpet is breathtaking.
baroque	barokko	adj	/bəˈrɒk/	The church has a {baroque} interior.
bohemian	erkin hayot tarzli	adj	/bəʊˈhiːmiən/	She lives a {bohemian} life in Paris.
canon	kanon, mumtoz asarlar	n	/ˈkænən/	Navoi's poems are part of the literary {canon}.
catharsis	katarsis, ruhiy poklanish	n	/kəˈθɑːsɪs/	Writing about the war was a {catharsis} for him.
choreographer	xoreograf	n	/ˌkɒriˈɒɡrəfə/	The {choreographer} designed every dance.
chronicle	solnoma	n	/ˈkrɒnɪkl/	The book is a {chronicle} of village life.
cinematic	kinematografik	adj	/ˌsɪnəˈmætɪk/	The novel has a {cinematic} quality.
climactic	avj nuqtaga oid	adj	/klaɪˈmæktɪk/	The {climactic} battle takes place in the snow.
coming-of-age	voyaga yetish haqidagi	adj	/ˌkʌmɪŋ əv ˈeɪdʒ/	It is a {coming-of-age} story about a village boy.
denouement	yechim (syujetda)	n	/deɪˈnuːmɒ̃/	The {denouement} of the play was surprising.
dystopia	distopiya	n	/dɪsˈtəʊpiə/	The novel describes a {dystopia} ruled by machines.
dystopian	distopik	adj	/dɪsˈtəʊpiən/	"1984" is a {dystopian} novel.
utopia	utopiya	n	/juːˈtəʊpiə/	He dreamed of creating a {utopia}.
utopian	utopik	adj	/juːˈtəʊpiən/	Their {utopian} plans never worked.
eclectic	eklektik, xilma-xil	adj	/ɪˈklektɪk/	She has {eclectic} taste in music.
elegy	marsiya	n	/ˈelədʒi/	The poet wrote an {elegy} for his friend.
encore	takror ijro (tomoshabin talabi bilan)	n	/ˈɒŋkɔː/	The band came back for an {encore}.
eponymous	nomdosh	adj	/ɪˈpɒnɪməs/	The band's {eponymous} first album was a hit.
epoch	davr	n	/ˈiːpɒk/	The invention of printing began a new {epoch}.
ethos	ruh, g'oyaviy asos	n	/ˈiːθɒs/	The school's {ethos} is kindness and hard work.
evocative	yodga soluvchi, ta'sirli	adj	/ɪˈvɒkətɪv/	The music is {evocative} of the desert.
foreshadow	oldindan ishora qilmoq	v	/fɔːˈʃædəʊ/	The storm seems to {foreshadow} the tragedy.
gothic	gotik	adj	/ˈɡɒθɪk/	The cathedral is built in {gothic} style.
grotesque	g'ayritabiiy, xunuk	adj	/ɡrəʊˈtesk/	The mask had a {grotesque} face.
idyllic	idillik, osoyishta go'zal	adj	/ɪˈdɪlɪk/	They spent the summer in an {idyllic} village.
impressionism	impressionizm	n	/ɪmˈpreʃənɪzəm/	Monet was a leader of {impressionism}.
lyrical	lirik	adj	/ˈlɪrɪkl/	The film is {lyrical} and beautiful.
magnum opus	eng buyuk asar	phrase	/ˌmæɡnəm ˈəʊpəs/	"Khamsa" is Navoi's {magnum opus}.
melodrama	melodrama	n	/ˈmelədrɑːmə/	The film was pure {melodrama}.
melodramatic	melodramatik, bo'rttirilgan	adj	/ˌmelədrəˈmætɪk/	Don't be so {melodramatic} — it's only a scratch.
minimalist	minimalistik	adj	/ˈmɪnɪməlɪst/	The flat has a {minimalist} design.
modernism	modernizm	n	/ˈmɒdənɪzəm/	The museum has a collection of early {modernism}.
montage	montaj	n	/ˈmɒntɑːʒ/	The film opens with a {montage} of old photos.
muse	ilhom manbai	n	/mjuːz/	She was the painter's {muse}.
narrate	hikoya qilmoq	v	/nəˈreɪt/	A famous actor will {narrate} the documentary.
novella	qissa	n	/nəˈvelə/	The {novella} can be read in an afternoon.
ode	qasida, oda	n	/əʊd/	The poet wrote an {ode} to the city.
oeuvre	ijod, asarlar majmui	n	/ˈɜːvrə/	This film is the best in the director's {oeuvre}.
ornate	bezakli, naqshinkor	adj	/ɔːˈneɪt/	The palace has {ornate} ceilings.
pastiche	taqlid asar	n	/pæˈstiːʃ/	The novel is a {pastiche} of Victorian fiction.
pathos	pafos, qalbni ezuvchi his	n	/ˈpeɪθɒs/	The play is full of {pathos}.
patronage	homiylik	n	/ˈpætrənɪdʒ/	Artists depended on the {patronage} of rulers.
persona	obraz, niqob	n	/pəˈsəʊnə/	His public {persona} is very different from the real man.
plot twist	syujet burilishi	phrase	/ˈplɒt twɪst/	The film has a brilliant {plot twist} at the end.
poetic	she'riy	adj	/pəʊˈetɪk/	She writes in a {poetic} style.
postmodern	postmodern	adj	/ˌpəʊstˈmɒdn/	The building is a {postmodern} design.
realism	realizm	n	/ˈriːəlɪzəm/	The novel is praised for its {realism}.
reprise	qayta ijro etmoq	v	/rɪˈpriːz/	The actor will {reprise} his role in the sequel.
romanticism	romantizm	n	/rəʊˈmæntɪsɪzəm/	Byron was a key figure of {romanticism}.
sonnet	sonet	n	/ˈsɒnɪt/	Shakespeare wrote a famous {sonnet} about summer.
stanza	band (she'rda)	n	/ˈstænzə/	The poem has four lines in each {stanza}.
subplot	ikkinchi darajali syujet	n	/ˈsʌbplɒt/	The romantic {subplot} is the best part of the film.
subtext	yashirin ma'no	n	/ˈsʌbtekst/	The {subtext} of the play is political.
surreal	syurreal, g'ayritabiiy	adj	/səˈrɪəl/	Meeting the president was a {surreal} experience.
surrealism	syurrealizm	n	/səˈrɪəlɪzəm/	Dalí is famous for {surrealism}.
symbolic	ramziy	adj	/sɪmˈbɒlɪk/	The white dove is {symbolic} of peace.
tragicomedy	tragikomediya	n	/ˌtrædʒiˈkɒmədi/	The film is a {tragicomedy} about a failing family business.
understated	oddiy, jimjitgina (did bilan)	adj	/ˌʌndəˈsteɪtɪd/	She wore an {understated} black dress.
vignette	qisqa lavha	n	/vɪnˈjet/	Each chapter is a short {vignette} of village life.
virtuosity	virtuozlik	n	/ˌvɜːtʃuˈɒsəti/	The pianist's {virtuosity} amazed the audience.
whodunnit	detektiv asar	n	/ˌhuːˈdʌnɪt/	I love a good {whodunnit}.
alliteration	alliteratsiya	n	/əˌlɪtəˈreɪʃn/	"Big brown bear" is an example of {alliteration}.
bibliophile	kitobsevar	n	/ˈbɪbliəfaɪl/	As a {bibliophile}, he owns ten thousand books.
biographer	biograf	n	/baɪˈɒɡrəfə/	His {biographer} spent ten years on the book.
blurb	annotatsiya (muqovada)	n	/blɜːb/	Read the {blurb} on the back cover.
bookworm	kitobxon	n	/ˈbʊkwɜːm/	My sister is a real {bookworm}.
curate	tanlab tashkil etmoq (ko'rgazma)	v	/kjʊəˈreɪt/	She was invited to {curate} the new exhibition.
iconography	ikonografiya, ramziy tasvirlar	n	/ˌaɪkəˈnɒɡrəfi/	The {iconography} of the mosque is rich in symbols.
illustrator	rassom (kitob bezovchi)	n	/ˈɪləstreɪtə/	The {illustrator} drew every picture by hand.
kitsch	kich, didsiz san'at	n	/kɪtʃ/	The souvenir shop was full of {kitsch}.
lyricist	qo'shiq matni muallifi	n	/ˈlɪrɪsɪst/	The {lyricist} wrote words for many hit songs.
maestro	maestro	n	/ˈmaɪstrəʊ/	The {maestro} raised his baton.
mosaic	mozaika	n	/məʊˈzeɪɪk/	The floor is covered with a beautiful {mosaic}.
palette	palitra	n	/ˈpælət/	The artist uses a {palette} of warm colours.
recital	yakkaxon konsert	n	/rɪˈsaɪtl/	She gave a piano {recital}.
still life	natyurmort	phrase	/ˌstɪl ˈlaɪf/	He painted a {still life} of fruit and flowers.
storyteller	hikoyachi	n	/ˈstɔːritelə/	My grandfather was a wonderful {storyteller}.
storytelling	hikoya qilish san'ati	n	/ˈstɔːritelɪŋ/	{Storytelling} is an important part of Uzbek culture.
calligrapher	xattot	n	/kəˈlɪɡrəfə/	The {calligrapher} copied the Koran by hand.
weaver	to'quvchi	n	/ˈwiːvə/	The {weaver} made a silk carpet.
bard	baxshi, oqin	n	/bɑːd/	The {bard} sang the epic of Alpomish.
saga	doston, uzoq hikoya	n	/ˈsɑːɡə/	The film is a family {saga} across three generations.
parable	masal, ibratli hikoya	n	/ˈpærəbl/	The teacher told a {parable} about honesty.
cultural appropriation	madaniyatni o'zlashtirish	phrase	/ˌkʌltʃərəl əˌprəʊpriˈeɪʃn/	The designer was accused of {cultural appropriation}.
high culture	yuksak madaniyat	phrase	/ˌhaɪ ˈkʌltʃə/	Opera is seen as {high culture}.
bestselling	eng ko'p sotiladigan	adj	/ˌbestˈselɪŋ/	She is a {bestselling} author.
critically acclaimed	tanqidchilar tomonidan e'tirof etilgan	phrase	/ˌkrɪtɪkli əˈkleɪmd/	The film was {critically acclaimed}.
avid	ishtiyoqmand	adj	/ˈævɪd/	He is an {avid} reader of history.
ghostwriter	yashirin muallif	n	/ˈɡəʊstraɪtə/	The singer's memoir was written by a {ghostwriter}.
limerick	limerik (hazil she'r)	n	/ˈlɪmərɪk/	The children wrote a funny {limerick}.
narration	hikoya qilish, ovoz berish	n	/nəˈreɪʃn/	The film's {narration} is by a famous actor.
philistine	san'atni tushunmaydigan odam	n	/ˈfɪlɪstaɪn/	Only a {philistine} would call this painting ugly.
cultural icon	madaniy timsol	phrase	/ˌkʌltʃərəl ˈaɪkɒn/	The singer became a {cultural icon}.
masterstroke	mohirona harakat	n	/ˈmɑːstəstrəʊk/	Casting an unknown actor was a {masterstroke}.
# Stage 12: society and social issues
alienation	begonalashuv	n	/ˌeɪliəˈneɪʃn/	Many young people feel a sense of {alienation}.
alienate	begonalashtirmoq, o'zidan uzoqlashtirmoq	v	/ˈeɪliəneɪt/	The new rules could {alienate} older voters.
antisocial	jamiyatga zid	adj	/ˌæntiˈsəʊʃl/	The police are tackling {antisocial} behaviour.
assimilate	o'zlashtirmoq; singishmoq	v	/əˈsɪmɪleɪt/	Immigrants often {assimilate} into the local culture.
assimilation	assimilyatsiya	n	/əˌsɪməˈleɪʃn/	{Assimilation} can mean losing your own language.
cohesion	jipslik, birdamlik	n	/kəʊˈhiːʒn/	Sport helps social {cohesion}.
communal	umumiy, jamoaviy	adj	/kəˈmjuːnl/	The flats share a {communal} garden.
conformity	moslashuv, bo'ysunish	n	/kənˈfɔːməti/	The school demands {conformity} in dress.
conformist	konformist	adj	/kənˈfɔːmɪst/	He rejected the {conformist} society of his parents.
cosmopolitan	kosmopolit, turli madaniyatli	adj	/ˌkɒzməˈpɒlɪtən/	Istanbul is a {cosmopolitan} city.
counterculture	kontrmadaniyat	n	/ˈkaʊntəkʌltʃə/	The hippies were part of the 1960s {counterculture}.
deprived	mahrum, kam ta'minlangan	adj	/dɪˈpraɪvd/	The charity works in {deprived} areas.
dispossessed	mulkidan ayrilgan	adj	/ˌdɪspəˈzest/	The war left millions {dispossessed}.
disenchanted	hafsalasi pir bo'lgan	adj	/ˌdɪsɪnˈtʃɑːntɪd/	Voters are {disenchanted} with all the parties.
disparity	tafovut, nomutanosiblik	n	/dɪˈspærəti/	There is a huge {disparity} between rich and poor regions.
emancipation	ozod qilish	n	/ɪˌmænsɪˈpeɪʃn/	The book tells the story of women's {emancipation}.
entrenched	chuqur ildiz otgan	adj	/ɪnˈtrentʃt/	Corruption is deeply {entrenched}.
estrangement	sovuqlashish, uzoqlashish	n	/ɪˈstreɪndʒmənt/	The {estrangement} between father and son lasted years.
ethnicity	etnik mansublik	n	/eθˈnɪsəti/	The form asks about your {ethnicity}.
exclusion	chetlatish	n	/ɪkˈskluːʒn/	Poverty often leads to social {exclusion}.
gentrification	gentrifikatsiya	n	/ˌdʒentrɪfɪˈkeɪʃn/	{Gentrification} pushed poor families out of the area.
gentrify	boylar hududiga aylantirmoq	v	/ˈdʒentrɪfaɪ/	Artists often help to {gentrify} old neighbourhoods.
ghetto	getto	n	/ˈɡetəʊ/	He grew up in a poor {ghetto}.
hierarchical	ierarxik	adj	/ˌhaɪəˈrɑːkɪkl/	Society was strictly {hierarchical}.
homogeneous	bir jinsli	adj	/ˌhɒməˈdʒiːniəs/	The village is ethnically {homogeneous}.
heterogeneous	turli jinsli, xilma-xil	adj	/ˌhetərəˈdʒiːniəs/	The class is a {heterogeneous} group of learners.
inclusive	inklyuziv, hammani qamrovchi	adj	/ɪnˈkluːsɪv/	We want an {inclusive} school.
inclusion	inklyuziya, qamrab olish	n	/ɪnˈkluːʒn/	The policy promotes the {inclusion} of disabled pupils.
inequity	adolatsizlik	n	/ɪnˈekwəti/	The report highlights {inequity} in healthcare.
inner city	shahar markazidagi qashshoq hudud	phrase	/ˌɪnə ˈsɪti/	Crime is high in the {inner city}.
intergenerational	avlodlararo	adj	/ˌɪntəˌdʒenəˈreɪʃənl/	The project encourages {intergenerational} friendships.
marginalisation	chetga surish	n	/ˌmɑːdʒɪnəlaɪˈzeɪʃn/	The {marginalisation} of rural women is a problem.
multiculturalism	multikulturalizm	n	/ˌmʌltiˈkʌltʃərəlɪzəm/	Canada is known for its {multiculturalism}.
norm	me'yor	n	/nɔːm/	Working from home has become the {norm}.
patriarchal	patriarxal	adj	/ˌpeɪtriˈɑːkl/	They live in a {patriarchal} society.
patriarchy	patriarxat	n	/ˈpeɪtriɑːki/	The book is a critique of {patriarchy}.
philanthropic	xayriyaviy	adj	/ˌfɪlənˈθrɒpɪk/	She is famous for her {philanthropic} work.
prejudiced	xurofotli, g'arazli	adj	/ˈpredʒədɪst/	He is {prejudiced} against foreigners.
privileged	imtiyozli	adj	/ˈprɪvəlɪdʒd/	She comes from a {privileged} background.
privilege	imtiyoz	n	/ˈprɪvəlɪdʒ/	Education should be a right, not a {privilege}.
secularism	dunyoviylik	n	/ˈsekjələrɪzəm/	The constitution is based on {secularism}.
segregation	segregatsiya, ajratish	n	/ˌseɡrɪˈɡeɪʃn/	Racial {segregation} was ended in the 1960s.
segregate	ajratmoq	v	/ˈseɡrɪɡeɪt/	Some schools {segregate} boys and girls.
socioeconomic	ijtimoiy-iqtisodiy	adj	/ˌsəʊsiəʊˌiːkəˈnɒmɪk/	Students come from different {socioeconomic} backgrounds.
solidarity	birdamlik	n	/ˌsɒlɪˈdærəti/	Workers showed {solidarity} with the strikers.
stigma	tamg'a, sharmandalik	n	/ˈstɪɡmə/	There is still a {stigma} attached to mental illness.
stigmatise	qoralab tamg'alamoq	v	/ˈstɪɡmətaɪz/	We should not {stigmatise} people who are unemployed.
taboo	taqiq, man qilingan mavzu	n	/təˈbuː/	Money is a {taboo} subject in some families.
underclass	ijtimoiy quyi qatlam	n	/ˈʌndəklɑːs/	The report warns of a growing {underclass}.
upward mobility	ijtimoiy yuksalish	phrase	/ˌʌpwəd məʊˈbɪləti/	Education is the key to {upward mobility}.
vagrant	daydi	n	/ˈveɪɡrənt/	A {vagrant} was sleeping in the park.
benefit fraud	nafaqa firibgarligi	phrase	/ˈbenɪfɪt frɔːd/	He was jailed for {benefit fraud}.
commune	kommuna	n	/ˈkɒmjuːn/	They lived in a {commune} in the countryside.
demographics	demografiya (tarkib)	n	/ˌdeməˈɡræfɪks/	The {demographics} of the city are changing.
deviant	og'ma xulqli	adj	/ˈdiːviənt/	The study looks at {deviant} behaviour in teenagers.
displacement	ko'chirilish	n	/dɪsˈpleɪsmənt/	The war caused mass {displacement}.
domestic violence	oiladagi zo'ravonlik	phrase	/dəˌmestɪk ˈvaɪələns/	The charity helps victims of {domestic violence}.
dysfunctional	nosog'lom, ishlamaydigan	adj	/dɪsˈfʌŋkʃənl/	He grew up in a {dysfunctional} family.
elitism	elitizm	n	/eɪˈliːtɪzəm/	The university was accused of {elitism}.
equal opportunities	teng imkoniyatlar	phrase	/ˌiːkwəl ɒpəˈtjuːnətiz/	The company is committed to {equal opportunities}.
ethnocentric	etnotsentrik	adj	/ˌeθnəʊˈsentrɪk/	The textbook takes an {ethnocentric} view of history.
feminism	feminizm	n	/ˈfemənɪzəm/	The book is a history of {feminism}.
feminist	feminist	n	/ˈfemənɪst/	She was a famous {feminist} of the 1970s.
generational	avlodga oid	adj	/ˌdʒenəˈreɪʃənl/	There is a {generational} divide in attitudes to money.
hate crime	nafrat jinoyati	phrase	/ˈheɪt kraɪm/	The attack is being treated as a {hate crime}.
indoctrinate	miyasiga quymoq (mafkura)	v	/ɪnˈdɒktrɪneɪt/	Cults {indoctrinate} young people.
indoctrination	mafkuraviy tarbiya	n	/ɪnˌdɒktrɪˈneɪʃn/	Schools should teach thinking, not {indoctrination}.
marginal	chetdagi, ahamiyatsiz	adj	/ˈmɑːdʒɪnl/	The changes will have only a {marginal} effect.
misogyny	ayollarga nafrat	n	/mɪˈsɒdʒəni/	The comedian was criticised for {misogyny}.
nuclear family	yadro oila (ota-ona va bolalar)	phrase	/ˌnjuːkliə ˈfæməli/	The {nuclear family} is becoming less common.
orphanage	bolalar uyi	n	/ˈɔːfənɪdʒ/	She grew up in an {orphanage}.
outcast	jamiyatdan chetlatilgan	n	/ˈaʊtkɑːst/	He became an {outcast} after the scandal.
peer group	tengdoshlar guruhi	phrase	/ˈpɪə ɡruːp/	Teenagers want to fit in with their {peer group}.
poverty-stricken	qashshoqlikka botgan	adj	/ˈpɒvəti strɪkən/	The charity works in {poverty-stricken} villages.
safeguard	himoya qilmoq	v	/ˈseɪfɡɑːd/	The law will {safeguard} children's rights.
sexism	jinsiy kamsitish	n	/ˈseksɪzəm/	She spoke out against {sexism} in the workplace.
social worker	ijtimoiy xodim	phrase	/ˈsəʊʃl wɜːkə/	A {social worker} visits the family every week.
squatter	o'zboshimcha joylashib olgan	n	/ˈskwɒtə/	A {squatter} was living in the empty house.
status symbol	obro' belgisi	phrase	/ˈsteɪtəs sɪmbl/	An expensive car is a {status symbol}.
stereotypical	stereotipik	adj	/ˌsteriəˈtɪpɪkl/	The film shows a {stereotypical} image of teenagers.
the haves and have-nots	boylar va kambag'allar	phrase	/ðə ˌhævz ən ˈhæv nɒts/	The gap between {the haves and have-nots} is growing.
unrest	notinchlik	n	/ʌnˈrest/	There is growing social {unrest}.
urban decay	shaharning inqirozi	phrase	/ˌɜːbən dɪˈkeɪ/	The film shows the {urban decay} of Detroit.
volunteerism	ko'ngillilik harakati	n	/ˌvɒlənˈtɪərɪzəm/	The country has a strong tradition of {volunteerism}.
xenophobic	ksenofob	adj	/ˌzenəˈfəʊbɪk/	The party was criticised for its {xenophobic} language.
youth culture	yoshlar madaniyati	phrase	/ˈjuːθ kʌltʃə/	Music is central to {youth culture}.
affluent society	farovon jamiyat	phrase	/ˌæfluənt səˈsaɪəti/	Even in an {affluent society}, many people are poor.
ageism	yoshga qarab kamsitish	n	/ˈeɪdʒɪzəm/	Older workers often face {ageism}.
breadline	qashshoqlik chegarasi	n	/ˈbredlaɪn/	Many pensioners live on the {breadline}.
destitution	o'ta qashshoqlik	n	/ˌdestɪˈtjuːʃn/	The war left thousands in {destitution}.
empowered	imkoniyatli, o'ziga ishongan	adj	/ɪmˈpaʊəd/	Education makes women feel {empowered}.
grassroots movement	quyi darajadagi harakat	phrase	/ˈɡrɑːsruːts muːvmənt/	It started as a {grassroots movement} in the villages.
have-not	kambag'al	n	/ˈhæv nɒt/	The reform helps every {have-not} in society.
mob	olomon, to'da	n	/mɒb/	An angry {mob} gathered outside the court.
social fabric	jamiyat to'qimasi	phrase	/ˌsəʊʃl ˈfæbrɪk/	Unemployment damages the {social fabric}.
socialise	muloqot qilmoq; ijtimoiylashtirmoq	v	/ˈsəʊʃəlaɪz/	Children {socialise} through play.
social ladder	ijtimoiy zinapoya	phrase	/ˌsəʊʃl ˈlædə/	He climbed the {social ladder} quickly.
welfare dependency	nafaqaga qaramlik	phrase	/ˈwelfeə dɪpendənsi/	Critics say the system creates {welfare dependency}.
ostracise	jamiyatdan chetlatmoq	v	/ˈɒstrəsaɪz/	Villagers began to {ostracise} the family.
social cohesion	ijtimoiy birdamlik	phrase	/ˌsəʊʃl kəʊˈhiːʒn/	Festivals strengthen {social cohesion}.
# Stage 13: Advanced verbs
abate	pasaymoq, susaymoq	v	/əˈbeɪt/	We waited for the storm to {abate}.
absolve	gunohdan ozod qilmoq	v	/əbˈzɒlv/	The report does not {absolve} the minister of blame.
accentuate	ta'kidlamoq, bo'rttirmoq	v	/əkˈsentʃueɪt/	The dress helps to {accentuate} her figure.
acclimatise	iqlimga moslashmoq	v	/əˈklaɪmətaɪz/	Climbers need time to {acclimatise} to the altitude.
adorn	bezamoq	v	/əˈdɔːn/	Beautiful tiles {adorn} the walls of the mosque.
aggravate	og'irlashtirmoq; jahlini chiqarmoq	v	/ˈæɡrəveɪt/	Running will only {aggravate} your injury.
allay	bosmoq, kamaytirmoq (xavotirni)	v	/əˈleɪ/	The doctor tried to {allay} her fears.
allot	ajratmoq, taqsimlamoq	v	/əˈlɒt/	Each speaker will {allot} ten minutes to questions.
amass	to'plamoq (katta miqdorda)	v	/əˈmæs/	He managed to {amass} a huge fortune.
annul	bekor qilmoq (nikoh, shartnoma)	v	/əˈnʌl/	The court decided to {annul} the marriage.
appease	tinchlantirmoq, ko'nglini olmoq	v	/əˈpiːz/	The government tried to {appease} the protesters.
apportion	taqsimlamoq	v	/əˈpɔːʃn/	It is hard to {apportion} blame for the accident.
ascertain	aniqlamoq	v	/ˌæsəˈteɪn/	Police are trying to {ascertain} the cause of the fire.
aspire	intilmoq, orzu qilmoq	v	/əˈspaɪə/	Many young people {aspire} to work abroad.
attest	guvohlik bermoq, tasdiqlamoq	v	/əˈtest/	Thousands of fans can {attest} to his talent.
augment	ko'paytirmoq	v	/ɔːɡˈment/	He works nights to {augment} his income.
beckon	imlab chaqirmoq	v	/ˈbekən/	She began to {beckon} us to come closer.
belittle	kamsitmoq	v	/bɪˈlɪtl/	Don't {belittle} her achievements.
bemoan	nolimoq	v	/bɪˈməʊn/	Farmers {bemoan} the lack of rain.
bewilder	gangitib qo'ymoq	v	/bɪˈwɪldə/	The new tax rules {bewilder} small businesses.
broach	gap ochmoq (nozik mavzuda)	v	/brəʊtʃ/	I didn't know how to {broach} the subject.
capitulate	taslim bo'lmoq	v	/kəˈpɪtʃuleɪt/	The government refused to {capitulate} to the strikers.
cater	xizmat ko'rsatmoq, ehtiyojini qondirmoq	v	/ˈkeɪtə/	The hotel can {cater} for large groups.
cede	berib qo'ymoq (hudud, hokimiyat)	v	/siːd/	The country was forced to {cede} territory.
circumvent	aylanib o'tmoq (qoidani)	v	/ˌsɜːkəmˈvent/	They found a way to {circumvent} the law.
coerce	majburlamoq	v	/kəʊˈɜːs/	They tried to {coerce} him into signing.
commemorate	xotirlamoq	v	/kəˈmeməreɪt/	A statue was built to {commemorate} the victims.
compel	majbur qilmoq	v	/kəmˈpel/	The law will {compel} companies to publish their pay gaps.
concoct	to'qib chiqarmoq, tayyorlamoq	v	/kənˈkɒkt/	He tried to {concoct} an excuse for being late.
confer	bermoq (unvon); maslahatlashmoq	v	/kənˈfɜː/	The university will {confer} an honorary degree on her.
consign	topshirmoq, jo'natmoq	v	/kənˈsaɪn/	Let's {consign} these old ideas to history.
contravene	buzmoq (qonunni)	v	/ˌkɒntrəˈviːn/	The plans {contravene} building regulations.
convene	chaqirmoq (yig'ilish)	v	/kənˈviːn/	The UN will {convene} an emergency meeting.
culminate	cho'qqisiga yetmoq	v	/ˈkʌlmɪneɪt/	The festival will {culminate} in a huge concert.
debase	qadrsizlantirmoq	v	/dɪˈbeɪs/	Violence on TV can {debase} our culture.
decimate	qirib tashlamoq	v	/ˈdesɪmeɪt/	The disease could {decimate} the bee population.
defuse	yumshatmoq; zararsizlantirmoq	v	/ˌdiːˈfjuːz/	He told a joke to {defuse} the tension.
deplore	qattiq qoralamoq	v	/dɪˈplɔː/	We {deplore} all forms of violence.
detract	qadrini tushirmoq	v	/dɪˈtrækt/	The ugly sign seems to {detract} from the beauty of the building.
disband	tarqatib yubormoq	v	/dɪsˈbænd/	The group decided to {disband} after ten years.
discard	tashlab yubormoq	v	/dɪˈskɑːd/	{Discard} the seeds before cooking.
discredit	obro'sizlantirmoq	v	/dɪsˈkredɪt/	They tried to {discredit} the witness.
disperse	tarqatib yubormoq	v	/dɪˈspɜːs/	Police used water to {disperse} the crowd.
dissipate	tarqalib ketmoq, yo'qolmoq	v	/ˈdɪsɪpeɪt/	The fog began to {dissipate}.
distil	distillash; mohiyatini ajratmoq	v	/dɪˈstɪl/	The book tries to {distil} years of experience into simple rules.
dwindle	kamayib bormoq	v	/ˈdwɪndl/	The number of students began to {dwindle}.
elude	qochib qutulmoq; tushunilmay qolmoq	v	/iˈluːd/	The answer continues to {elude} scientists.
emanate	chiqmoq, taralmoq	v	/ˈeməneɪt/	A strange smell seemed to {emanate} from the kitchen.
engender	keltirib chiqarmoq	v	/ɪnˈdʒendə/	The decision may {engender} a lot of anger.
enrich	boyitmoq	v	/ɪnˈrɪtʃ/	Travel can {enrich} your life.
enthral	maftun qilmoq	v	/ɪnˈθrɔːl/	The magician continued to {enthral} the children.
entrust	ishonib topshirmoq	v	/ɪnˈtrʌst/	I will {entrust} you with the keys.
espouse	qo'llab-quvvatlamoq (g'oyani)	v	/ɪˈspaʊz/	The party continues to {espouse} free-market ideas.
evade	chetlab o'tmoq, qochmoq	v	/ɪˈveɪd/	He tried to {evade} the question.
exhort	da'vat etmoq	v	/ɪɡˈzɔːt/	The coach went on to {exhort} his players to keep fighting.
feign	o'zini ...ga solmoq	v	/feɪn/	She decided to {feign} illness to avoid school.
forestall	oldini olmoq	v	/fɔːˈstɔːl/	The government acted to {forestall} a crisis.
forgo	voz kechmoq	v	/fɔːˈɡəʊ/	She had to {forgo} her holiday to finish the project.
galvanise	jonlantirmoq, harakatga keltirmoq	v	/ˈɡælvənaɪz/	The speech seemed to {galvanise} the crowd.
garner	to'plamoq (qo'llab-quvvatlash)	v	/ˈɡɑːnə/	The campaign managed to {garner} huge support.
glean	yig'moq (ma'lumot)	v	/ɡliːn/	I tried to {glean} some information from the website.
gloat	g'olibona xursand bo'lmoq	v	/ɡləʊt/	Don't {gloat} over your rival's failure.
grapple with	kurashmoq (muammo bilan)	phrase	/ˈɡræpl wɪð/	Schools have to {grapple with} falling budgets.
harness	foydalanmoq (kuchdan)	v	/ˈhɑːnɪs/	We can {harness} the power of the wind.
heed	quloq solmoq, e'tiborga olmoq	v	/hiːd/	He didn't {heed} the warning.
hone	charxlamoq, mukammallashtirmoq	v	/həʊn/	She is trying to {hone} her writing skills.
impair	zaiflashtirmoq	v	/ɪmˈpeə/	Alcohol can {impair} your judgement.
impart	yetkazmoq (bilim)	v	/ɪmˈpɑːt/	Good teachers {impart} a love of learning.
implore	yolvormoq	v	/ɪmˈplɔː/	I {implore} you to reconsider.
incur	duch kelmoq, sabab bo'lmoq (xarajat)	v	/ɪnˈkɜː/	You will {incur} a fine if you pay late.
instil	singdirmoq	v	/ɪnˈstɪl/	Parents should {instil} good values in their children.
intimidate	qo'rqitmoq	v	/ɪnˈtɪmɪdeɪt/	They tried to {intimidate} the witness.
invoke	tilga olmoq, murojaat qilmoq	v	/ɪnˈvəʊk/	He tried to {invoke} his right to remain silent.
languish	qiynalib yotmoq, so'lmoq	v	/ˈlæŋɡwɪʃ/	Political prisoners {languish} in jail for years.
loathe	jirkanmoq	v	/ləʊð/	I {loathe} cold weather.
lure	aldab jalb qilmoq	v	/lʊə/	Low prices {lure} customers into the shop.
mar	buzmoq, xira qilmoq	v	/mɑː/	Violence continued to {mar} the celebrations.
merit	loyiq bo'lmoq	v	/ˈmerɪt/	The idea may {merit} further discussion.
mollify	tinchlantirmoq	v	/ˈmɒlɪfaɪ/	He tried to {mollify} his angry wife with flowers.
muster	to'plamoq (kuch, jasorat)	v	/ˈmʌstə/	She tried to {muster} the courage to speak.
nullify	bekor qilmoq	v	/ˈnʌlɪfaɪ/	The court may {nullify} the contract.
oust	quvib chiqarmoq (lavozimdan)	v	/aʊst/	Rebels tried to {oust} the president.
outstrip	o'zib ketmoq	v	/ˌaʊtˈstrɪp/	Demand will soon {outstrip} supply.
override	bekor qilmoq, ustun kelmoq	v	/ˌəʊvəˈraɪd/	Safety should {override} all other concerns.
overrule	rad etmoq (qarorni)	v	/ˌəʊvəˈruːl/	The judge chose to {overrule} the objection.
pacify	tinchlantirmoq	v	/ˈpæsɪfaɪ/	She tried to {pacify} the crying baby.
pander to	...ga yoqish uchun harakat qilmoq	phrase	/ˈpændə tə/	Politicians {pander to} voters' fears.
persevere	sabot bilan davom etmoq	v	/ˌpɜːsɪˈvɪə/	If you {persevere}, you will succeed.
placate	ko'nglini olmoq	v	/pləˈkeɪt/	The company offered money to {placate} angry customers.
precipitate	tezlashtirmoq, keltirib chiqarmoq	v	/prɪˈsɪpɪteɪt/	The scandal may {precipitate} his resignation.
procure	qo'lga kiritmoq	v	/prəˈkjʊə/	The hospital is trying to {procure} more vaccines.
proliferate	tez ko'paymoq	v	/prəˈlɪfəreɪt/	Fast-food restaurants {proliferate} in big cities.
propel	oldinga itarmoq	v	/prəˈpel/	The victory will {propel} her to fame.
purport	da'vo qilmoq (go'yoki)	v	/pəˈpɔːt/	The letters {purport} to be from the king.
quell	bostirmoq	v	/kwel/	Troops were sent to {quell} the riot.
rebuff	rad etmoq (keskin)	v	/rɪˈbʌf/	She chose to {rebuff} all his offers of help.
relegate	pastga tushirmoq	v	/ˈrelɪɡeɪt/	The defeat could {relegate} the team to the second division.
relish	zavqlanmoq	v	/ˈrelɪʃ/	She seems to {relish} a challenge.
renounce	voz kechmoq	v	/rɪˈnaʊns/	He had to {renounce} his citizenship.
rescind	bekor qilmoq	v	/rɪˈsɪnd/	The university decided to {rescind} his degree.
# Stage 14: more Advanced verbs, then adjectives and adverbs
resonate	aks-sado bermoq	v	/ˈrezəneɪt/	Her words seem to {resonate} with young people.
retaliate	javob qaytarmoq (qasos)	v	/rɪˈtælieɪt/	The army threatened to {retaliate}.
revere	ulug'lamoq	v	/rɪˈvɪə/	The people {revere} their national poets.
salvage	qutqarib qolmoq	v	/ˈsælvɪdʒ/	They tried to {salvage} the relationship.
scour	sinchiklab qidirmoq	v	/ˈskaʊə/	Police began to {scour} the area for clues.
sever	uzmoq, kesmoq	v	/ˈsevə/	The two countries decided to {sever} diplomatic ties.
shun	chetlab o'tmoq, qochmoq	v	/ʃʌn/	Celebrities often {shun} publicity.
skew	buzib ko'rsatmoq	v	/skjuː/	A few very rich people {skew} the average income.
stifle	bo'g'moq, bostirmoq	v	/ˈstaɪfl/	Too many rules {stifle} creativity.
subside	pasaymoq	v	/səbˈsaɪd/	We waited for the floodwater to {subside}.
supersede	o'rnini egallamoq	v	/ˌsuːpəˈsiːd/	New technology will soon {supersede} the old system.
surmount	yengib o'tmoq	v	/səˈmaʊnt/	She had to {surmount} many obstacles.
sway	ta'sir qilmoq	v	/sweɪ/	Adverts can {sway} voters.
tamper	buzmoq, aralashmoq	v	/ˈtæmpə/	Someone tried to {tamper} with the lock.
tarnish	obro'ga dog' tushirmoq	v	/ˈtɑːnɪʃ/	The scandal will {tarnish} his reputation.
thwart	barbod qilmoq	v	/θwɔːt/	Police were able to {thwart} the attack.
transcend	chegaradan chiqmoq	v	/trænˈsend/	Music can {transcend} cultural differences.
usurp	bosib olmoq (hokimiyatni)	v	/juːˈzɜːp/	The general tried to {usurp} power.
vilify	qoralamoq, yomonotliq qilmoq	v	/ˈvɪlɪfaɪ/	The press began to {vilify} the new manager.
wane	so'nmoq, kamaymoq	v	/weɪn/	Interest in the story began to {wane}.
waver	ikkilanmoq	v	/ˈweɪvə/	Her support for him did not {waver}.
wield	qo'llamoq (hokimiyat)	v	/wiːld/	The family continues to {wield} great power.
withhold	ushlab qolmoq, bermay turmoq	v	/wɪðˈhəʊld/	The police decided to {withhold} his name.
abject	o'ta ayanchli	adj	/ˈæbdʒekt/	They live in {abject} poverty.
abrupt	keskin, to'satdan	adj	/əˈbrʌpt/	The meeting came to an {abrupt} end.
acrimonious	achchiq, adovatli	adj	/ˌækrɪˈməʊniəs/	They went through an {acrimonious} divorce.
adept	mohir, usta	adj	/əˈdept/	She is {adept} at solving problems.
amenable	ko'nadigan, moyil	adj	/əˈmiːnəbl/	He seemed {amenable} to the idea.
ample	yetarli, mo'l	adj	/ˈæmpl/	There is {ample} space for parking.
arduous	mashaqqatli	adj	/ˈɑːdjuəs/	The climb was long and {arduous}.
astute	zukko, farosatli	adj	/əˈstjuːt/	She is an {astute} businesswoman.
auspicious	xayrli, omadli	adj	/ɔːˈspɪʃəs/	It was an {auspicious} start to the season.
bizarre	g'alati, aql bovar qilmas	adj	/bɪˈzɑː/	What a {bizarre} story!
blasé	befarq (tajribadan)	adj	/ˈblɑːzeɪ/	He was {blasé} about winning the prize.
bogus	soxta	adj	/ˈbəʊɡəs/	The website sold {bogus} tickets.
brazen	surbet, uyatsiz	adj	/ˈbreɪzn/	It was a {brazen} lie.
clandestine	yashirin	adj	/klænˈdestɪn/	They held {clandestine} meetings at night.
commendable	maqtovga loyiq	adj	/kəˈmendəbl/	Her honesty is {commendable}.
conducive	qulay, yordam beruvchi	adj	/kənˈdjuːsɪv/	The noise is not {conducive} to study.
convoluted	chigal, murakkab	adj	/ˈkɒnvəluːtɪd/	The plot of the film is too {convoluted}.
copious	mo'l, ko'p	adj	/ˈkəʊpiəs/	She took {copious} notes during the lecture.
cordial	samimiy, iliq	adj	/ˈkɔːdiəl/	The two leaders had a {cordial} meeting.
cryptic	sirli, jumboqli	adj	/ˈkrɪptɪk/	He left a {cryptic} message.
culpable	aybdor	adj	/ˈkʌlpəbl/	The company was {culpable} for the accident.
derogatory	kamsituvchi	adj	/dɪˈrɒɡətri/	He made {derogatory} comments about women.
detrimental	zararli	adj	/ˌdetrɪˈmentl/	Smoking is {detrimental} to your health.
discernible	sezilarli	adj	/dɪˈsɜːnəbl/	There was no {discernible} difference.
disparate	turli xil, bir-biriga o'xshamagan	adj	/ˈdɪspərət/	The book brings together {disparate} ideas.
dubious	shubhali	adj	/ˈdjuːbiəs/	He made his money in {dubious} ways.
expedient	qulay, foydali (vaziyatga)	adj	/ɪkˈspiːdiənt/	It was {expedient} to agree with the boss.
extraneous	begona, ortiqcha	adj	/ɪkˈstreɪniəs/	Remove any {extraneous} information.
fervent	qizg'in, jo'shqin	adj	/ˈfɜːvənt/	She is a {fervent} supporter of the team.
flagrant	ochiq-oydin (qoidabuzarlik)	adj	/ˈfleɪɡrənt/	It was a {flagrant} violation of the rules.
gratuitous	asossiz, keraksiz	adj	/ɡrəˈtjuːɪtəs/	The film contains {gratuitous} violence.
hapless	baxtsiz, omadsiz	adj	/ˈhæpləs/	The {hapless} tourist lost his passport again.
harrowing	dahshatli, azobli	adj	/ˈhærəʊɪŋ/	She told a {harrowing} story of her escape.
hefty	katta, og'ir	adj	/ˈhefti/	He had to pay a {hefty} fine.
illustrious	mashhur, shonli	adj	/ɪˈlʌstriəs/	The school has an {illustrious} history.
imperative	o'ta zarur	adj	/ɪmˈperətɪv/	It is {imperative} that we act now.
impromptu	tayyorgarliksiz	adj	/ɪmˈprɒmptjuː/	He gave an {impromptu} speech.
inadvertent	bilmay qilingan	adj	/ˌɪnədˈvɜːtənt/	It was an {inadvertent} mistake.
incisive	o'tkir (fikr)	adj	/ɪnˈsaɪsɪv/	She asked {incisive} questions.
indelible	o'chmas	adj	/ɪnˈdeləbl/	The war left an {indelible} mark on him.
inexorable	to'xtatib bo'lmas	adj	/ɪnˈeksərəbl/	The {inexorable} rise of prices worries everyone.
innocuous	zararsiz	adj	/ɪˈnɒkjuəs/	It was an {innocuous} question.
insatiable	to'ymas	adj	/ɪnˈseɪʃəbl/	He has an {insatiable} appetite for knowledge.
integral	ajralmas, muhim	adj	/ˈɪntɪɡrəl/	Music is an {integral} part of the festival.
intrepid	qo'rqmas	adj	/ɪnˈtrepɪd/	The {intrepid} explorer crossed the desert alone.
invaluable	bebaho	adj	/ɪnˈvæljuəbl/	Your help was {invaluable}.
irrevocable	qaytarib bo'lmas	adj	/ɪˈrevəkəbl/	The decision is {irrevocable}.
laborious	mashaqqatli	adj	/ləˈbɔːriəs/	Copying the documents was a {laborious} task.
lacklustre	xira, zerikarli	adj	/ˈlæklʌstə/	The team gave a {lacklustre} performance.
lax	bo'sh, qattiq bo'lmagan	adj	/læks/	Security at the airport was {lax}.
lofty	yuksak	adj	/ˈlɒfti/	She has {lofty} ambitions.
ludicrous	kulgili darajada bema'ni	adj	/ˈluːdɪkrəs/	It's {ludicrous} to charge ten dollars for water.
menial	past (ish), mashaqqatli	adj	/ˈmiːniəl/	He did {menial} jobs to pay for university.
momentous	muhim, tarixiy	adj	/məˈmentəs/	It was a {momentous} day for the country.
myriad	son-sanoqsiz	adj	/ˈmɪriəd/	The city offers {myriad} opportunities.
nominal	nomigagina, ramziy	adj	/ˈnɒmɪnl/	We pay only a {nominal} fee.
onerous	og'ir (vazifa)	adj	/ˈəʊnərəs/	The new rules place an {onerous} burden on small firms.
outlandish	g'ayritabiiy, g'alati	adj	/aʊtˈlændɪʃ/	She wears {outlandish} clothes.
palpable	sezilarli, qo'l bilan ushlagandek	adj	/ˈpælpəbl/	The tension in the room was {palpable}.
paltry	arzimas	adj	/ˈpɔːltri/	They offered a {paltry} sum of money.
perfunctory	yuzaki, rasmiyatchilik uchun	adj	/pəˈfʌŋktəri/	He gave a {perfunctory} nod.
predominant	ustun, asosiy	adj	/prɪˈdɒmɪnənt/	Red is the {predominant} colour in the painting.
preposterous	bema'ni	adj	/prɪˈpɒstərəs/	That's a {preposterous} idea!
prevalent	keng tarqalgan	adj	/ˈprevələnt/	The disease is {prevalent} in hot countries.
quintessential	eng tipik, mujassam	adj	/ˌkwɪntɪˈsenʃl/	Plov is the {quintessential} Uzbek dish.
rife	keng tarqalgan (yomon narsa)	adj	/raɪf/	Corruption was {rife}.
salient	asosiy, ko'zga tashlanuvchi	adj	/ˈseɪliənt/	Here are the {salient} points of the report.
scant	kam, yetarsiz	adj	/skænt/	He paid {scant} attention to the warning.
scathing	keskin tanqidiy	adj	/ˈskeɪðɪŋ/	The report was {scathing} about the management.
spurious	soxta, asossiz	adj	/ˈspjʊəriəs/	He made {spurious} claims about his experience.
staggering	hayratlanarli	adj	/ˈstæɡərɪŋ/	The cost was {staggering}.
subservient	qul kabi itoatkor	adj	/səbˈsɜːviənt/	Women were expected to be {subservient}.
superfluous	ortiqcha	adj	/suːˈpɜːfluəs/	Remove every {superfluous} word.
tenuous	zaif, noaniq	adj	/ˈtenjuəs/	The link between the two cases is {tenuous}.
trite	siyqa	adj	/traɪt/	His speech was full of {trite} phrases.
venerable	hurmatli (yoshi, tarixi bilan)	adj	/ˈvenərəbl/	The {venerable} old mosque has stood for centuries.
wry	kinoyali (tabassum)	adj	/raɪ/	He gave a {wry} smile.
# Stage 15: adverbs, idioms and fixed expressions
adamantly	qat'iyan	adv	/ˈædəməntli/	She {adamantly} refused to apologise.
begrudgingly	istamaygina	adv	/bɪˈɡrʌdʒɪŋli/	He {begrudgingly} admitted he was wrong.
conspicuously	ko'zga tashlanadigan darajada	adv	/kənˈspɪkjuəsli/	The minister was {conspicuously} absent.
demonstrably	isbotlanadigan tarzda	adv	/dɪˈmɒnstrəbli/	The claim is {demonstrably} false.
discreetly	ehtiyotkorlik bilan, sezdirmay	adv	/dɪˈskriːtli/	She {discreetly} left the room.
duly	tegishlicha, o'z vaqtida	adv	/ˈdjuːli/	The documents were {duly} signed.
expressly	aniq, maxsus	adv	/ɪkˈspresli/	Smoking is {expressly} forbidden.
incessantly	tinimsiz	adv	/ɪnˈsesntli/	The dog barked {incessantly}.
indefinitely	muddatsiz	adv	/ɪnˈdefɪnətli/	The match was postponed {indefinitely}.
inexplicably	tushunib bo'lmas tarzda	adv	/ˌɪnɪkˈsplɪkəbli/	The letter {inexplicably} disappeared.
meticulously	o'ta sinchkovlik bilan	adv	/məˈtɪkjələsli/	The plan was {meticulously} prepared.
ostensibly	go'yoki, zohiran	adv	/ɒˈstensəbli/	He came, {ostensibly} to help, but really to spy.
overwhelmingly	ko'pchilik bilan, beqiyos	adv	/ˌəʊvəˈwelmɪŋli/	Voters {overwhelmingly} supported the change.
painstakingly	juda puxta	adv	/ˈpeɪnzteɪkɪŋli/	The palace was {painstakingly} restored.
perpetually	abadiy, doimo	adv	/pəˈpetʃuəli/	He seems {perpetually} tired.
profusely	mo'l-ko'l	adv	/prəˈfjuːsli/	He apologised {profusely}.
purportedly	aytilishicha	adv	/pəˈpɔːtɪdli/	The letter was {purportedly} written by the king.
sparingly	tejab, oz-ozdan	adv	/ˈspeərɪŋli/	Use salt {sparingly}.
staunchly	sodiqlik bilan	adv	/ˈstɔːntʃli/	She is {staunchly} opposed to the war.
tentatively	ehtiyotkorlik bilan, taxminan	adv	/ˈtentətɪvli/	The meeting is {tentatively} planned for May.
unwittingly	bilmagan holda	adv	/ʌnˈwɪtɪŋli/	He {unwittingly} helped the thieves.
vehemently	qattiq, qizg'in	adv	/ˈviːəməntli/	He {vehemently} denied the charges.
wholeheartedly	chin dildan	adv	/ˌhəʊlˈhɑːtɪdli/	I {wholeheartedly} agree.
across the board	hamma uchun, har tomonlama	phrase	/əˌkrɒs ðə ˈbɔːd/	Prices rose {across the board}.
at the eleventh hour	so'nggi daqiqada	phrase	/ət ði ɪˌlevnθ ˈaʊə/	The deal was saved {at the eleventh hour}.
a double-edged sword	ikki tig'li qilich	phrase	/ə ˌdʌbl edʒd ˈsɔːd/	Fame is {a double-edged sword}.
a foregone conclusion	oldindan ma'lum natija	phrase	/ə ˌfɔːɡɒn kənˈkluːʒn/	The result was {a foregone conclusion}.
a vicious circle	berk doira	phrase	/ə ˌvɪʃəs ˈsɜːkl/	Poverty and poor health form {a vicious circle}.
a red herring	chalg'ituvchi narsa	phrase	/ə ˌred ˈherɪŋ/	The clue turned out to be {a red herring}.
a sticking point	kelishuvga to'siq masala	phrase	/ə ˈstɪkɪŋ pɔɪnt/	Pay remains {a sticking point} in the talks.
the lion's share	eng katta ulush	phrase	/ðə ˌlaɪənz ˈʃeə/	He took {the lion's share} of the profits.
the writing on the wall	yomonlik belgilari	phrase	/ðə ˌraɪtɪŋ ɒn ðə ˈwɔːl/	When sales fell, he saw {the writing on the wall}.
a level playing field	teng sharoit	phrase	/ə ˌlevl ˈpleɪɪŋ fiːld/	Small firms want {a level playing field}.
a wake-up call	ogohlantiruvchi voqea	phrase	/ə ˈweɪk ʌp kɔːl/	The heart attack was {a wake-up call}.
a grey area	noaniq masala	phrase	/ə ˌɡreɪ ˈeəriə/	The law on drones is {a grey area}.
the elephant in the room	hamma biladigan, lekin aytilmaydigan muammo	phrase	/ði ˌelɪfənt ɪn ðə ˈruːm/	Debt is {the elephant in the room}.
a slippery slope	xavfli yo'l (yomonlikka)	phrase	/ə ˌslɪpəri ˈsləʊp/	Borrowing to pay bills is {a slippery slope}.
at odds with	...ga zid	phrase	/ət ˈɒdz wɪð/	His words are {at odds with} his actions.
in the offing	yaqinlashib kelayotgan	phrase	/ɪn ði ˈɒfɪŋ/	There may be a pay rise {in the offing}.
in hindsight	orqaga qarab	phrase	/ɪn ˈhaɪndsaɪt/	{In hindsight}, it was a mistake.
in the wake of	...dan keyin (natijasida)	phrase	/ɪn ðə ˈweɪk əv/	Prices rose {in the wake of} the war.
on the verge of	...ning yoqasida	phrase	/ɒn ðə ˈvɜːdʒ əv/	The company is {on the verge of} collapse.
by no means	aslo, hech qachon	phrase	/baɪ ˈnəʊ miːnz/	The problem is {by no means} solved.
to all intents and purposes	amalda, aslida	phrase	/tu ˌɔːl ˌɪntents ən ˈpɜːpəsɪz/	The war is, {to all intents and purposes}, over.
first and foremost	eng avvalo	phrase	/ˌfɜːst ən ˈfɔːməʊst/	{First and foremost}, we must be safe.
last but not least	eng oxirgisi, lekin muhimi	phrase	/ˌlɑːst bət nɒt ˈliːst/	{Last but not least}, thanks to my parents.
as a last resort	oxirgi chora sifatida	phrase	/əz ə ˌlɑːst rɪˈzɔːt/	Use force only {as a last resort}.
when push comes to shove	ish chatoqqa kelganda	phrase	/wen ˌpʊʃ kʌmz tə ˈʃʌv/	{When push comes to shove}, family comes first.
by the same token	xuddi shu sababdan	phrase	/baɪ ðə ˌseɪm ˈtəʊkən/	{By the same token}, we should help them too.
to a large extent	katta darajada	phrase	/tu ə ˌlɑːdʒ ɪkˈstent/	The plan was, {to a large extent}, a success.
in the long term	uzoq muddatda	phrase	/ɪn ðə ˌlɒŋ ˈtɜːm/	{In the long term}, prices will fall.
off the top of my head	o'ylamasdan, taxminan	phrase	/ˌɒf ðə ˌtɒp əv maɪ ˈhed/	{Off the top of my head}, I'd say about fifty.
pay lip service to	so'zda qo'llab-quvvatlamoq	phrase	/peɪ ˈlɪp sɜːvɪs tə/	Many companies {pay lip service to} the environment.
cut to the chase	asosiy gapga o'tmoq	phrase	/kʌt tə ðə ˈtʃeɪs/	Let's {cut to the chase}: how much does it cost?
move the goalposts	qoidani o'zgartirib yubormoq	phrase	/muːv ðə ˈɡəʊlpəʊsts/	The bank keeps trying to {move the goalposts}.
bear the brunt of	eng og'ir zarbani olmoq	phrase	/beə ðə ˈbrʌnt əv/	Poor families {bear the brunt of} the crisis.
turn a blind eye	ko'z yummoq	phrase	/tɜːn ə ˌblaɪnd ˈaɪ/	The police {turn a blind eye} to small crimes.
come to a head	avjiga chiqmoq	phrase	/kʌm tu ə ˈhed/	The crisis began to {come to a head} in June.
draw the line	chegara qo'ymoq	phrase	/drɔː ðə ˈlaɪn/	I help my friends, but I {draw the line} at lending money.
fall on deaf ears	e'tiborsiz qolmoq	phrase	/fɔːl ɒn ˌdef ˈɪəz/	Their warnings seemed to {fall on deaf ears}.
get the ball rolling	ishni boshlab yubormoq	phrase	/ɡet ðə ˌbɔːl ˈrəʊlɪŋ/	Let's {get the ball rolling} with a quick introduction.
go to great lengths	ko'p harakat qilmoq	phrase	/ɡəʊ tə ˌɡreɪt ˈleŋθs/	They {go to great lengths} to protect their privacy.
keep a low profile	ko'zga tashlanmaslik	phrase	/kiːp ə ˌləʊ ˈprəʊfaɪl/	After the scandal, he tried to {keep a low profile}.
make headway	olg'a siljimoq	phrase	/meɪk ˈhedweɪ/	The talks are starting to {make headway}.
pave the way	yo'l ochmoq	phrase	/peɪv ðə ˈweɪ/	The discovery could {pave the way} for new treatments.
rock the boat	vaziyatni buzmoq	phrase	/rɒk ðə ˈbəʊt/	He didn't want to {rock the boat} by complaining.
stand the test of time	vaqt sinovidan o'tmoq	phrase	/stænd ðə ˌtest əv ˈtaɪm/	Navoi's poems {stand the test of time}.
take a back seat	ikkinchi o'ringa o'tmoq	phrase	/teɪk ə ˌbæk ˈsiːt/	After retiring, he decided to {take a back seat}.
throw in the towel	taslim bo'lmoq	phrase	/θrəʊ ɪn ðə ˈtaʊəl/	Don't {throw in the towel} yet!
tread carefully	ehtiyot bo'lmoq	phrase	/tred ˈkeəfəli/	You need to {tread carefully} with this subject.
weather the storm	qiyinchilikdan omon chiqmoq	phrase	/ˌweðə ðə ˈstɔːm/	The company managed to {weather the storm}.
with a pinch of salt	shubha bilan	phrase	/wɪð ə ˌpɪntʃ əv ˈsɔːlt/	Take his promises {with a pinch of salt}.
on thin ice	xavfli ahvolda	phrase	/ɒn ˌθɪn ˈaɪs/	You're {on thin ice} — one more mistake and you're out.
under wraps	sir tutilgan	phrase	/ˌʌndə ˈræps/	The new design is being kept {under wraps}.
up to scratch	talabga javob beradigan	phrase	/ˌʌp tə ˈskrætʃ/	His work isn't {up to scratch}.
at a premium	kamyob va qimmat	phrase	/ət ə ˈpriːmiəm/	Space is {at a premium} in the city centre.
behind the scenes	parda ortida	phrase	/bɪˌhaɪnd ðə ˈsiːnz/	A lot of work goes on {behind the scenes}.
against all odds	barcha qiyinchiliklarga qaramay	phrase	/əˌɡenst ɔːl ˈɒdz/	{Against all odds}, the small team won.
hit the ground running	darhol faol ish boshlamoq	phrase	/hɪt ðə ˌɡraʊnd ˈrʌnɪŋ/	The new manager is ready to {hit the ground running}.
learn the hard way	achchiq tajribadan o'rganmoq	phrase	/lɜːn ðə ˌhɑːd ˈweɪ/	Many people {learn the hard way} that debt is dangerous.
on the back burner	keyinga qoldirilgan	phrase	/ɒn ðə ˌbæk ˈbɜːnə/	The project is {on the back burner} for now.
second nature	odat bo'lib qolgan narsa	phrase	/ˌsekənd ˈneɪtʃə/	Driving becomes {second nature} after a while.
on the tip of my tongue	tilimning uchida	phrase	/ɒn ðə ˌtɪp əv maɪ ˈtʌŋ/	His name is {on the tip of my tongue}.
spill the beans	sirni oshkor qilmoq	phrase	/spɪl ðə ˈbiːnz/	Who decided to {spill the beans} about the surprise party?
cross that bridge when we come to it	vaqti kelganda hal qilamiz	phrase	/ˌkrɒs ðæt ˈbrɪdʒ wen wi ˈkʌm tu ɪt/	We'll {cross that bridge when we come to it}.
ahead of the curve	boshqalardan oldinda	phrase	/əˌhed əv ðə ˈkɜːv/	The company is always {ahead of the curve}.
in the pipeline	tayyorlanmoqda	phrase	/ɪn ðə ˈpaɪplaɪn/	New products are {in the pipeline}.
touch and go	xavfli, noaniq	phrase	/ˌtʌtʃ ən ˈɡəʊ/	It was {touch and go} whether he would survive.
over the moon	juda xursand	phrase	/ˌəʊvə ðə ˈmuːn/	She was {over the moon} about the baby.
hold your ground	o'z pozitsiyasida turmoq	phrase	/həʊld jə ˈɡraʊnd/	Don't be afraid to {hold your ground} in the negotiation.
put your foot down	qat'iy talab qo'ymoq	phrase	/pʊt jə ˌfʊt ˈdaʊn/	It's time to {put your foot down} and say no.
a shot in the dark	taxminiy urinish	phrase	/ə ˌʃɒt ɪn ðə ˈdɑːk/	My answer was just {a shot in the dark}.
the best of both worlds	ikkala tomonning afzalligi	phrase	/ðə ˌbest əv ˌbəʊθ ˈwɜːldz/	Living near the city gives us {the best of both worlds}.
a new lease of life	yangi hayot, jonlanish	phrase	/ə ˌnjuː ˌliːs əv ˈlaɪf/	The new owners gave the old hotel {a new lease of life}.
go against the grain	odatga zid bo'lmoq	phrase	/ɡəʊ əˌɡenst ðə ˈɡreɪn/	It seems to {go against the grain} to throw food away.
by leaps and bounds	jadal sur'atda	phrase	/baɪ ˌliːps ən ˈbaʊndz/	Her English has improved {by leaps and bounds}.
the icing on the cake	eng yoqimli qo'shimcha	phrase	/ði ˌaɪsɪŋ ɒn ðə ˈkeɪk/	Winning the prize was {the icing on the cake}.
at loggerheads	kelisha olmaydigan holatda	phrase	/ət ˈlɒɡəhedz/	The two ministers are {at loggerheads} over the budget.
up in arms	g'azabga kelgan	phrase	/ˌʌp ɪn ˈɑːmz/	Parents are {up in arms} about the new timetable.
a stone's throw	juda yaqin	phrase	/ə ˌstəʊnz ˈθrəʊ/	The hotel is {a stone's throw} from the beach.
