# Intermediate (B1+) vocabulary, written for Flex Academy (NOT from a source file).
# word <TAB> Uzbek translation <TAB> part of speech <TAB> IPA (British) <TAB> example with the word in {braces}.
# 1500 words, 15 stages of 100 (one theme per stage). No word repeats A1, A2, B1 or B2. Review the Uzbek before publishing.
# Stage 1: personality and feelings
adventurous	sarguzashtni sevuvchi	adj	/ədˈventʃərəs/	My brother is very {adventurous} and loves climbing mountains.
affectionate	erkalovchi, mehrli	adj	/əˈfekʃənət/	Our cat is very {affectionate} and likes to sit on your lap.
assertive	o'z fikrini dadil bildiruvchi	adj	/əˈsɜːtɪv/	You need to be more {assertive} in meetings.
bad-tempered	jahldor	adj	/ˌbæd ˈtempəd/	He is always {bad-tempered} in the morning.
big-headed	kibrli, maqtanchoq	adj	/ˌbɪɡ ˈhedɪd/	Winning the prize made him a bit {big-headed}.
broad-minded	keng fikrli	adj	/ˌbrɔːd ˈmaɪndɪd/	My grandmother is surprisingly {broad-minded} about modern life.
narrow-minded	tor fikrli	adj	/ˌnærəʊ ˈmaɪndɪd/	It is {narrow-minded} to judge people by their clothes.
cautious	ehtiyotkor	adj	/ˈkɔːʃəs/	She is a {cautious} driver who never goes too fast.
conscientious	vijdonli, mas'uliyatli	adj	/ˌkɒnʃiˈenʃəs/	He is a {conscientious} student who always does his homework.
considerate	boshqalarni o'ylaydigan	adj	/kənˈsɪdərət/	It was very {considerate} of you to call.
decisive	qat'iyatli	adj	/dɪˈsaɪsɪv/	A good manager must be {decisive}.
dependable	suyansa bo'ladigan	adj	/dɪˈpendəbl/	Aziz is a {dependable} friend who never lets you down.
diligent	tirishqoq	adj	/ˈdɪlɪdʒənt/	She is a {diligent} worker and never misses a deadline.
energetic	g'ayratli	adj	/ˌenəˈdʒetɪk/	The children were very {energetic} after lunch.
fussy	injiq	adj	/ˈfʌsi/	He is very {fussy} about food and won't eat vegetables.
gullible	laqma, tez ishonuvchi	adj	/ˈɡʌləbl/	Don't be so {gullible} — not everything online is true.
hot-headed	tez jahli chiqadigan	adj	/ˌhɒt ˈhedɪd/	The {hot-headed} player was sent off in the first half.
immature	yetilmagan, bolalarcha	adj	/ˌɪməˈtʃʊə/	It was {immature} of him to laugh at her mistake.
impulsive	o'ylamay ish qiladigan	adj	/ɪmˈpʌlsɪv/	She made an {impulsive} decision to buy a new car.
indecisive	ikkilanuvchan	adj	/ˌɪndɪˈsaɪsɪv/	I'm so {indecisive} that choosing a meal takes me ages.
insecure	o'ziga ishonmaydigan	adj	/ˌɪnsɪˈkjʊə/	Many teenagers feel {insecure} about their looks.
insensitive	befarq, qo'pol	adj	/ɪnˈsensətɪv/	His joke about her weight was very {insensitive}.
naive	sodda, go'l	adj	/naɪˈiːv/	I was {naive} to believe his promises.
obedient	itoatkor	adj	/əˈbiːdiənt/	The dog is very {obedient} and follows every command.
open-minded	ochiq fikrli	adj	/ˌəʊpən ˈmaɪndɪd/	Travelling makes people more {open-minded}.
outspoken	to'g'riso'z	adj	/aʊtˈspəʊkən/	She is an {outspoken} critic of the new law.
passionate	jo'shqin, ishqiboz	adj	/ˈpæʃənət/	He is {passionate} about football.
persistent	tinimsiz, sabotli	adj	/pəˈsɪstənt/	If you are {persistent}, you will find a job.
reserved	kamgap, o'zini tutadigan	adj	/rɪˈzɜːvd/	He seems {reserved}, but he is friendly when you know him.
resourceful	topqir	adj	/rɪˈsɔːsfl/	A {resourceful} traveller can solve almost any problem.
self-centred	faqat o'zini o'ylaydigan	adj	/ˌself ˈsentəd/	He is too {self-centred} to notice other people's problems.
sympathetic	hamdard	adj	/ˌsɪmpəˈθetɪk/	My teacher was very {sympathetic} when I was ill.
tactful	nozik muomalali	adj	/ˈtæktfl/	Try to be {tactful} when you tell her the bad news.
talkative	sergap	adj	/ˈtɔːkətɪv/	The {talkative} boy next to me never stopped chatting.
trustworthy	ishonchga loyiq	adj	/ˈtrʌstwɜːði/	We need a {trustworthy} person to look after the money.
unpredictable	oldindan bilib bo'lmaydigan	adj	/ˌʌnprɪˈdɪktəbl/	The weather in the mountains is {unpredictable}.
vain	o'ziga bino qo'ygan	adj	/veɪn/	He is so {vain} that he checks his hair in every mirror.
witty	so'zamol, hazilkash	adj	/ˈwɪti/	She gave a {witty} speech at the wedding.
absent-minded	parishonxotir	adj	/ˌæbsənt ˈmaɪndɪd/	My {absent-minded} uncle is always losing his keys.
charming	maftunkor	adj	/ˈtʃɑːmɪŋ/	What a {charming} little village!
compassionate	rahmdil	adj	/kəmˈpæʃənət/	Nurses need to be {compassionate} and patient.
cunning	ayyor	adj	/ˈkʌnɪŋ/	The fox in the story is very {cunning}.
grumpy	qovog'i soliq	adj	/ˈɡrʌmpi/	Dad is always {grumpy} when he is hungry.
hospitable	mehmondo'st	adj	/hɒˈspɪtəbl/	Uzbek people are famous for being {hospitable}.
inquisitive	bilishga qiziquvchan	adj	/ɪnˈkwɪzətɪv/	Young children are naturally {inquisitive}.
introverted	o'z ichiga yopiq	adj	/ˈɪntrəvɜːtɪd/	She is quite {introverted} and prefers reading to parties.
extroverted	kirishimli, ochiqko'ngil	adj	/ˈekstrəvɜːtɪd/	{Extroverted} people often enjoy working in teams.
laid-back	bamaylixotir	adj	/ˌleɪd ˈbæk/	Our new teacher has a very {laid-back} style.
mischievous	sho'x	adj	/ˈmɪstʃɪvəs/	The {mischievous} twins hid their father's shoes.
pushy	surbet, zo'ravon talabchan	adj	/ˈpʊʃi/	The salesman was so {pushy} that I left the shop.
rebellious	isyonkor	adj	/rɪˈbeljəs/	He was a {rebellious} teenager who hated rules.
sarcastic	kinoyali	adj	/sɑːˈkæstɪk/	"Great job," she said in a {sarcastic} voice.
spoilt	erka, erkalatib buzilgan	adj	/spɔɪlt/	The {spoilt} child cried until he got a new toy.
thoughtless	beparvo, o'ylamaydigan	adj	/ˈθɔːtləs/	It was {thoughtless} of me to forget your birthday.
upbeat	ko'tarinki ruhli	adj	/ˈʌpbiːt/	The team stayed {upbeat} even after losing.
well-behaved	tarbiyali	adj	/ˌwel bɪˈheɪvd/	The children were very {well-behaved} at the museum.
courteous	xushmuomala	adj	/ˈkɜːtiəs/	The hotel staff were {courteous} and helpful.
cheeky	betgachopar, surbet	adj	/ˈtʃiːki/	Don't be {cheeky} to your grandmother!
vulnerable	zaif, himoyasiz	adj	/ˈvʌlnərəbl/	Old people are more {vulnerable} to the flu.
sentimental	hissiyotga beriluvchan	adj	/ˌsentɪˈmentl/	I keep this old watch for {sentimental} reasons.
gloomy	g'amgin, xira	adj	/ˈɡluːmi/	Why are you looking so {gloomy} today?
joyful	shodon	adj	/ˈdʒɔɪfl/	The wedding was a {joyful} occasion.
anxiety	xavotir	n	/æŋˈzaɪəti/	Exams cause a lot of {anxiety} for students.
frustration	asabiylik, alam	n	/frʌˈstreɪʃn/	He hit the table in {frustration}.
frustrated	asabiylashgan	adj	/frʌˈstreɪtɪd/	I get {frustrated} when my computer is slow.
relief	yengillik	n	/rɪˈliːf/	It was a great {relief} to hear that she was safe.
relieved	yengil tortgan	adj	/rɪˈliːvd/	I was {relieved} when the exam was over.
resentment	gina, xafalik	n	/rɪˈzentmənt/	She felt {resentment} towards her boss.
grief	qayg'u	n	/ɡriːf/	The whole village shared the family's {grief}.
sorrow	g'am, alam	n	/ˈsɒrəʊ/	He could not hide his {sorrow} at the funeral.
despair	tushkunlik	n	/dɪˈspeə/	After losing his job, he was close to {despair}.
enthusiasm	ishtiyoq	n	/ɪnˈθjuːziæzəm/	The students showed great {enthusiasm} for the project.
gratitude	minnatdorlik	n	/ˈɡrætɪtjuːd/	I want to express my {gratitude} to my teachers.
sympathy	hamdardlik	n	/ˈsɪmpəθi/	We sent a card to show our {sympathy}.
empathy	o'zgalarni tushuna olish	n	/ˈempəθi/	Good doctors have {empathy} for their patients.
nostalgia	o'tmishni qo'msash	n	/nɒˈstældʒə/	Old songs fill me with {nostalgia}.
nostalgic	o'tmishni qo'msaydigan	adj	/nɒˈstældʒɪk/	Looking at old photos makes me feel {nostalgic}.
contempt	nafrat, mensimaslik	n	/kənˈtempt/	He looked at the liar with {contempt}.
disgust	jirkanish	n	/dɪsˈɡʌst/	She turned away in {disgust}.
disgusted	jirkangan	adj	/dɪsˈɡʌstɪd/	I was {disgusted} by the dirty kitchen.
astonished	hayratda qolgan	adj	/əˈstɒnɪʃt/	We were {astonished} by the size of the building.
bewildered	dovdirab qolgan	adj	/bɪˈwɪldəd/	The tourists looked {bewildered} at the busy station.
thrilled	juda xursand	adj	/θrɪld/	I'm {thrilled} that you can come to my party.
overwhelmed	esankirab qolgan	adj	/ˌəʊvəˈwelmd/	New students often feel {overwhelmed} in the first week.
puzzled	boshi qotgan	adj	/ˈpʌzld/	He looked {puzzled} by the question.
terrified	dahshatga tushgan, qattiq qo'rqqan	adj	/ˈterɪfaɪd/	My sister is {terrified} of spiders.
horrified	vahimaga tushgan	adj	/ˈhɒrɪfaɪd/	We were {horrified} by the news of the accident.
envious	hasadgo'y	adj	/ˈenviəs/	He was {envious} of his friend's new car.
self-esteem	o'zini qadrlash	n	/ˌself ɪˈstiːm/	Praise can help a child's {self-esteem}.
temper	fe'l, jahl	n	/ˈtempə/	He has a terrible {temper} when he is tired.
mood swing	kayfiyat o'zgarishi	phrase	/ˈmuːd swɪŋ/	Lack of sleep can cause a {mood swing}.
optimism	nekbinlik	n	/ˈɒptɪmɪzəm/	There is new {optimism} about the economy.
pessimism	badbinlik	n	/ˈpesɪmɪzəm/	His {pessimism} makes everyone feel sad.
boredom	zerikish	n	/ˈbɔːdəm/	He started drawing out of {boredom}.
excitement	hayajon	n	/ɪkˈsaɪtmənt/	The children could hardly sleep from {excitement}.
embarrassment	xijolat	n	/ɪmˈbærəsmənt/	His face went red with {embarrassment}.
humiliation	tahqirlanish, xo'rlik	n	/hjuːˌmɪliˈeɪʃn/	Losing 7–0 was a {humiliation} for the team.
arrogance	takabburlik	n	/ˈærəɡəns/	His {arrogance} made him unpopular with colleagues.
modesty	kamtarlik	n	/ˈmɒdəsti/	Despite her success, she spoke with great {modesty}.
tension	taranglik	n	/ˈtenʃn/	You could feel the {tension} in the room.
# Stage 2: relationships and communication
compliment	maqtov, iltifot	n	/ˈkɒmplɪmənt/	Thank you for the {compliment}!
flatter	xushomad qilmoq	v	/ˈflætə/	He tried to {flatter} the teacher to get a better mark.
flattery	xushomad	n	/ˈflætəri/	{Flattery} will not change my decision.
confide	sirini ochmoq	v	/kənˈfaɪd/	She can {confide} in her older sister.
reassure	tinchlantirmoq, ishontirmoq	v	/ˌriːəˈʃʊə/	The doctor tried to {reassure} the worried parents.
console	yupatmoq	v	/kənˈsəʊl/	I tried to {console} my friend after she failed the test.
sympathise	hamdardlik bildirmoq	v	/ˈsɪmpəθaɪz/	I {sympathise} with you, but I can't help.
gesture	imo-ishora	n	/ˈdʒestʃə/	He made a friendly {gesture} with his hand.
body language	tana tili	phrase	/ˈbɒdi læŋɡwɪdʒ/	Your {body language} shows that you are nervous.
eye contact	ko'zga qarab turish	phrase	/ˈaɪ kɒntækt/	Make {eye contact} with the interviewer.
tone	ohang	n	/təʊn/	I didn't like the {tone} of his email.
interpret	talqin qilmoq; og'zaki tarjima qilmoq	v	/ɪnˈtɜːprɪt/	How do you {interpret} this poem?
misunderstand	noto'g'ri tushunmoq	v	/ˌmɪsʌndəˈstænd/	Please don't {misunderstand} me — I want to help.
misunderstanding	anglashilmovchilik	n	/ˌmɪsʌndəˈstændɪŋ/	There must be some {misunderstanding}.
clarify	aniqlashtirmoq	v	/ˈklærəfaɪ/	Could you {clarify} what you mean?
elaborate	batafsil tushuntirmoq	v	/ɪˈlæbəreɪt/	Can you {elaborate} on your idea?
mumble	g'o'ldiramoq	v	/ˈmʌmbl/	Don't {mumble} — speak clearly!
stammer	duduqlanmoq	v	/ˈstæmə/	He started to {stammer} when he was nervous.
boast	maqtanmoq	v	/bəʊst/	He likes to {boast} about his expensive car.
nag	jonga tegmoq, ming'irlamoq	v	/næɡ/	My mum is always going to {nag} me about my room.
grumble	to'ng'illamoq	v	/ˈɡrʌmbl/	Old people often {grumble} about the weather.
moan	nolimoq, shikoyat qilmoq	v	/məʊn/	Please don't {moan} about the food.
quarrel	janjal	n	/ˈkwɒrəl/	They had a {quarrel} about money.
dispute	nizo	n	/dɪˈspjuːt/	The {dispute} between the neighbours lasted for years.
conflict	ziddiyat, mojaro	n	/ˈkɒnflɪkt/	There is often {conflict} between parents and teenagers.
reconcile	yarashtirmoq	v	/ˈrekənsaɪl/	The teacher tried to {reconcile} the two boys.
reconciliation	yarashuv	n	/ˌrekənsɪliˈeɪʃn/	After years of silence, there was finally a {reconciliation}.
compromise	murosa	n	/ˈkɒmprəmaɪz/	In the end we reached a {compromise}.
mutual	o'zaro	adj	/ˈmjuːtʃuəl/	Our friendship is based on {mutual} respect.
rapport	iliq munosabat	n	/ræˈpɔː/	A good teacher builds {rapport} with the class.
intimate	yaqin, samimiy	adj	/ˈɪntɪmət/	Only a few {intimate} friends came to the dinner.
peer	tengdosh	n	/pɪə/	Teenagers care a lot about what each {peer} thinks.
peer pressure	tengdoshlar bosimi	phrase	/ˈpɪə preʃə/	Many young people start smoking because of {peer pressure}.
mentor	ustoz, murabbiy	n	/ˈmentɔː/	My first boss became my {mentor}.
role model	ibrat namunasi	phrase	/ˈrəʊl mɒdl/	Parents should be a good {role model} for their children.
rival	raqib	n	/ˈraɪvl/	He beat his old {rival} in the final.
rivalry	raqobat, bellashuv	n	/ˈraɪvlri/	There is a strong {rivalry} between the two clubs.
ally	ittifoqchi	n	/ˈælaɪ/	She was my only {ally} in the argument.
loyalty	sodiqlik	n	/ˈlɔɪəlti/	Dogs are famous for their {loyalty}.
betrayal	xiyonat	n	/bɪˈtreɪəl/	His lie felt like a {betrayal}.
commitment	sadoqat, majburiyat	n	/kəˈmɪtmənt/	Marriage is a serious {commitment}.
devotion	fidoyilik	n	/dɪˈvəʊʃn/	Her {devotion} to her family is amazing.
affection	mehr	n	/əˈfekʃn/	She shows her {affection} with hugs.
romance	ishqiy munosabat	n	/rəʊˈmæns/	Their {romance} began at university.
flirt	noz-karashma qilmoq	v	/flɜːt/	He likes to {flirt} with the girls in his class.
propose	turmush taklif qilmoq; taklif kiritmoq	v	/prəˈpəʊz/	He is going to {propose} to her on her birthday.
newlyweds	yangi turmush qurganlar	n	/ˈnjuːliwedz/	The {newlyweds} went to Samarkand for a week.
honeymoon	asal oyi	n	/ˈhʌnimuːn/	They spent their {honeymoon} in Turkey.
spouse	turmush o'rtoq	n	/spaʊs/	You can bring your {spouse} to the party.
in-laws	qudalar, er yoki xotinning qarindoshlari	n	/ˈɪn lɔːz/	We have dinner with my {in-laws} every Friday.
bachelor	bo'ydoq	n	/ˈbætʃələ/	He is still a {bachelor} at forty.
divorce	ajralish	n	/dɪˈvɔːs/	Their {divorce} was very difficult for the children.
separation	ajralib yashash	n	/ˌsepəˈreɪʃn/	After a long {separation}, the family was together again.
custody	vasiylik	n	/ˈkʌstədi/	The mother got {custody} of the children.
household	xonadon, oila a'zolari	n	/ˈhaʊshəʊld/	Every {household} in the street has a car.
stepfather	o'gay ota	n	/ˈstepfɑːðə/	My {stepfather} taught me to drive.
half-brother	ota yoki ona bir aka-uka	n	/ˈhɑːf brʌðə/	My {half-brother} is ten years younger than me.
descendant	avlod, zurriyot	n	/dɪˈsendənt/	He is a {descendant} of a famous poet.
heir	merosxo'r	n	/eə/	The prince is the {heir} to the throne.
get to know	tanishib olmoq	phrase	/ɡet tə ˈnəʊ/	It takes time to {get to know} new people.
hit it off	darrov til topishmoq	phrase	/hɪt ɪt ˈɒf/	We met at a party and {hit it off} immediately.
keep in touch	aloqada bo'lmoq	phrase	/kiːp ɪn ˈtʌtʃ/	Let's {keep in touch} after graduation.
lose touch	aloqani yo'qotmoq	phrase	/luːz ˈtʌtʃ/	It's easy to {lose touch} with school friends.
drift apart	asta-sekin uzoqlashib ketmoq	phrase	/drɪft əˈpɑːt/	Old friends sometimes {drift apart}.
look down on	past nazar bilan qaramoq	phrase	/lʊk ˈdaʊn ɒn/	Never {look down on} people with less money.
stand by	yonida turmoq, qo'llab-quvvatlamoq	phrase	/ˈstænd baɪ/	A true friend will {stand by} you in hard times.
open up	ko'nglini ochmoq	phrase	/ˌəʊpən ˈʌp/	It took him months to {open up} to his therapist.
tell off	koyimoq, urishmoq	phrase	/tel ˈɒf/	The teacher will {tell off} anyone who is late.
count on	ishonmoq, tayanmoq	phrase	/ˈkaʊnt ɒn/	You can always {count on} me.
turn to	murojaat qilmoq	phrase	/ˈtɜːn tuː/	I don't know who to {turn to} for advice.
convey	yetkazmoq, ifodalamoq	v	/kənˈveɪ/	Pictures can {convey} emotions better than words.
articulate	fikrini aniq ifodalaydigan	adj	/ɑːˈtɪkjələt/	She is an {articulate} speaker.
eloquent	notiq	adj	/ˈeləkwənt/	He gave an {eloquent} speech about peace.
notify	xabardor qilmoq	v	/ˈnəʊtɪfaɪ/	Please {notify} us if you change your address.
remark	izoh, gap	n	/rɪˈmɑːk/	His {remark} about my dress was rude.
anecdote	latifa, qiziq voqea	n	/ˈænɪkdəʊt/	He told a funny {anecdote} about his childhood.
confession	iqror, tan olish	n	/kənˈfeʃn/	I have a {confession} to make: I broke your cup.
confess	tan olmoq	v	/kənˈfes/	He decided to {confess} everything to his parents.
deceive	aldamoq	v	/dɪˈsiːv/	She would never {deceive} her friends.
apologetic	uzr so'ragan holda	adj	/əˌpɒləˈdʒetɪk/	He was very {apologetic} about being late.
grudge	adovat, gina	n	/ɡrʌdʒ/	She doesn't hold a {grudge} for long.
forgiveness	kechirim	n	/fəˈɡɪvnəs/	He asked for her {forgiveness}.
distrust	ishonchsizlik	n	/dɪsˈtrʌst/	There is a lot of {distrust} between the two sides.
suspicion	gumon	n	/səˈspɪʃn/	The police have a {suspicion} that he is lying.
etiquette	odob qoidalari	n	/ˈetɪket/	Business {etiquette} is different in every country.
manners	odob, xulq	n	/ˈmænəz/	It is bad {manners} to talk with your mouth full.
hospitality	mehmondo'stlik	n	/ˌhɒspɪˈtæləti/	Thank you for your warm {hospitality}.
reputation	obro', nom	n	/ˌrepjuˈteɪʃn/	The restaurant has a good {reputation}.
impression	taassurot	n	/ɪmˈpreʃn/	She made a great {impression} at the interview.
interaction	o'zaro muloqot	n	/ˌɪntərˈækʃn/	Online classes have less {interaction} between students.
interact	muloqot qilmoq	v	/ˌɪntərˈækt/	Children learn to {interact} with others at school.
communicate	muloqot qilmoq, aloqa qilmoq	v	/kəˈmjuːnɪkeɪt/	We {communicate} mostly by email.
approachable	gaplashish oson, samimiy	adj	/əˈprəʊtʃəbl/	Our director is friendly and {approachable}.
supportive	qo'llab-quvvatlovchi	adj	/səˈpɔːtɪv/	My parents are very {supportive} of my plans.
caring	g'amxo'r	adj	/ˈkeərɪŋ/	She is a {caring} mother.
protective	himoya qiluvchi	adj	/prəˈtektɪv/	He is very {protective} of his little sister.
possessive	egalik qiluvchi, rashkchi	adj	/pəˈzesɪv/	Her boyfriend is too {possessive}.
dominant	hukmron	adj	/ˈdɒmɪnənt/	He is the {dominant} person in the group.
bond with	yaqinlashmoq, bog'lanmoq	phrase	/ˈbɒnd wɪð/	Fathers {bond with} their babies by playing with them.
make amends	xatoni tuzatmoq, gunohini yuvmoq	phrase	/meɪk əˈmendz/	He bought her flowers to {make amends}.
# Stage 3: education and learning
tuition	o'qish to'lovi; dars berish	n	/tjuˈɪʃn/	{Tuition} at private universities is very expensive.
faculty	fakultet	n	/ˈfæklti/	She studies at the {faculty} of law.
campus	universitet hududi	n	/ˈkæmpəs/	There is a big library on the {campus}.
dormitory	yotoqxona	n	/ˈdɔːmətri/	First-year students live in a {dormitory}.
dean	dekan	n	/diːn/	The {dean} gave a speech to the new students.
postgraduate	magistrant, aspirant	n	/ˌpəʊstˈɡrædʒuət/	As a {postgraduate}, he does research in chemistry.
doctorate	doktorlik darajasi	n	/ˈdɒktərət/	She is working on her {doctorate} in physics.
coursework	kurs ishi	n	/ˈkɔːswɜːk/	Half of the final mark comes from {coursework}.
module	modul, bo'lim	n	/ˈmɒdjuːl/	This {module} covers modern history.
seminar	seminar	n	/ˈsemɪnɑː/	We discussed the book in the {seminar}.
tutorial	amaliy mashg'ulot; qo'llanma	n	/tjuːˈtɔːriəl/	I watched a video {tutorial} on how to use the software.
extension	muddatni uzaytirish	n	/ɪkˈstenʃn/	I asked my teacher for an {extension} on my essay.
plagiarism	plagiat, ko'chirmachilik	n	/ˈpleɪdʒərɪzəm/	Copying from the internet is {plagiarism}.
mock exam	sinov imtihoni	phrase	/ˌmɒk ɪɡˈzæm/	We have a {mock exam} before the real IELTS test.
pass mark	o'tish bali	phrase	/ˈpɑːs mɑːk/	The {pass mark} for this test is 60%.
retake	qayta topshirmoq	v	/ˌriːˈteɪk/	If you fail, you can {retake} the exam in August.
enrolment	ro'yxatga olish	n	/ɪnˈrəʊlmənt/	{Enrolment} for the new course starts on Monday.
admission	qabul	n	/ədˈmɪʃn/	He got {admission} to a university in Seoul.
entrance exam	kirish imtihoni	phrase	/ˈentrəns ɪɡzæm/	She is preparing for the university {entrance exam}.
transcript	baholar varaqasi; matn yozuvi	n	/ˈtrænskrɪpt/	The university asked for my school {transcript}.
report card	tabel, baholar kartasi	phrase	/rɪˈpɔːt kɑːd/	He was afraid to show his parents his {report card}.
literacy	savodxonlik	n	/ˈlɪtərəsi/	The country has a {literacy} rate of 99%.
illiterate	savodsiz	adj	/ɪˈlɪtərət/	His grandfather was {illiterate} but very wise.
comprehension	tushunish	n	/ˌkɒmprɪˈhenʃn/	The test has a reading {comprehension} section.
fluency	ravonlik	n	/ˈfluːənsi/	Speaking every day improves your {fluency}.
proficiency	mahorat darajasi	n	/prəˈfɪʃnsi/	You need a certificate of English {proficiency}.
proficient	malakali, puxta biladigan	adj	/prəˈfɪʃnt/	She is {proficient} in three languages.
gifted	iste'dodli	adj	/ˈɡɪftɪd/	The school has a special class for {gifted} children.
concentration	diqqatni jamlash	n	/ˌkɒnsnˈtreɪʃn/	Noise affects my {concentration}.
attention span	diqqat davomiyligi	phrase	/əˈtenʃn spæn/	Small children have a short {attention span}.
distraction	chalg'ituvchi narsa	n	/dɪˈstrækʃn/	My phone is a big {distraction} when I study.
procrastinate	ishni orqaga surmoq	v	/prəˈkræstɪneɪt/	If you {procrastinate}, you will never finish.
procrastination	ishni paysalga solish	n	/prəˌkræstɪˈneɪʃn/	{Procrastination} is a student's worst enemy.
motivation	motivatsiya, ishtiyoq	n	/ˌməʊtɪˈveɪʃn/	Good teachers increase students' {motivation}.
self-study	mustaqil o'qish	n	/ˌself ˈstʌdi/	I learned Korean through {self-study}.
rote learning	yodlab o'rganish	phrase	/ˈrəʊt lɜːnɪŋ/	{Rote learning} is not the best way to learn grammar.
learn by heart	yod olmoq	phrase	/lɜːn baɪ ˈhɑːt/	We had to {learn by heart} a long poem.
take notes	qayd yozmoq, konspekt qilmoq	phrase	/teɪk ˈnəʊts/	It's a good idea to {take notes} during lectures.
brainstorm	fikrlar hujumi o'tkazmoq	v	/ˈbreɪnstɔːm/	Let's {brainstorm} ideas for the project.
outline	reja, qisqacha bayon	n	/ˈaʊtlaɪn/	Write an {outline} before you start your essay.
proofread	xatolarini tekshirmoq	v	/ˈpruːfriːd/	Always {proofread} your essay before you hand it in.
edit	tahrirlamoq	v	/ˈedɪt/	You can {edit} the document online.
reference	manba, havola; tavsiyanoma	n	/ˈrefrəns/	My old teacher wrote me a {reference}.
bibliography	adabiyotlar ro'yxati	n	/ˌbɪbliˈɒɡrəfi/	Put all your sources in the {bibliography}.
hypothesis	faraz, gipoteza	n	/haɪˈpɒθəsɪs/	The experiment proved his {hypothesis}.
observation	kuzatuv	n	/ˌɒbzəˈveɪʃn/	Scientists learn a lot through careful {observation}.
conclusion	xulosa	n	/kənˈkluːʒn/	What {conclusion} can we draw from the data?
handout	tarqatma material	n	/ˈhændaʊt/	Please read the {handout} before the lesson.
slide	slayd	n	/slaɪd/	The next {slide} shows the results.
whiteboard	oq doska	n	/ˈwaɪtbɔːd/	The teacher wrote the new words on the {whiteboard}.
stationery	kanselyariya buyumlari	n	/ˈsteɪʃənri/	You can buy {stationery} at the shop near school.
highlighter	markerli ruchka	n	/ˈhaɪlaɪtə/	I use a yellow {highlighter} for important words.
calculator	kalkulyator	n	/ˈkælkjuleɪtə/	You can't use a {calculator} in the maths test.
encyclopedia	ensiklopediya	n	/ɪnˌsaɪkləˈpiːdiə/	Wikipedia is a free online {encyclopedia}.
headteacher	maktab direktori	n	/ˌhedˈtiːtʃə/	The {headteacher} spoke to the parents.
detention	darsdan keyin qoldirish (jazo)	n	/dɪˈtenʃn/	He got a {detention} for being rude.
expel	o'qishdan haydamoq	v	/ɪkˈspel/	The school may {expel} students who fight.
suspend	vaqtincha chetlatmoq	v	/səˈspend/	They decided to {suspend} him for a week.
skip class	darsni qoldirmoq	phrase	/skɪp ˈklɑːs/	If you {skip class}, you will miss important information.
bully	bezori	n	/ˈbʊli/	The {bully} took the smaller boy's lunch.
bullying	tazyiq, bezorilik	n	/ˈbʊliɪŋ/	The school has a strict policy against {bullying}.
extracurricular	darsdan tashqari	adj	/ˌekstrəkəˈrɪkjələ/	The school offers many {extracurricular} activities.
field trip	o'quv sayohati	phrase	/ˈfiːld trɪp/	We went on a {field trip} to the science museum.
academic year	o'quv yili	phrase	/ˌækədemɪk ˈjɪə/	The {academic year} starts in September.
vocational	kasbiy	adj	/vəʊˈkeɪʃənl/	He went to a {vocational} college to become a mechanic.
apprentice	shogird	n	/əˈprentɪs/	He works as an {apprentice} in a car workshop.
apprenticeship	shogirdlik	n	/əˈprentɪʃɪp/	She did a three-year {apprenticeship} as a chef.
trainee	stajyor	n	/ˌtreɪˈniː/	The bank hired ten new {trainee} staff this year.
humanities	gumanitar fanlar	n	/hjuːˈmænətiz/	She wants to study {humanities} at university.
linguistics	tilshunoslik	n	/lɪŋˈɡwɪstɪks/	{Linguistics} is the scientific study of language.
philosophy	falsafa	n	/fəˈlɒsəfi/	We read Plato in our {philosophy} class.
psychology	psixologiya	n	/saɪˈkɒlədʒi/	She has a degree in {psychology}.
sociology	sotsiologiya	n	/ˌsəʊsiˈɒlədʒi/	{Sociology} studies how people live in groups.
economics	iqtisodiyot (fan)	n	/ˌiːkəˈnɒmɪks/	He is studying {economics} in London.
engineering	muhandislik	n	/ˌendʒɪˈnɪərɪŋ/	Many students choose {engineering} because jobs are well paid.
algebra	algebra	n	/ˈældʒɪbrə/	I find {algebra} harder than geometry.
geometry	geometriya	n	/dʒiˈɒmətri/	In {geometry} we learn about shapes and angles.
equation	tenglama	n	/ɪˈkweɪʒn/	Can you solve this {equation}?
calculation	hisob-kitob	n	/ˌkælkjuˈleɪʃn/	My {calculation} shows we need 20 more chairs.
formula	formula	n	/ˈfɔːmjələ/	Learn the {formula} for the area of a circle.
scholar	olim	n	/ˈskɒlə/	He was a famous {scholar} of Islamic history.
intellectual	aqliy, ziyoli	adj	/ˌɪntəˈlektʃuəl/	Chess is a good {intellectual} exercise.
knowledgeable	bilimdon	adj	/ˈnɒlɪdʒəbl/	Our guide was very {knowledgeable} about history.
well-educated	yaxshi ta'lim olgan	adj	/ˌwel ˈedʒukeɪtɪd/	She comes from a {well-educated} family.
ignorance	johillik, bilmaslik	n	/ˈɪɡnərəns/	Many problems are caused by {ignorance}.
ignorant	johil, bexabar	adj	/ˈɪɡnərənt/	I felt {ignorant} because I knew nothing about art.
misconception	noto'g'ri tushuncha	n	/ˌmɪskənˈsepʃn/	It is a common {misconception} that bats are blind.
insight	chuqur tushuncha	n	/ˈɪnsaɪt/	The book gives an {insight} into life in the 1920s.
grasp	anglamoq, tushunib olmoq	v	/ɡrɑːsp/	It took me a while to {grasp} the rules of cricket.
comprehend	idrok etmoq	v	/ˌkɒmprɪˈhend/	Young children can't {comprehend} the idea of death.
memorable	esda qolarli	adj	/ˈmemərəbl/	Our trip to Khiva was really {memorable}.
recall	eslamoq	v	/rɪˈkɔːl/	I can't {recall} his name.
revision	takrorlash	n	/rɪˈvɪʒn/	I need to do some {revision} for the exam.
assessment	baholash	n	/əˈsesmənt/	The final {assessment} is a written test.
feedback	fikr-mulohaza	n	/ˈfiːdbæk/	The teacher gave me useful {feedback} on my essay.
evaluation	baho berish, tahlil	n	/ɪˌvæljuˈeɪʃn/	Students fill in an {evaluation} of the course.
criteria	mezonlar	n	/kraɪˈtɪəriə/	The essay is marked using four {criteria}.
excel	a'lo darajada bajarmoq	v	/ɪkˈsel/	She will {excel} at any sport she tries.
aptitude	qobiliyat, layoqat	n	/ˈæptɪtjuːd/	He has an {aptitude} for languages.
cram	shoshilinch yodlamoq	v	/kræm/	It is better to study every day than to {cram} the night before.
# Stage 4: work and careers
workforce	ishchi kuchi	n	/ˈwɜːkfɔːs/	Women make up half of the company's {workforce}.
workplace	ish joyi	n	/ˈwɜːkpleɪs/	Smoking is not allowed in the {workplace}.
workload	ish hajmi	n	/ˈwɜːkləʊd/	Teachers have a heavy {workload} in May.
recruit	ishga yollamoq	v	/rɪˈkruːt/	The company plans to {recruit} fifty new workers.
recruitment	xodim yollash	n	/rɪˈkruːtmənt/	She works in {recruitment} for a big bank.
shortlist	saralangan ro'yxatga kiritmoq	v	/ˈʃɔːtlɪst/	They will {shortlist} five candidates for an interview.
job hunting	ish qidirish	phrase	/ˈdʒɒb hʌntɪŋ/	{Job hunting} can take many months.
cover letter	ilova xat	phrase	/ˈkʌvə letə/	Send your CV with a short {cover letter}.
probation	sinov muddati	n	/prəˈbeɪʃn/	New staff are on {probation} for three months.
induction	yangi xodimni tanishtirish	n	/ɪnˈdʌkʃn/	All new employees attend an {induction} on their first day.
promote	lavozimini oshirmoq	v	/prəˈməʊt/	They decided to {promote} her to manager.
demote	lavozimini pasaytirmoq	v	/ˌdiːˈməʊt/	The company had to {demote} him after the mistake.
dismiss	ishdan bo'shatmoq	v	/dɪsˈmɪs/	The manager can't {dismiss} you without a reason.
dismissal	ishdan bo'shatish	n	/dɪsˈmɪsl/	He took the company to court over his {dismissal}.
redundant	qisqartirilgan (xodim)	adj	/rɪˈdʌndənt/	Two hundred workers were made {redundant}.
redundancy	shtat qisqarishi	n	/rɪˈdʌndənsi/	The factory closed and there was a wave of {redundancy}.
lay off	ishdan bo'shatmoq (qisqartirish tufayli)	phrase	/leɪ ˈɒf/	The airline had to {lay off} a thousand staff.
sack	ishdan haydamoq	v	/sæk/	If you are late again, the boss will {sack} you.
resignation	iste'fo	n	/ˌrezɪɡˈneɪʃn/	He handed in his {resignation} on Friday.
retirement	nafaqaga chiqish	n	/rɪˈtaɪəmənt/	My father is enjoying his {retirement}.
notice period	ogohlantirish muddati	phrase	/ˈnəʊtɪs pɪəriəd/	My {notice period} is one month.
maternity leave	dekret ta'tili	phrase	/məˈtɜːnəti liːv/	She is on {maternity leave} until next spring.
sick leave	kasallik ta'tili	phrase	/ˈsɪk liːv/	He has been on {sick leave} for two weeks.
annual leave	yillik ta'til	phrase	/ˌænjuəl ˈliːv/	Employees get 21 days of {annual leave}.
day off	dam olish kuni	phrase	/ˌdeɪ ˈɒf/	I'm taking a {day off} on Monday.
working hours	ish vaqti	phrase	/ˈwɜːkɪŋ aʊəz/	Our {working hours} are nine to six.
flexitime	moslashuvchan ish vaqti	n	/ˈfleksitaɪm/	With {flexitime}, I can start work at ten.
remote work	masofaviy ish	phrase	/rɪˌməʊt ˈwɜːk/	{Remote work} became popular after 2020.
work from home	uydan ishlamoq	phrase	/wɜːk frəm ˈhəʊm/	On Fridays I {work from home}.
supervisor	nazoratchi, rahbar	n	/ˈsuːpəvaɪzə/	Ask your {supervisor} before you leave early.
subordinate	qo'l ostidagi xodim	n	/səˈbɔːdɪnət/	A good boss listens to every {subordinate}.
executive	rahbar, ijrochi xodim	n	/ɪɡˈzekjətɪv/	She is a senior {executive} at an oil company.
chairman	rais	n	/ˈtʃeəmən/	The {chairman} opened the meeting.
board of directors	direktorlar kengashi	phrase	/ˌbɔːd əv dəˈrektəz/	The {board of directors} meets every month.
personnel	xodimlar	n	/ˌpɜːsəˈnel/	All {personnel} must wear a badge.
human resources	kadrlar bo'limi	phrase	/ˌhjuːmən rɪˈzɔːsɪz/	Send your application to {human resources}.
payroll	ish haqi ro'yxati	n	/ˈpeɪrəʊl/	The company has 300 people on the {payroll}.
pay rise	maosh oshishi	phrase	/ˈpeɪ raɪz/	I asked my boss for a {pay rise}.
perk	qo'shimcha imtiyoz	n	/pɜːk/	Free lunch is a nice {perk} of the job.
incentive	rag'bat	n	/ɪnˈsentɪv/	The bonus is an {incentive} to work harder.
commission	komissiya, foiz haqi	n	/kəˈmɪʃn/	Salespeople get a {commission} on every car they sell.
allowance	nafaqa, qo'shimcha to'lov	n	/əˈlaʊəns/	The company pays a travel {allowance}.
payslip	maosh varaqasi	n	/ˈpeɪslɪp/	Check your {payslip} every month.
workaholic	ishdan boshqasini bilmaydigan odam	n	/ˌwɜːkəˈhɒlɪk/	My father is a {workaholic} who never takes a holiday.
burnout	charchab qolish, kuyib qolish	n	/ˈbɜːnaʊt/	Working 70 hours a week can lead to {burnout}.
productivity	unumdorlik	n	/ˌprɒdʌkˈtɪvəti/	New machines increased {productivity}.
efficiency	samaradorlik	n	/ɪˈfɪʃnsi/	We need to improve the {efficiency} of the office.
appraisal	ish faoliyatini baholash	n	/əˈpreɪzl/	I have my annual {appraisal} with my manager next week.
objective	maqsad	n	/əbˈdʒektɪv/	Our main {objective} is to increase sales.
accomplish	amalga oshirmoq	v	/əˈkʌmplɪʃ/	We can {accomplish} a lot if we work together.
delegate	vakolat bermoq, topshirmoq	v	/ˈdelɪɡeɪt/	A good manager knows how to {delegate} tasks.
collaborate	hamkorlik qilmoq	v	/kəˈlæbəreɪt/	The two universities {collaborate} on research.
collaboration	hamkorlik	n	/kəˌlæbəˈreɪʃn/	The film is a {collaboration} between two studios.
teamwork	jamoaviy ish	n	/ˈtiːmwɜːk/	{Teamwork} is essential in football.
cooperation	o'zaro hamkorlik	n	/kəʊˌɒpəˈreɪʃn/	Thank you for your {cooperation}.
coordinate	muvofiqlashtirmoq	v	/kəʊˈɔːdɪneɪt/	She will {coordinate} the project.
oversee	boshqarib turmoq	v	/ˌəʊvəˈsiː/	He was hired to {oversee} the building work.
administration	ma'muriyat	n	/ədˌmɪnɪˈstreɪʃn/	The school {administration} is on the second floor.
administrative	ma'muriy	adj	/ədˈmɪnɪstrətɪv/	She does {administrative} work in a hospital.
clerical	idoraviy, kotiblik	adj	/ˈklerɪkl/	The job involves {clerical} tasks like filing.
manual	qo'l mehnati bilan bog'liq	adj	/ˈmænjuəl/	He prefers {manual} work to sitting in an office.
unskilled	malakasiz	adj	/ˌʌnˈskɪld/	{Unskilled} workers often earn very little.
labour	mehnat	n	/ˈleɪbə/	The cost of {labour} is rising.
labourer	qora ishchi	n	/ˈleɪbərə/	He worked as a {labourer} on a building site.
blue-collar	jismoniy mehnat qiluvchi	adj	/ˌbluː ˈkɒlə/	Most people in the town have {blue-collar} jobs.
white-collar	idora xodimi (aqliy mehnat)	adj	/ˌwaɪt ˈkɒlə/	{White-collar} workers usually work in offices.
vocation	chaqiriq, kasbga moyillik	n	/vəʊˈkeɪʃn/	For her, teaching is a {vocation}, not just a job.
craftsman	hunarmand	n	/ˈkrɑːftsmən/	This table was made by a local {craftsman}.
employable	ishga olinadigan	adj	/ɪmˈplɔɪəbl/	Learning English makes you more {employable}.
prospects	istiqbol	n	/ˈprɒspekts/	The job has good {prospects} for promotion.
career path	martaba yo'li	phrase	/kəˈrɪə pɑːθ/	She is still choosing her {career path}.
expertise	ekspertlik, mutaxassislik	n	/ˌekspɜːˈtiːz/	We need your {expertise} in marketing.
competence	malaka, qobiliyat	n	/ˈkɒmpɪtəns/	Nobody doubts his {competence} as a doctor.
competent	malakali	adj	/ˈkɒmpɪtənt/	She is a very {competent} engineer.
initiative	tashabbus	n	/ɪˈnɪʃətɪv/	He showed {initiative} by solving the problem himself.
multitask	bir vaqtda bir necha ish qilmoq	v	/ˌmʌltiˈtɑːsk/	In this job you need to {multitask}.
prioritise	ustuvorlik bermoq	v	/praɪˈɒrətaɪz/	Learn to {prioritise} the most important tasks.
meet a deadline	ishni muddatida topshirmoq	phrase	/miːt ə ˈdedlaɪn/	We worked all night to {meet a deadline}.
work under pressure	bosim ostida ishlamoq	phrase	/wɜːk ʌndə ˈpreʃə/	Can you {work under pressure}?
union	kasaba uyushmasi	n	/ˈjuːniən/	The {union} is asking for higher pay.
strike	ish tashlash	n	/straɪk/	The workers are on {strike} again.
minimum wage	eng kam ish haqi	phrase	/ˌmɪnɪməm ˈweɪdʒ/	The government raised the {minimum wage}.
self-employed	o'zini o'zi band qilgan	adj	/ˌself ɪmˈplɔɪd/	My uncle is {self-employed} and runs a small shop.
job security	ish barqarorligi	phrase	/ˈdʒɒb sɪkjʊərəti/	Government jobs offer good {job security}.
job satisfaction	ishdan qoniqish	phrase	/ˈdʒɒb sætɪsfækʃn/	Money is important, but {job satisfaction} matters more.
tedious	zerikarli, bir xil	adj	/ˈtiːdiəs/	Filling in forms is {tedious} work.
repetitive	takroriy	adj	/rɪˈpetətɪv/	Factory work can be very {repetitive}.
fulfilling	qoniqish beradigan	adj	/fʊlˈfɪlɪŋ/	Helping people is very {fulfilling}.
overworked	haddan tashqari ishlagan	adj	/ˌəʊvəˈwɜːkt/	Doctors in the hospital are {overworked}.
underpaid	kam maosh oladigan	adj	/ˌʌndəˈpeɪd/	Many teachers feel {underpaid}.
dress code	kiyinish qoidasi	phrase	/ˈdres kəʊd/	The office has a strict {dress code}.
badge	nishon, bejik	n	/bædʒ/	Please wear your name {badge} at the conference.
desk job	idorada ishlash	phrase	/ˈdesk dʒɒb/	After ten years as a pilot, he wanted a {desk job}.
headhunter	kadr ovchisi	n	/ˈhedhʌntə/	A {headhunter} offered her a job in Dubai.
job title	lavozim nomi	phrase	/ˈdʒɒb taɪtl/	What is your {job title}?
workstation	ish joyi (stol va kompyuter)	n	/ˈwɜːksteɪʃn/	Keep your {workstation} clean and tidy.
freelance	mustaqil (shartnoma asosida)	adj	/ˈfriːlɑːns/	She does {freelance} translation work.
occupational	kasbga oid	adj	/ˌɒkjuˈpeɪʃənl/	Back pain is an {occupational} problem for drivers.
career break	martabada tanaffus	phrase	/kəˈrɪə breɪk/	He took a {career break} to travel the world.
on duty	navbatchilikda	phrase	/ɒn ˈdjuːti/	Two nurses are {on duty} tonight.
# Stage 5: business, money and the economy
finance	moliya	n	/ˈfaɪnæns/	She is the director of {finance} at a large company.
financial	moliyaviy	adj	/faɪˈnænʃl/	The family is having {financial} problems.
fund	jamg'arma, fond	n	/fʌnd/	The school started a {fund} to buy new computers.
funding	moliyalashtirish	n	/ˈfʌndɪŋ/	The project needs more government {funding}.
asset	aktiv, boylik	n	/ˈæset/	Her experience is a great {asset} to the team.
revenue	daromad (tushum)	n	/ˈrevənjuː/	Tourism brings a lot of {revenue} to the city.
turnover	aylanma mablag'	n	/ˈtɜːnəʊvə/	The shop has an annual {turnover} of two million dollars.
expenditure	xarajatlar	n	/ɪkˈspendɪtʃə/	Government {expenditure} on health has increased.
deficit	kamomad	n	/ˈdefɪsɪt/	The country has a large budget {deficit}.
surplus	ortiqcha, profitsit	n	/ˈsɜːpləs/	There is a {surplus} of wheat this year.
shareholder	aksiyador	n	/ˈʃeəhəʊldə/	Every {shareholder} received a letter about the meeting.
stock market	fond bozori	phrase	/ˈstɒk mɑːkɪt/	He lost a lot of money on the {stock market}.
investor	investor	n	/ɪnˈvestə/	The start-up is looking for an {investor}.
dividend	dividend	n	/ˈdɪvɪdend/	The company pays a {dividend} twice a year.
interest rate	foiz stavkasi	phrase	/ˈɪntrəst reɪt/	The bank raised its {interest rate}.
bankrupt	bankrot, sinib qolgan	adj	/ˈbæŋkrʌpt/	The company went {bankrupt} last year.
bankruptcy	bankrotlik	n	/ˈbæŋkrʌptsi/	Many small shops faced {bankruptcy} during the crisis.
recession	iqtisodiy tanazzul	n	/rɪˈseʃn/	Many people lost their jobs during the {recession}.
boom	keskin o'sish	n	/buːm/	There was a building {boom} in the capital.
merger	qo'shilish (kompaniyalar)	n	/ˈmɜːdʒə/	The {merger} created the biggest bank in the country.
merge	birlashmoq	v	/mɜːdʒ/	The two companies plan to {merge} next year.
monopoly	monopoliya	n	/məˈnɒpəli/	The company has a {monopoly} on gas supply.
enterprise	korxona, tadbirkorlik	n	/ˈentəpraɪz/	The government supports small {enterprise}.
subsidiary	sho'ba korxona	n	/səbˈsɪdiəri/	The firm opened a {subsidiary} in Kazakhstan.
franchise	franshiza	n	/ˈfræntʃaɪz/	He bought a coffee shop {franchise}.
supplier	yetkazib beruvchi	n	/səˈplaɪə/	We need to find a cheaper {supplier}.
distributor	distribyutor	n	/dɪˈstrɪbjətə/	He is the only {distributor} of the brand in Uzbekistan.
manufacturer	ishlab chiqaruvchi	n	/ˌmænjuˈfæktʃərə/	The {manufacturer} gives a two-year guarantee.
retailer	chakana sotuvchi	n	/ˈriːteɪlə/	The {retailer} reduced its prices before the holidays.
outlet	savdo nuqtasi	n	/ˈaʊtlet/	The company has an {outlet} in every big city.
market share	bozor ulushi	phrase	/ˌmɑːkɪt ˈʃeə/	The new phone increased the company's {market share}.
target market	maqsadli bozor	phrase	/ˌtɑːɡɪt ˈmɑːkɪt/	Teenagers are the {target market} for this game.
launch	ishga tushirmoq	v	/lɔːntʃ/	They will {launch} the new product in May.
branding	brend yaratish	n	/ˈbrændɪŋ/	Good {branding} helps customers remember you.
sponsor	homiy	n	/ˈspɒnsə/	The bank is the main {sponsor} of the festival.
sponsorship	homiylik	n	/ˈspɒnsəʃɪp/	The team gets money from {sponsorship}.
publicity	ommaviy e'tibor, reklama	n	/pʌbˈlɪsəti/	The scandal gave the film a lot of {publicity}.
endorse	qo'llab-quvvatlamoq, reklama qilmoq	v	/ɪnˈdɔːs/	Famous players often {endorse} sports shoes.
bid	taklif (narx)	n	/bɪd/	Our company made a {bid} for the contract.
clause	band (shartnomada)	n	/klɔːz/	Read every {clause} before you sign the contract.
terms and conditions	shartlar va qoidalar	phrase	/ˌtɜːmz ən kənˈdɪʃnz/	Nobody reads the {terms and conditions}.
stakeholder	manfaatdor tomon	n	/ˈsteɪkhəʊldə/	Every {stakeholder} was invited to the meeting.
compensation	tovon puli	n	/ˌkɒmpenˈseɪʃn/	The airline paid {compensation} for the delay.
reimburse	xarajatni qoplamoq	v	/ˌriːɪmˈbɜːs/	The company will {reimburse} your travel costs.
instalment	bo'lib to'lash qismi	n	/ɪnˈstɔːlmənt/	The first {instalment} is due next month.
overdraft	overdraft (hisobdan ortiq qarz)	n	/ˈəʊvədrɑːft/	I have an {overdraft} of 500 dollars.
savings account	jamg'arma hisobi	phrase	/ˈseɪvɪŋz əkaʊnt/	Put the money into a {savings account}.
current account	joriy hisob	phrase	/ˈkʌrənt əkaʊnt/	My salary goes into my {current account}.
counterfeit	qalbaki	adj	/ˈkaʊntəfɪt/	The police found {counterfeit} money in his car.
fraud	firibgarlik	n	/frɔːd/	He went to prison for credit card {fraud}.
taxpayer	soliq to'lovchi	n	/ˈtækspeɪə/	The new bridge was built with {taxpayer} money.
income tax	daromad solig'i	phrase	/ˈɪnkʌm tæks/	Everyone who works pays {income tax}.
tariff	tarif, boj	n	/ˈtærɪf/	The government put a {tariff} on imported cars.
quota	kvota, ulush	n	/ˈkwəʊtə/	Each salesperson has a monthly {quota}.
globalisation	globallashuv	n	/ˌɡləʊbəlaɪˈzeɪʃn/	{Globalisation} has changed the way we shop.
multinational	ko'p millatli, xalqaro	adj	/ˌmʌltiˈnæʃnəl/	He works for a {multinational} company.
outsource	tashqi pudratga bermoq	v	/ˈaʊtsɔːs/	Many firms {outsource} their IT support.
e-commerce	elektron tijorat	n	/ˈiː kɒmɜːs/	{E-commerce} is growing fast in Central Asia.
venture	tavakkal ish, loyiha	n	/ˈventʃə/	Their new business {venture} was a success.
profit margin	foyda marjasi	phrase	/ˈprɒfɪt mɑːdʒɪn/	The {profit margin} on coffee is very high.
overheads	qo'shimcha xarajatlar	n	/ˈəʊvəhedz/	Rent and electricity are our biggest {overheads}.
cash flow	pul oqimi	phrase	/ˈkæʃ fləʊ/	Small businesses often have {cash flow} problems.
break even	zararsiz ishlamoq	phrase	/breɪk ˈiːvn/	We hope to {break even} in the first year.
forecast	prognoz	n	/ˈfɔːkɑːst/	The sales {forecast} for next year is good.
figures	raqamlar, ko'rsatkichlar	n	/ˈfɪɡəz/	The latest {figures} show a rise in prices.
spreadsheet	elektron jadval	n	/ˈspredʃiːt/	I keep my monthly budget in a {spreadsheet}.
audit	auditorlik tekshiruvi	n	/ˈɔːdɪt/	The tax office carried out an {audit}.
balance sheet	buxgalteriya balansi	phrase	/ˈbæləns ʃiːt/	The {balance sheet} shows the company's assets.
price range	narx oralig'i	phrase	/ˈpraɪs reɪndʒ/	What is your {price range} for a new laptop?
costly	qimmatga tushadigan	adj	/ˈkɒstli/	The mistake was very {costly} for the company.
economical	tejamkor	adj	/ˌiːkəˈnɒmɪkl/	This car is very {economical} on fuel.
thrifty	tejamkor, isrof qilmaydigan	adj	/ˈθrɪfti/	My {thrifty} grandmother never throws anything away.
wealthy	badavlat	adj	/ˈwelθi/	He comes from a {wealthy} family.
well-off	boy, to'kin	adj	/ˌwel ˈɒf/	They are quite {well-off} and travel a lot.
broke	puli qolmagan	adj	/brəʊk/	I can't come to the cinema — I'm {broke}.
borrower	qarz oluvchi	n	/ˈbɒrəʊə/	The bank checks every {borrower} carefully.
lender	qarz beruvchi	n	/ˈlendə/	The {lender} wants the money back in a year.
donation	xayriya	n	/dəʊˈneɪʃn/	They made a {donation} to the children's hospital.
fundraising	mablag' yig'ish	n	/ˈfʌndreɪzɪŋ/	The students organised a {fundraising} concert.
pay off	qarzni to'lab bo'lmoq	phrase	/peɪ ˈɒf/	It took ten years to {pay off} the mortgage.
cut back on	kamaytirmoq	phrase	/kʌt ˈbæk ɒn/	We need to {cut back on} spending.
splash out	pulni ayamay sarflamoq	phrase	/splæʃ ˈaʊt/	Let's {splash out} on a nice dinner for your birthday.
rip-off	shilish, haddan tashqari qimmat	n	/ˈrɪp ɒf/	Ten dollars for a coffee? What a {rip-off}!
value for money	narxiga arziydi	phrase	/ˌvæljuː fə ˈmʌni/	The hotel was cheap and good {value for money}.
economist	iqtisodchi	n	/ɪˈkɒnəmɪst/	The {economist} predicted lower prices next year.
profitability	rentabellik	n	/ˌprɒfɪtəˈbɪləti/	The {profitability} of the business has improved.
commodity	tovar, xomashyo	n	/kəˈmɒdəti/	Cotton is an important {commodity} for Uzbekistan.
entrepreneurship	tadbirkorlik	n	/ˌɒntrəprəˈnɜːʃɪp/	The university teaches {entrepreneurship} to students.
startup capital	boshlang'ich kapital	phrase	/ˈstɑːtʌp kæpɪtl/	We needed {startup capital} to open the café.
invest in	sarmoya kiritmoq	phrase	/ɪnˈvest ɪn/	It is wise to {invest in} your education.
expenses	sarf-xarajatlar	n	/ɪkˈspensɪz/	The company pays my travel {expenses}.
wholesaler	ulgurji sotuvchi	n	/ˈhəʊlseɪlə/	We buy our vegetables from a {wholesaler}.
barter	ayirboshlash	n	/ˈbɑːtə/	In the past, people used {barter} instead of money.
lucrative	sersarmoya, daromadli	adj	/ˈluːkrətɪv/	Oil is a very {lucrative} business.
consumption	iste'mol	n	/kənˈsʌmpʃn/	Electricity {consumption} rises in summer.
consume	iste'mol qilmoq	v	/kənˈsjuːm/	Big cars {consume} a lot of petrol.
bargaining	savdolashish	n	/ˈbɑːɡənɪŋ/	{Bargaining} is normal at the Chorsu bazaar.
income bracket	daromad guruhi	phrase	/ˈɪnkʌm brækɪt/	Families in a low {income bracket} get help from the state.
cashback	keshbek	n	/ˈkæʃbæk/	This card gives you 2% {cashback} on every purchase.
shopaholic	xarid qilishga ruju qo'ygan odam	n	/ˌʃɒpəˈhɒlɪk/	My sister is a {shopaholic} who spends all her salary on clothes.
# Stage 6: media, news and the internet
journalism	jurnalistika	n	/ˈdʒɜːnəlɪzəm/	She studied {journalism} at university.
press conference	matbuot anjumani	phrase	/ˈpres kɒnfərəns/	The coach answered questions at the {press conference}.
coverage	yoritish (ommaviy axborotda)	n	/ˈkʌvərɪdʒ/	The election got a lot of TV {coverage}.
breaking news	shoshilinch xabar	phrase	/ˌbreɪkɪŋ ˈnjuːz/	We interrupt this programme with {breaking news}.
bulletin	axborot, byulleten	n	/ˈbʊlətɪn/	I heard it on the six o'clock news {bulletin}.
newsreader	diktor	n	/ˈnjuːzriːdə/	The {newsreader} looked shocked as she read the story.
presenter	boshlovchi	n	/prɪˈzentə/	He is a TV {presenter} on a cooking show.
correspondent	muxbir	n	/ˌkɒrəˈspɒndənt/	Our {correspondent} in Moscow sent this report.
columnist	sharhlovchi (gazeta ustuni muallifi)	n	/ˈkɒləmnɪst/	She is a {columnist} for a sports magazine.
editorial	bosh maqola	n	/ˌedɪˈtɔːriəl/	Today's {editorial} is about school reform.
tabloid	sariq gazeta	n	/ˈtæblɔɪd/	The {tabloid} printed photos of the singer's wedding.
circulation	tiraj	n	/ˌsɜːkjəˈleɪʃn/	The newspaper has a {circulation} of fifty thousand.
subscriber	obunachi	n	/səbˈskraɪbə/	Every new {subscriber} gets a free e-book.
subscription	obuna	n	/səbˈskrɪpʃn/	I have a monthly {subscription} to a music app.
subscribe	obuna bo'lmoq	v	/səbˈskraɪb/	Don't forget to {subscribe} to our channel.
unsubscribe	obunani bekor qilmoq	v	/ˌʌnsəbˈskraɪb/	Click here to {unsubscribe} from our emails.
hashtag	heshteg	n	/ˈhæʃtæɡ/	Use the {hashtag} so people can find your post.
trending	ommalashayotgan	adj	/ˈtrendɪŋ/	This song is {trending} on TikTok.
viral	tez tarqalgan	adj	/ˈvaɪrəl/	The video went {viral} in one day.
influencer	blogger, ta'sir o'tkazuvchi	n	/ˈɪnfluənsə/	The {influencer} advertises clothes on Instagram.
content creator	kontent yaratuvchi	phrase	/ˈkɒntent kriˌeɪtə/	He left his job to become a {content creator}.
vlog	videoblog	n	/vlɒɡ/	She posts a travel {vlog} every week.
vlogger	videoblogger	n	/ˈvlɒɡə/	The {vlogger} filmed his trip to Bukhara.
livestream	jonli efir	n	/ˈlaɪvstriːm/	Thousands watched the concert {livestream}.
streaming	striming, onlayn tomosha	n	/ˈstriːmɪŋ/	{Streaming} services have changed how we watch films.
caption	rasm ostidagi yozuv	n	/ˈkæpʃn/	Write a funny {caption} for this photo.
meme	mem	n	/miːm/	He sent me a {meme} about Monday mornings.
troll	trol (internetda janjal qo'zg'atuvchi)	n	/trəʊl/	Don't answer the {troll} — just ignore him.
cyberbullying	internetdagi tazyiq	n	/ˈsaɪbəbʊliɪŋ/	{Cyberbullying} is a serious problem in schools.
fake news	yolg'on xabarlar	phrase	/ˌfeɪk ˈnjuːz/	Check the source before you share {fake news}.
misinformation	noto'g'ri ma'lumot	n	/ˌmɪsɪnfəˈmeɪʃn/	There is a lot of {misinformation} about health online.
bias	tarafkashlik	n	/ˈbaɪəs/	The report shows a clear political {bias}.
biased	tarafkash	adj	/ˈbaɪəst/	The article was {biased} against the government.
censorship	senzura	n	/ˈsensəʃɪp/	There was strict {censorship} of the press.
censor	senzuradan o'tkazmoq	v	/ˈsensə/	The government tried to {censor} the film.
propaganda	tashviqot, propaganda	n	/ˌprɒpəˈɡændə/	The posters were wartime {propaganda}.
freedom of speech	so'z erkinligi	phrase	/ˌfriːdəm əv ˈspiːtʃ/	{Freedom of speech} is a basic human right.
privacy	shaxsiy hayot daxlsizligi	n	/ˈprɪvəsi/	Celebrities complain about the lack of {privacy}.
anonymous	anonim, nomsiz	adj	/əˈnɒnɪməs/	The money came from an {anonymous} donor.
leak	oshkor qilmoq (sirni)	v	/liːk/	Someone decided to {leak} the documents to the press.
scandal	janjal, mojaro	n	/ˈskændl/	The minister resigned after the {scandal}.
exclusive	eksklyuziv, faqat bitta joyda	adj	/ɪkˈskluːsɪv/	The magazine has an {exclusive} interview with the star.
front page	birinchi sahifa	phrase	/ˌfrʌnt ˈpeɪdʒ/	The story was on the {front page} of every newspaper.
paparazzi	paparatsilar	n	/ˌpæpəˈrætsi/	The {paparazzi} followed the actress everywhere.
press release	press-reliz	phrase	/ˈpres rɪliːs/	The company issued a {press release} about the new phone.
spokesperson	matbuot kotibi	n	/ˈspəʊkspɜːsn/	A {spokesperson} for the police made a statement.
on air	efirda	phrase	/ɒn ˈeə/	The radio show is {on air} every morning at eight.
commercial break	reklama tanaffusi	phrase	/kəˌmɜːʃl ˈbreɪk/	We'll be back after the {commercial break}.
prime time	eng ko'p tomosha qilinadigan vaqt	phrase	/ˈpraɪm taɪm/	The final is shown at {prime time}.
rating	reyting	n	/ˈreɪtɪŋ/	The show has a {rating} of 8 out of 10.
sitcom	sitkom (hajviy serial)	n	/ˈsɪtkɒm/	"Friends" is my favourite {sitcom}.
soap opera	uzun teleserial	phrase	/ˈsəʊp ɒprə/	My grandmother watches a Turkish {soap opera} every evening.
reality show	realiti-shou	phrase	/riˈæləti ʃəʊ/	She became famous after a {reality show}.
talk show	tok-shou	phrase	/ˈtɔːk ʃəʊ/	The singer was a guest on a late-night {talk show}.
quiz show	viktorina	phrase	/ˈkwɪz ʃəʊ/	He won a car on a TV {quiz show}.
animation	animatsiya	n	/ˌænɪˈmeɪʃn/	Japanese {animation} is popular all over the world.
subtitles	subtitrlar	n	/ˈsʌbtaɪtlz/	I watch English films with {subtitles}.
dubbed	dublyaj qilingan	adj	/dʌbd/	The film was {dubbed} into Uzbek.
trailer	treyler	n	/ˈtreɪlə/	Have you seen the {trailer} for the new Marvel film?
sequel	davomi (film, kitob)	n	/ˈsiːkwəl/	The {sequel} was better than the first film.
remake	qayta suratga olingan film	n	/ˈriːmeɪk/	The {remake} was not as good as the original.
box office	kassa (kino)	phrase	/ˈbɒks ɒfɪs/	The film was a hit at the {box office}.
blockbuster	mashhur, kassabop film	n	/ˈblɒkbʌstə/	Everyone went to see the summer {blockbuster}.
premiere	premyera	n	/ˈpremieə/	The actors walked the red carpet at the {premiere}.
critic	tanqidchi	n	/ˈkrɪtɪk/	The film {critic} gave it five stars.
listener	tinglovchi	n	/ˈlɪsənə/	The radio show asked each {listener} to call in.
radio station	radiostansiya	phrase	/ˈreɪdiəʊ steɪʃn/	What's your favourite {radio station}?
homepage	bosh sahifa	n	/ˈhəʊmpeɪdʒ/	The link is on our {homepage}.
bookmark	xatcho'p	n	/ˈbʊkmɑːk/	Add a {bookmark} so you can find the page again.
browse	ko'zdan kechirmoq	v	/braʊz/	I like to {browse} online shops before I buy.
surf the net	internetda kezmoq	phrase	/ˌsɜːf ðə ˈnet/	He spends hours every night to {surf the net}.
keyword	kalit so'z	n	/ˈkiːwɜːd/	Type a {keyword} into the search box.
attachment	ilova (fayl)	n	/əˈtætʃmənt/	I sent the photos as an {attachment}.
inbox	kiruvchi xatlar qutisi	n	/ˈɪnbɒks/	My {inbox} is full of emails.
spam	spam, keraksiz xatlar	n	/spæm/	Most of my emails are {spam}.
notification	bildirishnoma	n	/ˌnəʊtɪfɪˈkeɪʃn/	I get a {notification} every time someone likes my post.
pop-up	qalqib chiquvchi oyna	n	/ˈpɒp ʌp/	Close the {pop-up} to see the page.
avatar	avatar	n	/ˈævətɑː/	He uses a cartoon cat as his {avatar}.
profile picture	profil rasmi	phrase	/ˈprəʊfaɪl pɪktʃə/	Change your {profile picture} — it's ten years old!
digital footprint	raqamli iz	phrase	/ˌdɪdʒɪtl ˈfʊtprɪnt/	Everything you post adds to your {digital footprint}.
screen time	ekran oldida o'tkaziladigan vaqt	phrase	/ˈskriːn taɪm/	Parents should limit children's {screen time}.
addictive	o'rganib qolinadigan	adj	/əˈdɪktɪv/	Social media apps are designed to be {addictive}.
offline	oflayn, internetsiz	adv	/ˌɒfˈlaɪn/	You can use the map {offline}.
Wi-Fi	Wi-Fi, simsiz internet	n	/ˈwaɪ faɪ/	Is there free {Wi-Fi} in the hotel?
broadband	keng polosali internet	n	/ˈbrɔːdbænd/	We have fast {broadband} at home.
tech-savvy	texnologiyani yaxshi biladigan	adj	/ˈtek sævi/	Young people are very {tech-savvy}.
interviewer	suhbat oluvchi	n	/ˈɪntəvjuːə/	The {interviewer} asked me about my experience.
interviewee	suhbatdosh (intervyu beruvchi)	n	/ˌɪntəvjuːˈiː/	The {interviewee} was nervous at first.
opinion poll	jamoatchilik so'rovi	phrase	/əˈpɪnjən pəʊl/	An {opinion poll} shows the president is popular.
paywall	pullik kirish (saytda)	n	/ˈpeɪwɔːl/	Most of the articles are behind a {paywall}.
clickbait	klikbeyt (aldamchi sarlavha)	n	/ˈklɪkbeɪt/	That headline is just {clickbait}.
comment section	izohlar bo'limi	phrase	/ˈkɒment sekʃn/	Never read the {comment section}!
go live	jonli efirga chiqmoq	phrase	/ɡəʊ ˈlaɪv/	The blogger will {go live} at eight tonight.
publisher	nashriyot	n	/ˈpʌblɪʃə/	The {publisher} accepted her first novel.
publication	nashr	n	/ˌpʌblɪˈkeɪʃn/	The {publication} of the book was delayed.
newsletter	axborot byulleteni (xat)	n	/ˈnjuːzletə/	Sign up for our weekly {newsletter}.
algorithm	algoritm	n	/ˈælɡərɪðəm/	The {algorithm} decides which videos you see.
chatbot	chatbot	n	/ˈtʃætbɒt/	The bank's {chatbot} answered my question in seconds.
online community	onlayn hamjamiyat	phrase	/ˌɒnlaɪn kəˈmjuːnəti/	She found help in an {online community} for new mothers.
search results	qidiruv natijalari	phrase	/ˈsɜːtʃ rɪzʌlts/	Our website is on the first page of {search results}.
# Stage 7: science and technology
innovation	innovatsiya, yangilik	n	/ˌɪnəˈveɪʃn/	The company is famous for {innovation}.
innovative	innovatsion, yangicha	adj	/ˈɪnəveɪtɪv/	They found an {innovative} way to save water.
breakthrough	katta kashfiyot, yutuq	n	/ˈbreɪkθruː/	Scientists made a {breakthrough} in cancer research.
pioneer	kashshof	n	/ˌpaɪəˈnɪə/	He was a {pioneer} of modern medicine.
prototype	prototip, namuna	n	/ˈprəʊtətaɪp/	The engineers tested the {prototype} of the new car.
patent	patent	n	/ˈpætnt/	She got a {patent} for her invention.
appliance	maishiy texnika	n	/əˈplaɪəns/	A fridge is the most important kitchen {appliance}.
mechanism	mexanizm	n	/ˈmekənɪzəm/	The clock has a very simple {mechanism}.
component	tarkibiy qism	n	/kəmˈpəʊnənt/	The factory makes {component} parts for cars.
circuit	elektr zanjiri	n	/ˈsɜːkɪt/	The lamp didn't work because the {circuit} was broken.
voltage	kuchlanish	n	/ˈvəʊltɪdʒ/	The {voltage} in Uzbekistan is 220 volts.
electrical	elektr	adj	/ɪˈlektrɪkl/	The fire was caused by an {electrical} fault.
generator	generator	n	/ˈdʒenəreɪtə/	The hospital has its own {generator}.
turbine	turbina	n	/ˈtɜːbaɪn/	The wind {turbine} produces electricity for the village.
nuclear	yadroviy	adj	/ˈnjuːkliə/	The country is building a {nuclear} power station.
radiation	nurlanish, radiatsiya	n	/ˌreɪdiˈeɪʃn/	Too much {radiation} is dangerous for the body.
molecule	molekula	n	/ˈmɒlɪkjuːl/	A {molecule} of water has three atoms.
particle	zarra	n	/ˈpɑːtɪkl/	There was not a {particle} of dust in the room.
compound	birikma	n	/ˈkɒmpaʊnd/	Salt is a {compound} of sodium and chlorine.
substance	modda	n	/ˈsʌbstəns/	What is this sticky {substance} on the table?
acid	kislota	n	/ˈæsɪd/	Lemon juice contains {acid}.
mineral	mineral, foydali qazilma	n	/ˈmɪnərəl/	Gold is a valuable {mineral}.
vapour	bug'	n	/ˈveɪpə/	Water {vapour} rises from the hot soup.
pressure	bosim	n	/ˈpreʃə/	Check the {pressure} in your tyres.
friction	ishqalanish	n	/ˈfrɪkʃn/	{Friction} makes your hands warm when you rub them.
magnet	magnit	n	/ˈmæɡnət/	There is a {magnet} on the fridge door.
magnetic	magnitli	adj	/mæɡˈnetɪk/	The Earth has a {magnetic} field.
orbit	orbita	n	/ˈɔːbɪt/	The satellite is in {orbit} around the Earth.
astronaut	kosmonavt	n	/ˈæstrənɔːt/	The {astronaut} spent six months in space.
spacecraft	kosmik kema	n	/ˈspeɪskrɑːft/	The {spacecraft} landed on Mars.
observatory	rasadxona	n	/əbˈzɜːvətri/	Ulugbek built a famous {observatory} in Samarkand.
asteroid	asteroid	n	/ˈæstərɔɪd/	An {asteroid} may have killed the dinosaurs.
comet	kometa	n	/ˈkɒmɪt/	A {comet} has a long bright tail.
solar system	Quyosh tizimi	phrase	/ˈsəʊlə sɪstəm/	Jupiter is the biggest planet in the {solar system}.
eclipse	tutilish	n	/ɪˈklɪps/	We watched the solar {eclipse} through special glasses.
astronomy	astronomiya	n	/əˈstrɒnəmi/	{Astronomy} is the study of stars and planets.
astronomer	astronom	n	/əˈstrɒnəmə/	The {astronomer} discovered a new star.
biologist	biolog	n	/baɪˈɒlədʒɪst/	A marine {biologist} studies life in the sea.
chemist	kimyogar	n	/ˈkemɪst/	The {chemist} mixed the two liquids.
physicist	fizik	n	/ˈfɪzɪsɪst/	Einstein was a famous {physicist}.
genetic	genetik	adj	/dʒəˈnetɪk/	The disease is {genetic} and runs in families.
DNA	DNK	n	/ˌdiː en ˈeɪ/	The police found his {DNA} on the glass.
organism	organizm	n	/ˈɔːɡənɪzəm/	A virus is not a living {organism}.
evolve	rivojlanmoq, evolyutsiyalashmoq	v	/ɪˈvɒlv/	Living things {evolve} over millions of years.
tissue	to'qima	n	/ˈtɪʃuː/	The doctor took a sample of {tissue}.
specimen	namuna	n	/ˈspesɪmən/	The museum has a {specimen} of every local insect.
test tube	probirka	phrase	/ˈtest tjuːb/	She put the blood into a {test tube}.
analysis	tahlil	n	/əˈnæləsɪs/	The {analysis} of the data took three weeks.
measurement	o'lchov	n	/ˈmeʒəmənt/	Take a {measurement} of the room before you buy a carpet.
accuracy	aniqlik	n	/ˈækjərəsi/	The {accuracy} of the results is very important.
variable	o'zgaruvchi	n	/ˈveəriəbl/	Temperature is an important {variable} in this experiment.
graph	grafik	n	/ɡrɑːf/	The {graph} shows how prices have changed.
diagram	chizma, diagramma	n	/ˈdaɪəɡræm/	Look at the {diagram} of the heart.
model	model, maket	n	/ˈmɒdl/	He built a {model} of the Registan.
simulation	simulyatsiya	n	/ˌsɪmjuˈleɪʃn/	Pilots train in a flight {simulation}.
virtual	virtual	adj	/ˈvɜːtʃuəl/	We took a {virtual} tour of the museum.
virtual reality	virtual reallik	phrase	/ˌvɜːtʃuəl riˈæləti/	{Virtual reality} games need special glasses.
automation	avtomatlashtirish	n	/ˌɔːtəˈmeɪʃn/	{Automation} may replace many factory jobs.
automate	avtomatlashtirmoq	v	/ˈɔːtəmeɪt/	We want to {automate} the payment process.
machine learning	mashinali o'qitish	phrase	/məˈʃiːn lɜːnɪŋ/	{Machine learning} helps computers recognise faces.
programming	dasturlash	n	/ˈprəʊɡræmɪŋ/	He is learning {programming} at an IT school.
coding	kod yozish	n	/ˈkəʊdɪŋ/	Children can start {coding} at the age of eight.
developer	dasturchi, ishlab chiquvchi	n	/dɪˈveləpə/	She works as a web {developer}.
interface	interfeys	n	/ˈɪntəfeɪs/	The app has a simple {interface}.
user-friendly	foydalanishga qulay	adj	/ˌjuːzə ˈfrendli/	The new website is very {user-friendly}.
operating system	operatsion tizim	phrase	/ˈɒpəreɪtɪŋ sɪstəm/	Which {operating system} does your laptop use?
hard drive	qattiq disk	phrase	/ˈhɑːd draɪv/	Save the files on an external {hard drive}.
storage	saqlash, xotira hajmi	n	/ˈstɔːrɪdʒ/	My phone has 128 GB of {storage}.
cloud storage	bulutli xotira	phrase	/ˈklaʊd stɔːrɪdʒ/	I keep my photos in {cloud storage}.
bug	xato (dasturda)	n	/bʌɡ/	There is a {bug} in the new version of the app.
glitch	nosozlik, texnik xato	n	/ɡlɪtʃ/	A small {glitch} stopped the website for an hour.
malfunction	ishdan chiqish, nosozlik	n	/mælˈfʌŋkʃn/	The plane landed early because of an engine {malfunction}.
compatible	mos keladigan	adj	/kəmˈpætəbl/	This charger is not {compatible} with my phone.
upgrade	yangilamoq, yaxshilamoq	v	/ˌʌpˈɡreɪd/	I need to {upgrade} my computer.
obsolete	eskirgan	adj	/ˈɒbsəliːt/	CDs are almost {obsolete} now.
cutting-edge	eng ilg'or	adj	/ˌkʌtɪŋ ˈedʒ/	The hospital uses {cutting-edge} technology.
high-tech	yuqori texnologiyali	adj	/ˌhaɪ ˈtek/	They opened a {high-tech} factory near Tashkent.
server	server	n	/ˈsɜːvə/	The website is down because the {server} crashed.
database	ma'lumotlar bazasi	n	/ˈdeɪtəbeɪs/	All customer details are stored in a {database}.
encryption	shifrlash	n	/ɪnˈkrɪpʃn/	The app uses {encryption} to protect your messages.
cybersecurity	kiberxavfsizlik	n	/ˌsaɪbəsɪˈkjʊərəti/	Banks spend millions on {cybersecurity}.
hacker	xaker	n	/ˈhækə/	A {hacker} stole thousands of passwords.
drone	dron	n	/drəʊn/	They filmed the wedding with a {drone}.
3D printer	3D printer	phrase	/ˌθriː ˈdiː prɪntə/	The school bought a {3D printer} for the science lab.
smartwatch	aqlli soat	n	/ˈsmɑːtwɒtʃ/	My {smartwatch} counts my steps.
wearable	kiyiladigan (qurilma)	adj	/ˈweərəbl/	{Wearable} technology is very popular with runners.
touchscreen	sensorli ekran	n	/ˈtʌtʃskriːn/	The {touchscreen} doesn't work when your hands are wet.
sensor	datchik, sensor	n	/ˈsensə/	The light turns on when the {sensor} sees movement.
microchip	mikrosxema	n	/ˈmaɪkrəʊtʃɪp/	Our dog has a {microchip} with our address.
electric car	elektromobil	phrase	/ɪˌlektrɪk ˈkɑː/	More people are buying an {electric car}.
charging station	quvvatlash stansiyasi	phrase	/ˈtʃɑːdʒɪŋ steɪʃn/	There is a {charging station} at the shopping centre.
laser	lazer	n	/ˈleɪzə/	The doctor used a {laser} to fix my eyes.
mechanical	mexanik	adj	/məˈkænɪkl/	The car stopped because of a {mechanical} problem.
technical	texnik	adj	/ˈteknɪkl/	Call the {technical} support team.
technician	texnik xodim	n	/tekˈnɪʃn/	A {technician} came to repair the internet.
nanotechnology	nanotexnologiya	n	/ˌnænəʊtekˈnɒlədʒi/	{Nanotechnology} works with extremely small materials.
satellite dish	sun'iy yo'ldosh antennasi	phrase	/ˈsætəlaɪt dɪʃ/	There is a {satellite dish} on every roof.
power cut	elektr uzilishi	phrase	/ˈpaʊə kʌt/	We had a {power cut} during the storm.
gigabyte	gigabayt	n	/ˈɡɪɡəbaɪt/	The film is almost one {gigabyte}.
wavelength	to'lqin uzunligi	n	/ˈweɪvleŋθ/	Blue light has a shorter {wavelength} than red light.
# Stage 8: health, the body and medicine
diagnosis	tashxis	n	/ˌdaɪəɡˈnəʊsɪs/	The doctor's {diagnosis} was a simple infection.
diagnose	tashxis qo'ymoq	v	/ˈdaɪəɡnəʊz/	It is hard to {diagnose} this disease early.
surgery	jarrohlik amaliyoti	n	/ˈsɜːdʒəri/	She needs {surgery} on her knee.
anaesthetic	og'riqsizlantiruvchi dori, narkoz	n	/ˌænəsˈθetɪk/	The dentist gave me a local {anaesthetic}.
stitches	choklar	n	/ˈstɪtʃɪz/	He needed six {stitches} in his head.
crutches	qo'ltiqtayoq	n	/ˈkrʌtʃɪz/	She walked on {crutches} for a month.
wheelchair	nogironlar aravachasi	n	/ˈwiːltʃeə/	The building has a ramp for {wheelchair} users.
stretcher	zambil	n	/ˈstretʃə/	They carried the injured player off on a {stretcher}.
intensive care	reanimatsiya	phrase	/ɪnˌtensɪv ˈkeə/	After the accident he was in {intensive care} for a week.
GP	oilaviy shifokor	n	/ˌdʒiː ˈpiː/	If the pain continues, see your {GP}.
physiotherapy	fizioterapiya	n	/ˌfɪziəʊˈθerəpi/	After the operation she had {physiotherapy} for her back.
ointment	surtma dori, malham	n	/ˈɔɪntmənt/	Put this {ointment} on the burn twice a day.
capsule	kapsula	n	/ˈkæpsjuːl/	Take one {capsule} after each meal.
antibiotic	antibiotik	n	/ˌæntibaɪˈɒtɪk/	The doctor gave me an {antibiotic} for my throat.
painkiller	og'riq qoldiruvchi dori	n	/ˈpeɪnkɪlə/	I took a {painkiller} for my headache.
remedy	davo, chora	n	/ˈremədi/	Honey and lemon is a good {remedy} for a cold.
herbal	o'simlikdan tayyorlangan	adj	/ˈhɜːbl/	My grandmother makes {herbal} tea for every illness.
immune system	immunitet tizimi	phrase	/ɪˈmjuːn sɪstəm/	Sleep helps your {immune system}.
immunity	immunitet	n	/ɪˈmjuːnəti/	Vaccines give you {immunity} to the disease.
infectious	yuqumli	adj	/ɪnˈfekʃəs/	Measles is a very {infectious} disease.
contagious	tez yuqadigan	adj	/kənˈteɪdʒəs/	Her laugh is {contagious}.
epidemic	epidemiya	n	/ˌepɪˈdemɪk/	There was a flu {epidemic} last winter.
pandemic	pandemiya	n	/pænˈdemɪk/	Schools closed during the {pandemic}.
outbreak	(kasallik) tarqalishi	n	/ˈaʊtbreɪk/	There was an {outbreak} of food poisoning at the wedding.
germ	mikrob	n	/dʒɜːm/	Wash your hands to kill every {germ}.
hygiene	gigiyena	n	/ˈhaɪdʒiːn/	Good {hygiene} prevents many diseases.
chronic	surunkali	adj	/ˈkrɒnɪk/	He suffers from {chronic} back pain.
asthma	astma	n	/ˈæsmə/	My brother has {asthma} and can't run for long.
diabetes	qandli diabet	n	/ˌdaɪəˈbiːtiːz/	People with {diabetes} must watch how much sugar they eat.
cancer	saraton	n	/ˈkænsə/	Smoking causes lung {cancer}.
tumour	o'sma	n	/ˈtjuːmə/	The doctors removed the {tumour}.
stroke	insult	n	/strəʊk/	My grandfather had a {stroke} last year.
obesity	semizlik	n	/əʊˈbiːsəti/	Child {obesity} is a growing problem.
obese	haddan tashqari semiz	adj	/əʊˈbiːs/	Eating fast food every day can make you {obese}.
malnutrition	to'yib ovqatlanmaslik	n	/ˌmælnjuˈtrɪʃn/	Many children suffer from {malnutrition} in poor countries.
dehydration	suvsizlanish	n	/ˌdiːhaɪˈdreɪʃn/	Drink plenty of water to avoid {dehydration}.
dehydrated	suvsizlangan	adj	/ˌdiːhaɪˈdreɪtɪd/	After the long run I felt {dehydrated}.
fatigue	holsizlik	n	/fəˈtiːɡ/	Symptoms include fever and {fatigue}.
dizzy	boshi aylangan	adj	/ˈdɪzi/	I felt {dizzy} when I stood up.
dizziness	bosh aylanishi	n	/ˈdɪzinəs/	This medicine can cause {dizziness}.
nausea	ko'ngil aynishi	n	/ˈnɔːziə/	The smell of petrol gives me {nausea}.
vomit	qusmoq	v	/ˈvɒmɪt/	The sick child started to {vomit}.
itch	qichimoq	v	/ɪtʃ/	Mosquito bites {itch} a lot.
itchy	qichiydigan	adj	/ˈɪtʃi/	This wool sweater is really {itchy}.
swollen	shishgan	adj	/ˈswəʊlən/	My ankle is {swollen} after the fall.
fracture	suyak sinishi	n	/ˈfræktʃə/	The X-ray showed a small {fracture}.
dislocate	chiqarib olmoq (bo'g'imni)	v	/ˈdɪsləkeɪt/	Be careful or you'll {dislocate} your shoulder.
blister	suvli qavariq	n	/ˈblɪstə/	My new shoes gave me a {blister}.
sunburn	quyosh kuyishi	n	/ˈsʌnbɜːn/	Use sun cream to prevent {sunburn}.
heatstroke	issiq urishi	n	/ˈhiːtstrəʊk/	The old man was taken to hospital with {heatstroke}.
food poisoning	ovqatdan zaharlanish	phrase	/ˈfuːd pɔɪzənɪŋ/	He got {food poisoning} from bad chicken.
hay fever	pichan isitmasi, gulchang allergiyasi	phrase	/ˈheɪ fiːvə/	In spring my {hay fever} gets worse.
migraine	migren	n	/ˈmiːɡreɪn/	She stayed in bed with a {migraine}.
sore throat	tomoq og'rig'i	phrase	/ˌsɔː ˈθrəʊt/	I have a {sore throat} and a cough.
stiff	qotib qolgan, taranglashgan	adj	/stɪf/	My neck is {stiff} after sleeping on the sofa.
numb	uvishgan, sezmaydigan	adj	/nʌm/	My fingers are {numb} with cold.
pulse	tomir urishi	n	/pʌls/	The nurse checked my {pulse}.
heartbeat	yurak urishi	n	/ˈhɑːtbiːt/	The doctor listened to the baby's {heartbeat}.
organ	a'zo (tana a'zosi)	n	/ˈɔːɡən/	The heart is a vital {organ}.
liver	jigar	n	/ˈlɪvə/	Alcohol damages the {liver}.
kidney	buyrak	n	/ˈkɪdni/	He gave one {kidney} to his brother.
skeleton	skelet	n	/ˈskelɪtn/	The museum has a dinosaur {skeleton}.
spine	umurtqa pog'onasi	n	/spaɪn/	Sit up straight to protect your {spine}.
skull	bosh suyagi	n	/skʌl/	The helmet protects your {skull}.
rib	qovurg'a	n	/rɪb/	He broke a {rib} playing football.
joint	bo'g'im	n	/dʒɔɪnt/	Old people often have pain in every {joint}.
nerve	asab, nerv	n	/nɜːv/	The dentist touched a {nerve}.
vein	vena, qon tomir	n	/veɪn/	The nurse put the needle into a {vein}.
limb	qo'l-oyoq	n	/lɪm/	He lost a {limb} in the war.
palm	kaft	n	/pɑːm/	She read my future from my {palm}.
fist	musht	n	/fɪst/	He hit the table with his {fist}.
digestion	hazm qilish	n	/daɪˈdʒestʃən/	Yoghurt is good for {digestion}.
metabolism	moddalar almashinuvi	n	/məˈtæbəlɪzəm/	Exercise speeds up your {metabolism}.
hormone	gormon	n	/ˈhɔːməʊn/	Stress raises the level of a {hormone} called cortisol.
wellbeing	farovonlik, sog'lomlik	n	/ˌwelˈbiːɪŋ/	Exercise is good for your mental {wellbeing}.
workout	mashq (sport zali)	n	/ˈwɜːkaʊt/	I do a short {workout} every morning.
posture	qad-qomat, gavda holati	n	/ˈpɒstʃə/	Bad {posture} can cause back pain.
addiction	qaramlik	n	/əˈdɪkʃn/	Phone {addiction} is common among teenagers.
overdose	dozadan oshirib yuborish	n	/ˈəʊvədəʊs/	He was taken to hospital after an {overdose}.
health insurance	tibbiy sug'urta	phrase	/ˈhelθ ɪnʃʊərəns/	The job comes with free {health insurance}.
medical record	tibbiy karta	phrase	/ˌmedɪkl ˈrekɔːd/	The doctor looked at my {medical record}.
blood test	qon tahlili	phrase	/ˈblʌd test/	You need a {blood test} before the operation.
vaccinate	emlamoq	v	/ˈvæksɪneɪt/	Parents should {vaccinate} their children.
vaccination	emlash	n	/ˌvæksɪˈneɪʃn/	{Vaccination} is free for all children.
unfit	jismonan tayyor emas	adj	/ʌnˈfɪt/	I'm so {unfit} that I can't climb the stairs.
in shape	jismoniy formada	phrase	/ɪn ˈʃeɪp/	He goes to the gym to stay {in shape}.
out of breath	nafasi qisilgan	phrase	/ˌaʊt əv ˈbreθ/	I was {out of breath} after running for the bus.
come round	o'ziga kelmoq	phrase	/kʌm ˈraʊnd/	It took a few minutes for him to {come round} after he fainted.
under the weather	sal betob	phrase	/ˌʌndə ðə ˈweðə/	I'm feeling a bit {under the weather} today.
catch a cold	shamollamoq	phrase	/kætʃ ə ˈkəʊld/	Put on a coat or you'll {catch a cold}.
consultation	maslahat (shifokor qabulida)	n	/ˌkɒnslˈteɪʃn/	The first {consultation} with the doctor is free.
life expectancy	o'rtacha umr ko'rish	phrase	/ˈlaɪf ɪkspektənsi/	{Life expectancy} in Japan is over 84 years.
cholesterol	xolesterin	n	/kəˈlestərɒl/	Fried food can raise your {cholesterol}.
eyesight	ko'rish qobiliyati	n	/ˈaɪsaɪt/	Reading in the dark is bad for your {eyesight}.
hearing	eshitish qobiliyati	n	/ˈhɪərɪŋ/	My grandfather's {hearing} is getting worse.
wheeze	xirillab nafas olmoq	v	/wiːz/	The smoke made him cough and {wheeze}.
recover from	tuzalmoq	phrase	/rɪˈkʌvə frəm/	It took her a month to {recover from} the flu.
physically	jismonan	adv	/ˈfɪzɪkli/	Farm work is {physically} hard.
bruised	ko'kargan	adj	/bruːzd/	His arm was badly {bruised} after the fall.
pharmaceutical	farmatsevtik	adj	/ˌfɑːməˈsuːtɪkl/	She works for a {pharmaceutical} company.
# Stage 9: environment, nature and weather
ecosystem	ekotizim	n	/ˈiːkəʊsɪstəm/	Pollution can destroy a whole {ecosystem}.
biodiversity	biologik xilma-xillik	n	/ˌbaɪəʊdaɪˈvɜːsəti/	Rainforests have amazing {biodiversity}.
conservation	tabiatni muhofaza qilish	n	/ˌkɒnsəˈveɪʃn/	She works for a wildlife {conservation} project.
deforestation	o'rmonlarni kesish	n	/ˌdiːˌfɒrɪˈsteɪʃn/	{Deforestation} is a big problem in the Amazon.
emissions	chiqindi gazlar	n	/iˈmɪʃnz/	Cars produce harmful {emissions}.
carbon footprint	uglerod izi	phrase	/ˌkɑːbən ˈfʊtprɪnt/	Flying less reduces your {carbon footprint}.
fossil fuels	qazilma yoqilg'ilar	phrase	/ˈfɒsl fjuːəlz/	Coal and oil are {fossil fuels}.
renewable	qayta tiklanadigan	adj	/rɪˈnjuːəbl/	Wind and sun are {renewable} sources of energy.
sustainable	barqaror	adj	/səˈsteɪnəbl/	We need a {sustainable} way to use water.
sustainability	barqarorlik	n	/səˌsteɪnəˈbɪləti/	The company cares about {sustainability}.
eco-friendly	ekologik toza	adj	/ˌiːkəʊ ˈfrendli/	These bags are {eco-friendly} and made of paper.
biodegradable	tabiiy chiriydigan	adj	/ˌbaɪəʊdɪˈɡreɪdəbl/	Use {biodegradable} bags instead of plastic ones.
compost	kompost, o'g'it	n	/ˈkɒmpɒst/	We turn our food waste into {compost}.
landfill	chiqindi poligoni	n	/ˈlændfɪl/	Most of our rubbish ends up in a {landfill}.
sewage	oqova suv	n	/ˈsuːɪdʒ/	The river is polluted with {sewage}.
contaminate	ifloslantirmoq	v	/kənˈtæmɪneɪt/	Chemicals from the factory {contaminate} the water.
pesticide	pestitsid, zararkunandaga qarshi dori	n	/ˈpestɪsaɪd/	Farmers spray {pesticide} on their cotton.
fertiliser	o'g'it	n	/ˈfɜːtəlaɪzə/	Too much {fertiliser} can harm the soil.
irrigation	sug'orish	n	/ˌɪrɪˈɡeɪʃn/	Cotton needs a lot of {irrigation}.
erosion	eroziya, yemirilish	n	/ɪˈrəʊʒn/	Trees protect the soil from {erosion}.
desertification	cho'llanish	n	/dɪˌzɜːtɪfɪˈkeɪʃn/	{Desertification} is a danger around the Aral Sea.
rainforest	tropik o'rmon	n	/ˈreɪnfɒrɪst/	Many animals live in the {rainforest}.
wetland	botqoqlik hududi	n	/ˈwetlənd/	Birds stop at the {wetland} on their way south.
swamp	botqoq	n	/swɒmp/	Crocodiles live in the {swamp}.
meadow	o'tloq	n	/ˈmedəʊ/	Cows were eating grass in the {meadow}.
plateau	plato, yassi tog'lik	n	/ˈplætəʊ/	The Ustyurt {plateau} is in the west of Uzbekistan.
canyon	kanyon, dara	n	/ˈkænjən/	The Charyn {canyon} is beautiful at sunset.
cliff	qoya jarlik	n	/klɪf/	The house stands at the edge of a {cliff}.
peak	cho'qqi	n	/piːk/	Snow covers the mountain {peak} all year.
summit	cho'qqi; sammit	n	/ˈsʌmɪt/	They reached the {summit} at noon.
slope	qiyalik	n	/sləʊp/	We skied down the {slope}.
riverbank	daryo qirg'og'i	n	/ˈrɪvəbæŋk/	We had a picnic on the {riverbank}.
delta	delta	n	/ˈdeltə/	The Amu Darya {delta} is near the Aral Sea.
bay	ko'rfaz	n	/beɪ/	The boats were resting in the {bay}.
coral	marjon	n	/ˈkɒrəl/	Warm water is killing the {coral}.
tide	suv ko'tarilishi va pasayishi	n	/taɪd/	The {tide} comes in twice a day.
current	oqim	n	/ˈkʌrənt/	The {current} was too strong to swim.
iceberg	aysberg	n	/ˈaɪsbɜːɡ/	The Titanic hit an {iceberg}.
avalanche	qor ko'chkisi	n	/ˈævəlɑːnʃ/	The road was closed after an {avalanche}.
landslide	yer ko'chkisi	n	/ˈlændslaɪd/	Heavy rain caused a {landslide}.
tsunami	sunami	n	/tsuːˈnɑːmi/	The earthquake caused a huge {tsunami}.
tornado	tornado, quyun	n	/tɔːˈneɪdəʊ/	The {tornado} destroyed several houses.
blizzard	qor bo'roni	n	/ˈblɪzəd/	We couldn't drive in the {blizzard}.
hail	do'l	n	/heɪl/	The {hail} damaged the cars in the street.
drizzle	mayda yomg'ir	n	/ˈdrɪzl/	It's only a {drizzle} — you don't need an umbrella.
downpour	jala	n	/ˈdaʊnpɔː/	We got wet in a sudden {downpour}.
frost	qirov, sovuq	n	/frɒst/	There was {frost} on the car this morning.
humid	nam, dim	adj	/ˈhjuːmɪd/	The weather in Tashkent is hot but not {humid}.
humidity	namlik	n	/hjuːˈmɪdəti/	High {humidity} makes the heat hard to bear.
mist	tuman, g'ubor	n	/mɪst/	There was a light {mist} over the lake.
breeze	shabada	n	/briːz/	A cool {breeze} came from the sea.
carbon dioxide	karbonat angidrid	phrase	/ˌkɑːbən daɪˈɒksaɪd/	Trees take in {carbon dioxide}.
greenhouse effect	issiqxona effekti	phrase	/ˈɡriːnhaʊs ɪfekt/	The {greenhouse effect} is making the Earth warmer.
extinction	yo'q bo'lib ketish	n	/ɪkˈstɪŋkʃn/	The snow leopard is in danger of {extinction}.
poaching	brakonerlik	n	/ˈpəʊtʃɪŋ/	{Poaching} has reduced the number of elephants.
poacher	brakoner	n	/ˈpəʊtʃə/	The police caught a {poacher} in the national park.
predator	yirtqich	n	/ˈpredətə/	The lion is a {predator}.
prey	o'lja	n	/preɪ/	The eagle watched its {prey} from the sky.
mammal	sutemizuvchi	n	/ˈmæml/	A whale is a {mammal}, not a fish.
reptile	sudralib yuruvchi	n	/ˈreptaɪl/	A lizard is a {reptile}.
creature	jonzot, maxluq	n	/ˈkriːtʃə/	The octopus is a strange {creature}.
herd	poda	n	/hɜːd/	A {herd} of sheep blocked the road.
flock	gala, suruv	n	/flɒk/	A {flock} of birds flew over the city.
breed	zot	n	/briːd/	What {breed} is your dog?
migrate	ko'chib o'tmoq	v	/maɪˈɡreɪt/	Many birds {migrate} south in autumn.
migration	migratsiya, ko'chish	n	/maɪˈɡreɪʃn/	Scientists study the {migration} of whales.
hibernate	qishki uyquga ketmoq	v	/ˈhaɪbəneɪt/	Bears {hibernate} in winter.
domestic	uy (hayvoni); ichki	adj	/dəˈmestɪk/	Cats and dogs are {domestic} animals.
tame	qo'lga o'rgatilgan	adj	/teɪm/	The birds in the park are so {tame} that they eat from your hand.
captivity	asirlik, qafasda saqlash	n	/kæpˈtɪvəti/	Tigers born in {captivity} can't live in the wild.
nature reserve	qo'riqxona	phrase	/ˈneɪtʃə rɪzɜːv/	The Chatkal {nature reserve} protects rare animals.
national park	milliy bog'	phrase	/ˌnæʃnəl ˈpɑːk/	We went hiking in a {national park}.
vegetation	o'simlik qoplami	n	/ˌvedʒəˈteɪʃn/	There is little {vegetation} in the desert.
bloom	gullamoq	v	/bluːm/	Apricot trees {bloom} in early spring.
blossom	gul (daraxt guli)	n	/ˈblɒsəm/	The cherry {blossom} is beautiful in April.
weed	begona o't	n	/wiːd/	Pull out every {weed} in the garden.
thorn	tikan	n	/θɔːn/	A rose has a {thorn} on its stem.
bark	daraxt po'stlog'i	n	/bɑːk/	The {bark} of this tree is white.
twig	novda, xivich	n	/twɪɡ/	The bird used a {twig} to build its nest.
timber	yog'och (qurilish uchun)	n	/ˈtɪmbə/	The house is built of {timber}.
natural resources	tabiiy resurslar	phrase	/ˌnætʃrəl rɪˈzɔːsɪz/	Uzbekistan is rich in {natural resources}.
scarce	kamyob, tanqis	adj	/skeəs/	Water is {scarce} in the desert.
scarcity	tanqislik	n	/ˈskeəsəti/	The {scarcity} of water is a serious problem.
shortage	yetishmovchilik	n	/ˈʃɔːtɪdʒ/	There is a {shortage} of doctors in the villages.
single-use	bir martalik	adj	/ˌsɪŋɡl ˈjuːs/	Many shops have stopped selling {single-use} plastic bags.
packaging	qadoq	n	/ˈpækɪdʒɪŋ/	Too much {packaging} ends up as rubbish.
disposable	bir marta ishlatiladigan	adj	/dɪˈspəʊzəbl/	Don't use {disposable} cups.
recyclable	qayta ishlanadigan	adj	/ˌriːˈsaɪkləbl/	Glass bottles are {recyclable}.
solar panel	quyosh paneli	phrase	/ˌsəʊlə ˈpænl/	We put a {solar panel} on the roof.
wind farm	shamol elektr stansiyasi	phrase	/ˈwɪnd fɑːm/	A new {wind farm} was built near Navoi.
hydroelectric	gidroelektr	adj	/ˌhaɪdrəʊɪˈlektrɪk/	The dam has a {hydroelectric} power plant.
power station	elektr stansiyasi	phrase	/ˈpaʊə steɪʃn/	The city gets electricity from a coal {power station}.
oil spill	neftning to'kilishi	phrase	/ˈɔɪl spɪl/	The {oil spill} killed thousands of sea birds.
smog	tutunli tuman	n	/smɒɡ/	There was thick {smog} over the city.
exhaust fumes	chiqindi gaz (mashina)	phrase	/ɪɡˈzɔːst fjuːmz/	{Exhaust fumes} make the air dirty.
acid rain	kislotali yomg'ir	phrase	/ˌæsɪd ˈreɪn/	{Acid rain} damages forests and lakes.
sea level	dengiz sathi	phrase	/ˈsiː levl/	The city is 400 metres above {sea level}.
wilderness	yovvoyi tabiat	n	/ˈwɪldənəs/	They spent a week in the {wilderness}.
scenery	manzara	n	/ˈsiːnəri/	The mountain {scenery} was beautiful.
thunderstorm	momaqaldiroqli bo'ron	n	/ˈθʌndəstɔːm/	The {thunderstorm} woke us up at night.
# Stage 10: crime and the law
offence	huquqbuzarlik	n	/əˈfens/	Driving without a licence is an {offence}.
offender	huquqbuzar	n	/əˈfendə/	The young {offender} was sent to a special school.
shoplifting	do'kondan o'g'irlik	n	/ˈʃɒplɪftɪŋ/	She was arrested for {shoplifting}.
shoplifter	do'kon o'g'risi	n	/ˈʃɒplɪftə/	The camera caught the {shoplifter}.
burglary	uyni o'g'irlash	n	/ˈbɜːɡləri/	There was a {burglary} in our street last night.
theft	o'g'rilik	n	/θeft/	Car {theft} is rising in the city.
mugging	ko'chada talonchilik	n	/ˈmʌɡɪŋ/	The {mugging} happened in the park at night.
mugger	ko'cha talonchisi	n	/ˈmʌɡə/	The {mugger} took her bag and ran away.
kidnap	o'g'irlab ketmoq (odamni)	v	/ˈkɪdnæp/	The criminals planned to {kidnap} the businessman's son.
kidnapping	odam o'g'irlash	n	/ˈkɪdnæpɪŋ/	The police are investigating the {kidnapping}.
hostage	garovga olingan odam	n	/ˈhɒstɪdʒ/	The robbers held a {hostage} in the bank.
hijack	olib qochmoq (transportni)	v	/ˈhaɪdʒæk/	Terrorists tried to {hijack} the plane.
murder	qotillik	n	/ˈmɜːdə/	He was found guilty of {murder}.
murderer	qotil	n	/ˈmɜːdərə/	The {murderer} was sent to prison for life.
assault	hujum, tan jarohati yetkazish	n	/əˈsɔːlt/	He was charged with {assault}.
vandalism	vandalizm, buzg'unchilik	n	/ˈvændəlɪzəm/	Breaking the bus stop windows was pure {vandalism}.
vandal	buzg'unchi	n	/ˈvændl/	A {vandal} painted on the school wall.
graffiti	devorga chizilgan yozuv-rasm	n	/ɡrəˈfiːti/	The walls of the station were covered in {graffiti}.
smuggle	kontrabanda qilmoq	v	/ˈsmʌɡl/	They tried to {smuggle} cigarettes across the border.
smuggling	kontrabanda	n	/ˈsmʌɡlɪŋ/	He was arrested for drug {smuggling}.
bribe	pora	n	/braɪb/	The officer refused to take a {bribe}.
bribery	poraxo'rlik	n	/ˈbraɪbəri/	The mayor was accused of {bribery}.
corruption	korrupsiya	n	/kəˈrʌpʃn/	The government promised to fight {corruption}.
corrupt	buzuq, poraxo'r	adj	/kəˈrʌpt/	The {corrupt} official went to prison.
blackmail	shantaj	n	/ˈblækmeɪl/	He paid the money because of {blackmail}.
forgery	qalbakilashtirish	n	/ˈfɔːdʒəri/	The painting turned out to be a {forgery}.
arson	qasddan o't qo'yish	n	/ˈɑːsn/	The police think the fire was {arson}.
drug dealer	giyohvand moddalar sotuvchi	phrase	/ˈdrʌɡ diːlə/	The police arrested a {drug dealer} near the school.
gang	to'da	n	/ɡæŋ/	A {gang} of teenagers attacked the shop.
terrorism	terrorizm	n	/ˈterərɪzəm/	Countries are working together against {terrorism}.
terrorist	terrorchi	n	/ˈterərɪst/	The {terrorist} was caught at the airport.
cybercrime	kiberjinoyat	n	/ˈsaɪbəkraɪm/	{Cybercrime} costs banks billions every year.
identity theft	shaxsiy ma'lumotlarni o'g'irlash	phrase	/aɪˈdentəti θeft/	Never share your passport number online — it can lead to {identity theft}.
scam	firibgarlik, aldov	n	/skæm/	The phone call about a prize was a {scam}.
detective	tergovchi, detektiv	n	/dɪˈtektɪv/	The {detective} found the missing ring.
investigation	tergov	n	/ɪnˌvestɪˈɡeɪʃn/	The police started an {investigation} into the fire.
forensic	sud-tibbiy, kriminalistik	adj	/fəˈrenzɪk/	{Forensic} experts examined the car.
fingerprint	barmoq izi	n	/ˈfɪŋɡəprɪnt/	They found his {fingerprint} on the window.
alibi	alibi	n	/ˈæləbaɪ/	He has an {alibi} — he was at work all day.
motive	sabab, niyat	n	/ˈməʊtɪv/	What was the {motive} for the crime?
accuse	ayblamoq	v	/əˈkjuːz/	Don't {accuse} me of lying!
accusation	ayblov	n	/ˌækjuˈzeɪʃn/	He denied the {accusation}.
convict	aybdor deb topmoq	v	/kənˈvɪkt/	There wasn't enough evidence to {convict} him.
conviction	sudlanganlik; qat'iy ishonch	n	/kənˈvɪkʃn/	He has a previous {conviction} for theft.
verdict	hukm, qaror	n	/ˈvɜːdɪkt/	The jury reached a {verdict} after two days.
jury	hakamlar hay'ati	n	/ˈdʒʊəri/	The {jury} found him not guilty.
prosecutor	prokuror	n	/ˈprɒsɪkjuːtə/	The {prosecutor} asked for ten years in prison.
prosecute	jinoiy javobgarlikka tortmoq	v	/ˈprɒsɪkjuːt/	The shop will {prosecute} anyone caught stealing.
defendant	sudlanuvchi	n	/dɪˈfendənt/	The {defendant} said he was innocent.
solicitor	advokat (maslahatchi)	n	/səˈlɪsɪtə/	You should speak to a {solicitor} before you sign.
lawsuit	sud da'vosi	n	/ˈlɔːsuːt/	The family started a {lawsuit} against the hospital.
sue	sudga bermoq	v	/suː/	She decided to {sue} the company.
testify	guvohlik bermoq	v	/ˈtestɪfaɪ/	He agreed to {testify} in court.
testimony	guvohlik	n	/ˈtestɪməni/	Her {testimony} helped to find the killer.
plead	(sudda) iqror bo'lmoq, yolvormoq	v	/pliːd/	How does the defendant {plead}?
acquit	oqlamoq	v	/əˈkwɪt/	The court decided to {acquit} him of all charges.
bail	garov puli	n	/beɪl/	He was released on {bail}.
parole	muddatidan oldin shartli ozod qilish	n	/pəˈrəʊl/	He was released on {parole} after five years.
jail	qamoqxona	n	/dʒeɪl/	He spent a night in {jail}.
prisoner	mahbus	n	/ˈprɪznə/	The {prisoner} escaped over the wall.
imprisonment	qamoq jazosi	n	/ɪmˈprɪznmənt/	He was sentenced to five years' {imprisonment}.
life sentence	umrbod qamoq	phrase	/ˌlaɪf ˈsentəns/	The killer got a {life sentence}.
death penalty	o'lim jazosi	phrase	/ˈdeθ penəlti/	Many countries have abolished the {death penalty}.
community service	jamoat ishlari (jazo)	phrase	/kəˌmjuːnəti ˈsɜːvɪs/	He was given 100 hours of {community service}.
warrant	order (sud ruxsati)	n	/ˈwɒrənt/	The police need a {warrant} to search the house.
handcuffs	kishan	n	/ˈhændkʌfs/	The officer put {handcuffs} on the thief.
patrol	patrul	n	/pəˈtrəʊl/	A police {patrol} passes the school every hour.
CCTV	kuzatuv kamerasi tizimi	n	/ˌsiː siː tiː ˈviː/	The robbery was filmed on {CCTV}.
surveillance	kuzatuv	n	/sɜːˈveɪləns/	The suspect was under police {surveillance}.
security camera	xavfsizlik kamerasi	phrase	/sɪˈkjʊərəti kæmrə/	There is a {security camera} above the door.
burglar alarm	signalizatsiya	phrase	/ˈbɜːɡlər əlɑːm/	The {burglar alarm} went off at 3 a.m.
crime rate	jinoyatchilik darajasi	phrase	/ˈkraɪm reɪt/	The {crime rate} fell last year.
law-abiding	qonunga itoatkor	adj	/ˈlɔː əbaɪdɪŋ/	Most people are {law-abiding} citizens.
unlawful	noqonuniy	adj	/ʌnˈlɔːfl/	The court said the arrest was {unlawful}.
legislation	qonunchilik	n	/ˌledʒɪsˈleɪʃn/	New {legislation} protects workers' rights.
regulation	qoida, tartib	n	/ˌreɡjuˈleɪʃn/	Every restaurant must follow food safety {regulation}.
justice	adolat	n	/ˈdʒʌstɪs/	The families of the victims want {justice}.
injustice	adolatsizlik	n	/ɪnˈdʒʌstɪs/	He spent his life fighting {injustice}.
legal system	huquqiy tizim	phrase	/ˈliːɡl sɪstəm/	Every country has its own {legal system}.
human rights	inson huquqlari	phrase	/ˌhjuːmən ˈraɪts/	The organisation protects {human rights}.
deter	qaytarmoq, to'xtatib qolmoq	v	/dɪˈtɜː/	Cameras {deter} people from stealing.
deterrent	to'xtatuvchi vosita	n	/dɪˈterənt/	A big dog is a good {deterrent} against burglars.
rehabilitation	reabilitatsiya, qayta tarbiyalash	n	/ˌriːəˌbɪlɪˈteɪʃn/	Prisons should focus on {rehabilitation}.
eyewitness	voqea guvohi	n	/ˈaɪwɪtnəs/	An {eyewitness} saw the car hit the boy.
confiscate	musodara qilmoq	v	/ˈkɒnfɪskeɪt/	The teacher will {confiscate} your phone if you use it in class.
seize	tortib olmoq, qo'lga olmoq	v	/siːz/	Customs officers {seize} illegal goods at the border.
get away with	jazosiz qutulmoq	phrase	/ɡet əˈweɪ wɪð/	He cheated in the exam and thought he could {get away with} it.
break the law	qonunni buzmoq	phrase	/breɪk ðə ˈlɔː/	If you {break the law}, you must pay the price.
crack down on	qattiq kurash olib bormoq	phrase	/kræk ˈdaʊn ɒn/	The police will {crack down on} drunk drivers.
track down	izlab topmoq	phrase	/træk ˈdaʊn/	It took the police a year to {track down} the killer.
lock up	qamab qo'ymoq	phrase	/lɒk ˈʌp/	They should {lock up} people like him!
own up	aybini bo'yniga olmoq	phrase	/əʊn ˈʌp/	Nobody wanted to {own up} to breaking the window.
court case	sud ishi	phrase	/ˈkɔːt keɪs/	The {court case} lasted six months.
criminal record	sudlanganlik haqida yozuv	phrase	/ˌkrɪmɪnl ˈrekɔːd/	You can't get this job if you have a {criminal record}.
wanted	qidiruvda	adj	/ˈwɒntɪd/	His photo is on a {wanted} poster.
violent	zo'ravon	adj	/ˈvaɪələnt/	The protest became {violent} in the evening.
self-defence	o'zini himoya qilish	n	/ˌself dɪˈfens/	He said he hit the man in {self-defence}.
illegally	noqonuniy ravishda	adv	/ɪˈliːɡəli/	The car was parked {illegally}.
robber	talonchi	n	/ˈrɒbə/	The {robber} wore a mask.
offend	xafa qilmoq; huquqni buzmoq	v	/əˈfend/	I didn't mean to {offend} you.
# Stage 11: politics, government and society
policy	siyosat, yo'riqnoma	n	/ˈpɒləsi/	The school has a strict {policy} on phones.
political	siyosiy	adj	/pəˈlɪtɪkl/	They never discuss {political} questions at dinner.
political party	siyosiy partiya	phrase	/pəˌlɪtɪkl ˈpɑːti/	Which {political party} won the election?
ballot	saylov byulleteni	n	/ˈbælət/	Put your {ballot} in the box.
polling station	saylov uchastkasi	phrase	/ˈpəʊlɪŋ steɪʃn/	The {polling station} opens at seven.
voter	saylovchi	n	/ˈvəʊtə/	Every {voter} must show a passport.
majority	ko'pchilik	n	/məˈdʒɒrəti/	The {majority} of students passed the exam.
minority	ozchilik	n	/maɪˈnɒrəti/	Only a small {minority} voted against the plan.
opposition	muxolifat	n	/ˌɒpəˈzɪʃn/	The {opposition} criticised the new tax.
coalition	koalitsiya	n	/ˌkəʊəˈlɪʃn/	Three parties formed a {coalition}.
prime minister	bosh vazir	phrase	/ˌpraɪm ˈmɪnɪstə/	The {prime minister} visited the flooded region.
representative	vakil	n	/ˌreprɪˈzentətɪv/	Each class chose a {representative}.
constitution	konstitutsiya	n	/ˌkɒnstɪˈtjuːʃn/	The {constitution} protects freedom of speech.
republic	respublika	n	/rɪˈpʌblɪk/	Uzbekistan became an independent {republic} in 1991.
monarchy	monarxiya	n	/ˈmɒnəki/	Britain is a {monarchy} with a king.
dictator	diktator	n	/dɪkˈteɪtə/	The {dictator} ruled for thirty years.
dictatorship	diktatura	n	/dɪkˈteɪtəʃɪp/	People had no freedom under the {dictatorship}.
regime	tuzum, rejim	n	/reɪˈʒiːm/	The old {regime} fell in 1991.
reform	islohot	n	/rɪˈfɔːm/	The government announced a {reform} of the education system.
referendum	referendum	n	/ˌrefəˈrendəm/	The country held a {referendum} on the new constitution.
sanction	sanksiya	n	/ˈsæŋkʃn/	The {sanction} stopped trade between the two countries.
treaty	shartnoma (davlatlararo)	n	/ˈtriːti/	The two countries signed a peace {treaty}.
diplomat	diplomat	n	/ˈdɪpləmæt/	My uncle works as a {diplomat} in Berlin.
diplomacy	diplomatiya	n	/dɪˈpləʊməsi/	The conflict was solved through {diplomacy}.
diplomatic	diplomatik	adj	/ˌdɪpləˈmætɪk/	The two countries have good {diplomatic} relations.
ambassador	elchi	n	/æmˈbæsədə/	The {ambassador} met the president.
foreign policy	tashqi siyosat	phrase	/ˌfɒrən ˈpɒləsi/	Trade is an important part of our {foreign policy}.
alliance	ittifoq	n	/əˈlaɪəns/	The countries formed a military {alliance}.
civil war	fuqarolar urushi	phrase	/ˌsɪvl ˈwɔː/	Millions of people left the country during the {civil war}.
invasion	bosqin	n	/ɪnˈveɪʒn/	The {invasion} began at dawn.
invade	bostirib kirmoq	v	/ɪnˈveɪd/	The army planned to {invade} the neighbouring country.
troops	qo'shinlar	n	/truːps/	The government sent {troops} to the border.
military	harbiy	adj	/ˈmɪlətri/	He did his {military} service after school.
navy	harbiy-dengiz floti	n	/ˈneɪvi/	He joined the {navy} at eighteen.
air force	harbiy-havo kuchlari	phrase	/ˈeə fɔːs/	His father was a pilot in the {air force}.
ceasefire	o't ochishni to'xtatish	n	/ˈsiːsfaɪə/	Both sides agreed to a {ceasefire}.
revolution	inqilob	n	/ˌrevəˈluːʃn/	The {revolution} changed the whole country.
rebel	isyonchi	n	/ˈrebl/	The {rebel} leader was captured.
independence	mustaqillik	n	/ˌɪndɪˈpendəns/	Uzbekistan celebrates {independence} on 1 September.
nation	millat, davlat	n	/ˈneɪʃn/	The whole {nation} watched the final.
patriotic	vatanparvar	adj	/ˌpætriˈɒtɪk/	They sang {patriotic} songs on Independence Day.
citizenship	fuqarolik	n	/ˈsɪtɪzənʃɪp/	He applied for Canadian {citizenship}.
immigration	immigratsiya	n	/ˌɪmɪˈɡreɪʃn/	The government wants to control {immigration}.
emigrate	chet elga ko'chib ketmoq	v	/ˈemɪɡreɪt/	Many young people want to {emigrate} to find work.
asylum	boshpana (siyosiy)	n	/əˈsaɪləm/	The journalist asked for political {asylum}.
residence permit	yashash uchun ruxsatnoma	phrase	/ˈrezɪdəns pɜːmɪt/	You need a {residence permit} to work in the country.
homeless	uysiz	adj	/ˈhəʊmləs/	The charity helps {homeless} people in winter.
homelessness	uysizlik	n	/ˈhəʊmləsnəs/	{Homelessness} is increasing in big cities.
welfare	ijtimoiy ta'minot; farovonlik	n	/ˈwelfeə/	The state pays for the {welfare} of orphans.
social security	ijtimoiy himoya	phrase	/ˌsəʊʃl sɪˈkjʊərəti/	Old people depend on {social security}.
inequality	tengsizlik	n	/ˌɪnɪˈkwɒləti/	There is still {inequality} between men and women at work.
discrimination	kamsitish	n	/dɪˌskrɪmɪˈneɪʃn/	The law forbids {discrimination} against disabled people.
discriminate	kamsitmoq	v	/dɪˈskrɪmɪneɪt/	Employers must not {discriminate} against older workers.
racism	irqchilik	n	/ˈreɪsɪzəm/	The footballers spoke out against {racism}.
racist	irqchi	adj	/ˈreɪsɪst/	The fans were punished for {racist} chants.
prejudice	xurofot, oldindan salbiy fikr	n	/ˈpredʒudɪs/	We must fight {prejudice} against immigrants.
stereotype	stereotip, qolip fikr	n	/ˈsteriətaɪp/	It's a {stereotype} that all Scottish people are mean.
gender	jins (ijtimoiy)	n	/ˈdʒendə/	Jobs should be open to everyone, whatever their {gender}.
equal rights	teng huquqlar	phrase	/ˌiːkwəl ˈraɪts/	Women fought for {equal rights}.
ethnic	etnik	adj	/ˈeθnɪk/	Many {ethnic} groups live in Tashkent.
diversity	xilma-xillik	n	/daɪˈvɜːsəti/	The city is famous for its cultural {diversity}.
diverse	xilma-xil	adj	/daɪˈvɜːs/	Our class is very {diverse}.
multicultural	ko'p madaniyatli	adj	/ˌmʌltiˈkʌltʃərəl/	London is a {multicultural} city.
tolerance	bag'rikenglik	n	/ˈtɒlərəns/	Schools should teach {tolerance}.
integration	integratsiya, qo'shilish	n	/ˌɪntɪˈɡreɪʃn/	Language classes help the {integration} of immigrants.
poverty line	qashshoqlik chegarasi	phrase	/ˈpɒvəti laɪn/	Many families live below the {poverty line}.
underprivileged	imkoniyati cheklangan	adj	/ˌʌndəˈprɪvəlɪdʒd/	The charity gives books to {underprivileged} children.
disadvantaged	nochor ahvoldagi	adj	/ˌdɪsədˈvɑːntɪdʒd/	The programme helps {disadvantaged} families.
activist	faol	n	/ˈæktɪvɪst/	The environmental {activist} spoke at the conference.
petition	petitsiya, iltimosnoma	n	/pəˈtɪʃn/	Five thousand people signed the {petition}.
demonstration	namoyish	n	/ˌdemənˈstreɪʃn/	Thousands joined the {demonstration} in the square.
riot	g'alayon	n	/ˈraɪət/	The police stopped the {riot}.
boycott	boykot qilmoq	v	/ˈbɔɪkɒt/	Customers decided to {boycott} the company's products.
rally	miting	n	/ˈræli/	The candidate spoke at a big {rally}.
public opinion	jamoatchilik fikri	phrase	/ˌpʌblɪk əˈpɪnjən/	{Public opinion} is against the new law.
bureaucracy	byurokratiya	n	/bjʊəˈrɒkrəsi/	There is too much {bureaucracy} in getting a visa.
civil servant	davlat xizmatchisi	phrase	/ˌsɪvl ˈsɜːvənt/	My mother is a {civil servant}.
ministry	vazirlik	n	/ˈmɪnɪstri/	He works at the {ministry} of education.
council	kengash	n	/ˈkaʊnsl/	The city {council} will build a new park.
infrastructure	infratuzilma	n	/ˈɪnfrəstrʌktʃə/	The country is investing in roads and other {infrastructure}.
public services	davlat xizmatlari	phrase	/ˌpʌblɪk ˈsɜːvɪsɪz/	Taxes pay for {public services} like hospitals.
state	davlat; holat	n	/steɪt/	Education is paid for by the {state}.
census	aholini ro'yxatga olish	n	/ˈsensəs/	The last {census} counted 36 million people.
overpopulation	aholining haddan tashqari ko'pligi	n	/ˌəʊvəˌpɒpjuˈleɪʃn/	{Overpopulation} puts pressure on water supplies.
urbanisation	urbanizatsiya	n	/ˌɜːbənaɪˈzeɪʃn/	Rapid {urbanisation} has made the cities crowded.
ageing population	qarib borayotgan aholi	phrase	/ˌeɪdʒɪŋ pɒpjuˈleɪʃn/	Japan has an {ageing population}.
birth rate	tug'ilish darajasi	phrase	/ˈbɜːθ reɪt/	The {birth rate} is falling in Europe.
govern	boshqarmoq (davlatni)	v	/ˈɡʌvn/	The party will {govern} for four more years.
rule of law	qonun ustuvorligi	phrase	/ˌruːl əv ˈlɔː/	Democracy depends on the {rule of law}.
term of office	vakolat muddati	phrase	/ˌtɜːm əv ˈɒfɪs/	The president's {term of office} is seven years.
campaigner	kampaniya faoli	n	/kæmˈpeɪnə/	She is a {campaigner} for children's rights.
nationalism	millatchilik	n	/ˈnæʃnəlɪzəm/	{Nationalism} grew after the war.
civilian	tinch aholi vakili	n	/səˈvɪliən/	Many {civilian} lives were lost in the war.
veteran	faxriy	n	/ˈvetərən/	My grandfather is a war {veteran}.
peaceful protest	tinch namoyish	phrase	/ˌpiːsfl ˈprəʊtest/	It began as a {peaceful protest}.
social issue	ijtimoiy muammo	phrase	/ˌsəʊʃl ˈɪʃuː/	Unemployment is a serious {social issue}.
donor	homiy, donor	n	/ˈdəʊnə/	An unknown {donor} gave a million dollars.
charitable	xayriya; saxiy	adj	/ˈtʃærətəbl/	She gives money to {charitable} causes.
monarch	monarx, shoh	n	/ˈmɒnək/	The {monarch} opened parliament.
empire	imperiya	n	/ˈempaɪə/	The Timurid {empire} stretched from India to Turkey.
# Stage 12: travel, cities and housing
terminal	terminal	n	/ˈtɜːmɪnl/	International flights leave from {terminal} 2.
departure lounge	jo'nab ketish zali	phrase	/dɪˈpɑːtʃə laʊndʒ/	We waited in the {departure lounge} for two hours.
arrivals	kelish zali	n	/əˈraɪvlz/	I'll meet you in {arrivals}.
runway	uchish-qo'nish yo'lagi	n	/ˈrʌnweɪ/	The plane is moving onto the {runway}.
turbulence	turbulentlik, silkinish	n	/ˈtɜːbjələns/	Please sit down — we are expecting some {turbulence}.
layover	tranzit to'xtash	n	/ˈleɪəʊvə/	We had a six-hour {layover} in Istanbul.
connecting flight	ulanadigan reys	phrase	/kəˌnektɪŋ ˈflaɪt/	I missed my {connecting flight} in Moscow.
hand luggage	qo'l yuki	phrase	/ˈhænd lʌɡɪdʒ/	You can take one bag as {hand luggage}.
baggage claim	bagaj olish joyi	phrase	/ˈbæɡɪdʒ kleɪm/	Collect your suitcases at {baggage claim}.
excess baggage	ortiqcha yuk	phrase	/ˌekses ˈbæɡɪdʒ/	I paid fifty dollars for {excess baggage}.
check-in desk	ro'yxatdan o'tish stoykasi	phrase	/ˈtʃek ɪn desk/	The {check-in desk} closes forty minutes before the flight.
cancellation	bekor qilish	n	/ˌkænsəˈleɪʃn/	The {cancellation} of the flight ruined our plans.
aisle	yo'lak (o'rindiqlar orasida)	n	/aɪl/	I prefer a seat next to the {aisle}.
window seat	deraza yonidagi o'rindiq	phrase	/ˈwɪndəʊ siːt/	Can I have a {window seat}, please?
legroom	oyoq uchun joy	n	/ˈleɡruːm/	There isn't much {legroom} on cheap flights.
economy class	ekonom klass	phrase	/ɪˈkɒnəmi klɑːs/	We always fly {economy class}.
business class	biznes klass	phrase	/ˈbɪznəs klɑːs/	The seats in {business class} turn into beds.
cabin crew	bort ekipaji	phrase	/ˈkæbɪn kruː/	The {cabin crew} served drinks.
passport control	pasport nazorati	phrase	/ˈpɑːspɔːt kəntrəʊl/	There was a long queue at {passport control}.
duty-free	bojsiz	adj	/ˌdjuːti ˈfriː/	I bought perfume in the {duty-free} shop.
travel insurance	sayohat sug'urtasi	phrase	/ˈtrævl ɪnʃʊərəns/	Don't travel abroad without {travel insurance}.
backpacking	ryukzak bilan sayohat	n	/ˈbækpækɪŋ/	He went {backpacking} around Asia.
hitchhike	yo'lovchi mashinada tekin yurmoq	v	/ˈhɪtʃhaɪk/	It's not safe to {hitchhike} at night.
road trip	avtomobilda sayohat	phrase	/ˈrəʊd trɪp/	We went on a {road trip} to the Fergana Valley.
GPS	GPS, navigator	n	/ˌdʒiː piː ˈes/	The {GPS} took us the wrong way.
detour	aylanma yo'l	n	/ˈdiːtʊə/	The road was closed, so we took a {detour}.
shortcut	yaqin yo'l	n	/ˈʃɔːtkʌt/	We took a {shortcut} through the park.
off the beaten track	odam kam boradigan joyda	phrase	/ˌɒf ðə ˌbiːtn ˈtræk/	We stayed in a village {off the beaten track}.
picturesque	go'zal, manzarali	adj	/ˌpɪktʃəˈresk/	Khiva is a {picturesque} old town.
touristy	turistlar bilan to'la	adj	/ˈtʊərɪsti/	The old town is nice but very {touristy}.
accessible	borish oson, qulay	adj	/əkˈsesəbl/	The island is only {accessible} by boat.
spectacular	ajoyib, hayratlanarli	adj	/spekˈtækjələ/	The view from the top is {spectacular}.
stunning	ko'zni qamashtiradigan	adj	/ˈstʌnɪŋ/	She looked {stunning} in her wedding dress.
ruins	xarobalar	n	/ˈruːɪnz/	We visited the {ruins} of an ancient city.
mausoleum	maqbara	n	/ˌmɔːsəˈliːəm/	The Gur-e-Amir {mausoleum} is in Samarkand.
minaret	minora	n	/ˌmɪnəˈret/	The Kalyan {minaret} is 46 metres tall.
dome	gumbaz	n	/dəʊm/	The mosque has a beautiful blue {dome}.
caravanserai	karvonsaroy	n	/ˌkærəˈvænsəraɪ/	Travellers on the Silk Road rested at a {caravanserai}.
bazaar	bozor	n	/bəˈzɑː/	We bought spices at the {bazaar}.
boulevard	xiyobon, bulvar	n	/ˈbuːləvɑːd/	We walked along the {boulevard} in the evening.
avenue	shoh ko'cha, prospekt	n	/ˈævənjuː/	The hotel is on Fifth {Avenue}.
alley	tor ko'cha	n	/ˈæli/	The shop is in a small {alley} behind the market.
outskirts	shahar chekkasi	n	/ˈaʊtskɜːts/	They live on the {outskirts} of Tashkent.
skyline	shahar silueti	n	/ˈskaɪlaɪn/	The new towers changed the city's {skyline}.
metropolis	yirik shahar	n	/məˈtrɒpəlɪs/	Tokyo is a huge {metropolis}.
town hall	shahar hokimiyati	phrase	/ˌtaʊn ˈhɔːl/	The wedding took place at the {town hall}.
resort	kurort, dam olish maskani	n	/rɪˈzɔːt/	We stayed at a ski {resort} in Chimgan.
seaside	dengiz bo'yi	n	/ˈsiːsaɪd/	We spent the summer at the {seaside}.
all-inclusive	hammasi kiritilgan	adj	/ˌɔːl ɪnˈkluːsɪv/	We booked an {all-inclusive} holiday in Antalya.
bed and breakfast	nonushtali mehmonxona	phrase	/ˌbed ən ˈbrekfəst/	We stayed at a small {bed and breakfast}.
guesthouse	mehmon uyi	n	/ˈɡesthaʊs/	The family runs a {guesthouse} in Bukhara.
room service	xonaga xizmat	phrase	/ˈruːm sɜːvɪs/	We ordered dinner from {room service}.
suite	lyuks xona	n	/swiːt/	The singer stayed in the presidential {suite}.
amenities	qulayliklar	n	/əˈmiːnətiz/	The hotel has all modern {amenities}.
fully booked	joylar band	phrase	/ˌfʊli ˈbʊkt/	Sorry, the hotel is {fully booked}.
refundable	pulni qaytarish mumkin bo'lgan	adj	/rɪˈfʌndəbl/	The ticket is not {refundable}.
homestay	oilada yashash	n	/ˈhəʊmsteɪ/	I lived in a {homestay} in London to practise English.
host family	qabul qiluvchi oila	phrase	/ˈhəʊst fæməli/	My {host family} were very kind.
culture shock	madaniy shok	phrase	/ˈkʌltʃə ʃɒk/	I experienced {culture shock} in my first month abroad.
flatmate	kvartiradosh	n	/ˈflætmeɪt/	My {flatmate} never washes the dishes.
landlady	uy bekasi (ijaraga beruvchi)	n	/ˈlændleɪdi/	The {landlady} lives on the ground floor.
lease	ijara shartnomasi	n	/liːs/	We signed a two-year {lease}.
utilities	kommunal xizmatlar	n	/juːˈtɪlətiz/	The rent doesn't include {utilities}.
interior	ichki qism, interyer	n	/ɪnˈtɪəriə/	The {interior} of the house is very modern.
exterior	tashqi ko'rinish	n	/ɪkˈstɪəriə/	They painted the {exterior} of the building.
layout	tuzilish, joylashuv	n	/ˈleɪaʊt/	I like the {layout} of this flat.
driveway	uy oldidagi yo'lak	n	/ˈdraɪvweɪ/	The car is parked in the {driveway}.
porch	ayvon	n	/pɔːtʃ/	Grandpa sits on the {porch} every evening.
terrace	terrasa	n	/ˈterəs/	We had breakfast on the {terrace}.
courtyard	hovli	n	/ˈkɔːtjɑːd/	There is a fountain in the {courtyard}.
gated community	yopiq turar joy majmuasi	phrase	/ˌɡeɪtɪd kəˈmjuːnəti/	They moved to a {gated community} outside the city.
high-rise	ko'p qavatli	adj	/ˈhaɪ raɪz/	They live in a {high-rise} building.
overcrowded	odam to'lib ketgan	adj	/ˌəʊvəˈkraʊdɪd/	The buses are {overcrowded} in the morning.
run-down	qarovsiz, eskirgan	adj	/ˌrʌn ˈdaʊn/	They bought a {run-down} house and repaired it.
rent out	ijaraga bermoq	phrase	/rent ˈaʊt/	We {rent out} our flat in the summer.
move house	uy ko'chmoq	phrase	/muːv ˈhaʊs/	We had to {move house} three times.
homeowner	uy egasi	n	/ˈhəʊməʊnə/	Every {homeowner} pays property tax.
real estate	ko'chmas mulk	phrase	/ˈrɪəl ɪsteɪt/	Prices of {real estate} keep going up.
travel sickness	yo'l kasalligi (ko'ngil aynishi)	phrase	/ˈtrævl sɪknəs/	I take pills for {travel sickness}.
jetlagged	vaqt farqidan charchagan	adj	/ˈdʒetlæɡd/	I'm still {jetlagged} after the flight from New York.
wanderlust	sayohatga ishtiyoq	n	/ˈwɒndəlʌst/	Her {wanderlust} took her to forty countries.
getaway	qisqa dam olish	n	/ˈɡetəweɪ/	We planned a weekend {getaway} to the mountains.
tourist attraction	diqqatga sazovor joy	phrase	/ˈtʊərɪst ətrækʃn/	The Registan is the city's main {tourist attraction}.
guided tour	gid bilan ekskursiya	phrase	/ˌɡaɪdɪd ˈtʊə/	We took a {guided tour} of the old city.
admission fee	kirish to'lovi	phrase	/ədˈmɪʃn fiː/	The {admission fee} for students is half price.
sightseer	sayyoh (diqqatga sazovor joylarni ko'ruvchi)	n	/ˈsaɪtsiːə/	Every {sightseer} wants a photo of the Registan.
travel agency	sayohat agentligi	phrase	/ˈtrævl eɪdʒənsi/	We booked the trip through a {travel agency}.
peak season	mavsum avj pallasi	phrase	/ˈpiːk siːzn/	Hotels are expensive in {peak season}.
off-season	mavsumdan tashqari	adj	/ˈɒf siːzn/	{Off-season} prices are much lower.
hospitality industry	mehmondo'stlik sanoati	phrase	/ˌhɒspɪˈtæləti ɪndəstri/	Tourism has grown the {hospitality industry}.
en route	yo'l-yo'lakay	adv	/ˌɒn ˈruːt/	We stopped in Jizzakh {en route} to Samarkand.
inland	ichkari hududda	adv	/ˈɪnlænd/	The town is fifty kilometres {inland}.
overseas	chet elda	adv	/ˌəʊvəˈsiːz/	She works {overseas}.
nomad	ko'chmanchi	n	/ˈnəʊmæd/	A digital {nomad} works from anywhere in the world.
cable car	osma yo'l	phrase	/ˈkeɪbl kɑː/	We took the {cable car} to the top of the mountain.
hiking trail	piyoda yurish yo'lagi	phrase	/ˈhaɪkɪŋ treɪl/	The {hiking trail} is ten kilometres long.
viewpoint	ko'rish maydoni	n	/ˈvjuːpɔɪnt/	Stop at the {viewpoint} for photos.
crossing point	o'tish punkti	phrase	/ˈkrɒsɪŋ pɔɪnt/	The border {crossing point} is open all night.
tour operator	turoperator	phrase	/ˈtʊər ɒpəreɪtə/	The {tour operator} organised our flights and hotels.
sunbathe	quyoshda toblanmoq	v	/ˈsʌnbeɪð/	We like to {sunbathe} on the beach.
# Stage 13: arts, culture, hobbies and sport
genre	janr	n	/ˈʒɒnrə/	Horror is my least favourite {genre}.
fiction	badiiy adabiyot	n	/ˈfɪkʃn/	I prefer {fiction} to history books.
non-fiction	hujjatli adabiyot	n	/ˌnɒn ˈfɪkʃn/	Biographies are {non-fiction}.
poetry	she'riyat	n	/ˈpəʊətri/	Navoi wrote beautiful {poetry}.
playwright	dramaturg	n	/ˈpleɪraɪt/	Shakespeare is the most famous English {playwright}.
producer	prodyuser	n	/prəˈdjuːsə/	The {producer} found money for the film.
composer	bastakor	n	/kəmˈpəʊzə/	Mozart was a great {composer}.
conductor	dirijyor	n	/kənˈdʌktə/	The {conductor} raised his hands and the music began.
audition	tanlov (aktyorlik, qo'shiq)	n	/ɔːˈdɪʃn/	She has an {audition} for a part in the musical.
rehearsal	repetitsiya	n	/rɪˈhɜːsl/	The final {rehearsal} is on Friday.
rehearse	repetitsiya qilmoq	v	/rɪˈhɜːs/	The band will {rehearse} every evening this week.
applause	olqishlar	n	/əˈplɔːz/	The singer got loud {applause}.
applaud	qarsak chalmoq	v	/əˈplɔːd/	The audience stood up to {applaud}.
standing ovation	tik turib olqishlash	phrase	/ˌstændɪŋ əʊˈveɪʃn/	The actors got a {standing ovation}.
backstage	sahna ortida	adv	/ˌbækˈsteɪdʒ/	We met the band {backstage} after the show.
spotlight	projektor nuri; diqqat markazi	n	/ˈspɒtlaɪt/	She loves being in the {spotlight}.
venue	o'tkaziladigan joy	n	/ˈvenjuː/	The {venue} for the concert has changed.
auditorium	tomosha zali	n	/ˌɔːdɪˈtɔːriəm/	The {auditorium} holds a thousand people.
gig	konsert (kichik)	n	/ɡɪɡ/	The band played a {gig} at a local café.
live music	jonli musiqa	phrase	/ˌlaɪv ˈmjuːzɪk/	The restaurant has {live music} on Fridays.
lead singer	bosh vokalchi	phrase	/ˌliːd ˈsɪŋə/	The {lead singer} left the band.
violin	skripka	n	/ˌvaɪəˈlɪn/	She has played the {violin} since she was five.
flute	nay, fleyta	n	/fluːt/	He played a sad tune on the {flute}.
tune	kuy	n	/tjuːn/	I can't get this {tune} out of my head.
rhythm	ritm	n	/ˈrɪðəm/	Clap your hands to the {rhythm}.
chorus	naqarot; xor	n	/ˈkɔːrəs/	Everyone sang the {chorus} together.
verse	bayt, kuplet	n	/vɜːs/	I only know the first {verse} of the song.
harmony	uyg'unlik, garmoniya	n	/ˈhɑːməni/	The two groups live in {harmony}.
classical	klassik, mumtoz	adj	/ˈklæsɪkl/	I listen to {classical} music when I study.
folk	xalq (musiqasi)	adj	/fəʊk/	They played Uzbek {folk} songs at the wedding.
opera	opera	n	/ˈɒprə/	We went to the {opera} at the Navoi Theatre.
ballet	balet	n	/ˈbæleɪ/	She has studied {ballet} since childhood.
dancer	raqqosa, raqqos	n	/ˈdɑːnsə/	The {dancer} moved beautifully across the stage.
mural	devoriy rasm	n	/ˈmjʊərəl/	Students painted a {mural} on the school wall.
canvas	kanvas, polotno	n	/ˈkænvəs/	The artist painted on a large {canvas}.
sketch	chizgi, eskiz	n	/sketʃ/	He made a quick {sketch} of the mosque.
abstract	mavhum, abstrakt	adj	/ˈæbstrækt/	I don't understand {abstract} art.
curator	kurator (muzey)	n	/kjʊəˈreɪtə/	The {curator} chose the paintings for the exhibition.
handicraft	qo'l hunari	n	/ˈhændikrɑːft/	You can buy local {handicraft} at the bazaar.
ceramics	keramika	n	/səˈræmɪks/	Rishtan is famous for its blue {ceramics}.
calligraphy	xattotlik	n	/kəˈlɪɡrəfi/	The walls are decorated with Arabic {calligraphy}.
miniature	miniatyura	n	/ˈmɪnətʃə/	The museum has a {miniature} from the 15th century.
silk	ipak	n	/sɪlk/	Margilan is famous for its {silk}.
textile	to'qimachilik mahsuloti	n	/ˈtekstaɪl/	Cotton is used in the {textile} industry.
amateur	havaskor	adj	/ˈæmətə/	He plays in an {amateur} football team.
goalkeeper	darvozabon	n	/ˈɡəʊlkiːpə/	The {goalkeeper} saved the penalty.
striker	hujumchi	n	/ˈstraɪkə/	The {striker} scored two goals.
defender	himoyachi	n	/dɪˈfendə/	He plays as a {defender}.
captain	sardor, kapitan	n	/ˈkæptɪn/	The {captain} lifted the trophy.
squad	jamoa tarkibi	n	/skwɒd/	He was not chosen for the national {squad}.
substitute	zaxira o'yinchi	n	/ˈsʌbstɪtjuːt/	The {substitute} scored in the last minute.
foul	qoida buzish	n	/faʊl/	The referee gave a {foul} against our team.
red card	qizil kartochka	phrase	/ˌred ˈkɑːd/	He got a {red card} for hitting another player.
extra time	qo'shimcha vaqt	phrase	/ˌekstrə ˈtaɪm/	The match went into {extra time}.
tactics	taktika	n	/ˈtæktɪks/	The coach changed his {tactics} at half-time.
stamina	chidamlilik	n	/ˈstæmɪnə/	Long-distance runners need a lot of {stamina}.
endurance	bardosh, chidam	n	/ɪnˈdjʊərəns/	The race is a real test of {endurance}.
athletic	sportchi qomatli	adj	/æθˈletɪk/	He is tall and {athletic}.
marathon	marafon	n	/ˈmærəθən/	She ran the Tashkent {marathon} in four hours.
sprint	sprint, qisqa masofaga yugurish	n	/sprɪnt/	He won the 100-metre {sprint}.
relay	estafeta	n	/ˈriːleɪ/	Our school won the {relay} race.
long jump	uzunlikka sakrash	phrase	/ˈlɒŋ dʒʌmp/	She won a medal in the {long jump}.
gymnastics	gimnastika	n	/dʒɪmˈnæstɪks/	Uzbekistan has strong teams in {gymnastics}.
martial arts	yakkakurash san'atlari	phrase	/ˌmɑːʃl ˈɑːts/	Karate and taekwondo are {martial arts}.
weightlifting	og'ir atletika	n	/ˈweɪtlɪftɪŋ/	He won gold in {weightlifting}.
archery	kamondan otish	n	/ˈɑːtʃəri/	{Archery} was a popular sport among nomads.
horse riding	ot minish	phrase	/ˈhɔːs raɪdɪŋ/	We went {horse riding} in the mountains.
Olympic Games	Olimpiya o'yinlari	phrase	/əˌlɪmpɪk ˈɡeɪmz/	The {Olympic Games} take place every four years.
world record	jahon rekordi	phrase	/ˌwɜːld ˈrekɔːd/	He broke the {world record}.
record-breaking	rekord o'rnatgan	adj	/ˈrekɔːd breɪkɪŋ/	It was a {record-breaking} summer — the hottest ever.
semi-final	yarim final	n	/ˌsemi ˈfaɪnl/	They lost in the {semi-final}.
final	final	n	/ˈfaɪnl/	Millions watched the World Cup {final}.
runner-up	ikkinchi o'rin egasi	n	/ˌrʌnər ˈʌp/	She was {runner-up} in the singing competition.
underdog	zaif deb hisoblangan tomon	n	/ˈʌndədɒɡ/	Everyone loves it when the {underdog} wins.
cheer on	qo'llab-quvvatlab olqishlamoq	phrase	/tʃɪər ˈɒn/	Thousands of fans came to {cheer on} the team.
sportsmanship	sportchiga xos odob	n	/ˈspɔːtsmənʃɪp/	Shaking hands after the match shows good {sportsmanship}.
doping	doping	n	/ˈdəʊpɪŋ/	The athlete was banned for {doping}.
kick-off	o'yin boshlanishi	n	/ˈkɪk ɒf/	{Kick-off} is at eight o'clock.
half-time	tanaffus (o'yinda)	n	/ˌhɑːf ˈtaɪm/	The score at {half-time} was 1–1.
scoreboard	tablo	n	/ˈskɔːbɔːd/	Look at the {scoreboard} — we're winning!
crossword	krossvord	n	/ˈkrɒswɜːd/	My grandfather does the {crossword} every morning.
jigsaw	boshqotirma (rasmli)	n	/ˈdʒɪɡsɔː/	We did a 1,000-piece {jigsaw} together.
gardening	bog'dorchilik	n	/ˈɡɑːdnɪŋ/	My mother's hobby is {gardening}.
knitting	to'qish (ip bilan)	n	/ˈnɪtɪŋ/	Grandma is always busy with her {knitting}.
DIY	o'z qo'li bilan yasash-ta'mirlash	n	/ˌdiː aɪ ˈwaɪ/	My dad loves {DIY} and fixes everything himself.
photography	fotografiya	n	/fəˈtɒɡrəfi/	She is interested in wildlife {photography}.
anthem	madhiya	n	/ˈænθəm/	Everyone stood for the national {anthem}.
folklore	folklor	n	/ˈfəʊklɔː/	Nasreddin Hodja is a famous figure in {folklore}.
masquerade	niqobli bazm	n	/ˌmæskəˈreɪd/	They wore masks to the {masquerade}.
banquet	ziyofat	n	/ˈbæŋkwɪt/	A {banquet} was held in honour of the guests.
feast	bazm, ziyofat	n	/fiːst/	The wedding {feast} lasted all night.
bestseller	eng ko'p sotilgan kitob	n	/ˌbestˈselə/	Her first novel became a {bestseller}.
illustration	rasm, illyustratsiya	n	/ˌɪləˈstreɪʃn/	The book has a colourful {illustration} on every page.
paperback	yumshoq muqovali kitob	n	/ˈpeɪpəbæk/	The {paperback} is cheaper than the hardback.
narrator	hikoyachi	n	/nəˈreɪtə/	The {narrator} of the story is a young girl.
protagonist	bosh qahramon	n	/prəˈtæɡənɪst/	The {protagonist} of the novel is a doctor.
villain	yovuz qahramon	n	/ˈvɪlən/	The {villain} in the film was very scary.
stunt	tryuk	n	/stʌnt/	The actor did every {stunt} himself.
hardback	qattiq muqovali kitob	n	/ˈhɑːdbæk/	The {hardback} edition has beautiful pictures.
playlist	pleylist, qo'shiqlar ro'yxati	n	/ˈpleɪlɪst/	I made a {playlist} for our road trip.
# Stage 14: core Intermediate verbs and adjectives
acknowledge	tan olmoq, e'tirof etmoq	v	/əkˈnɒlɪdʒ/	He refused to {acknowledge} his mistake.
alter	o'zgartirmoq	v	/ˈɔːltə/	We had to {alter} our plans because of the rain.
anticipate	oldindan kutmoq	v	/ænˈtɪsɪpeɪt/	We don't {anticipate} any problems.
assist	yordam bermoq	v	/əˈsɪst/	The nurse will {assist} the doctor.
boost	oshirmoq, kuchaytirmoq	v	/buːst/	Good marks {boost} your confidence.
collapse	qulab tushmoq	v	/kəˈlæps/	The old bridge could {collapse} at any time.
conceal	yashirmoq	v	/kənˈsiːl/	She tried to {conceal} her disappointment.
consult	maslahatlashmoq	v	/kənˈsʌlt/	You should {consult} a doctor.
contribute	hissa qo'shmoq	v	/kənˈtrɪbjuːt/	Everyone can {contribute} to the discussion.
convert	aylantirmoq, o'zgartirmoq	v	/kənˈvɜːt/	They want to {convert} the garage into a bedroom.
dedicate	bag'ishlamoq	v	/ˈdedɪkeɪt/	I {dedicate} this song to my mother.
demonstrate	namoyish qilmoq, ko'rsatmoq	v	/ˈdemənstreɪt/	The teacher will {demonstrate} the experiment.
detect	aniqlamoq, payqamoq	v	/dɪˈtekt/	Dogs can {detect} drugs in luggage.
devote	bag'ishlamoq (vaqt, kuch)	v	/dɪˈvəʊt/	She wants to {devote} more time to her family.
differ	farq qilmoq	v	/ˈdɪfə/	Prices {differ} from shop to shop.
disrupt	buzmoq, izdan chiqarmoq	v	/dɪsˈrʌpt/	The strike will {disrupt} train services.
dominate	hukmronlik qilmoq	v	/ˈdɒmɪneɪt/	Big companies {dominate} the market.
emerge	paydo bo'lmoq, chiqib kelmoq	v	/ɪˈmɜːdʒ/	New problems {emerge} every day.
enable	imkon bermoq	v	/ɪˈneɪbl/	The scholarship will {enable} her to study abroad.
endure	chidamoq	v	/ɪnˈdjʊə/	They had to {endure} a long cold winter.
enhance	yaxshilamoq, oshirmoq	v	/ɪnˈhɑːns/	Music can {enhance} your mood.
ensure	ta'minlamoq, kafolatlamoq	v	/ɪnˈʃɔː/	Please {ensure} that all windows are closed.
establish	tashkil etmoq, o'rnatmoq	v	/ɪˈstæblɪʃ/	They want to {establish} a new school in the village.
exceed	oshib ketmoq	v	/ɪkˈsiːd/	Don't {exceed} the speed limit.
exclude	chiqarib tashlamoq	v	/ɪkˈskluːd/	The coach decided to {exclude} him from the team.
expose	ochib tashlamoq, fosh qilmoq	v	/ɪkˈspəʊz/	The journalist wanted to {expose} the scandal.
extend	uzaytirmoq	v	/ɪkˈstend/	I want to {extend} my visa for another month.
fade	so'nmoq, rangi o'chmoq	v	/feɪd/	Jeans {fade} after many washes.
generate	ishlab chiqarmoq, yaratmoq	v	/ˈdʒenəreɪt/	Wind turbines {generate} electricity.
highlight	alohida ta'kidlamoq	v	/ˈhaɪlaɪt/	The report will {highlight} the main problems.
imply	nazarda tutmoq, shama qilmoq	v	/ɪmˈplaɪ/	Are you trying to {imply} that I'm lying?
impose	majburlamoq, joriy etmoq	v	/ɪmˈpəʊz/	The government decided to {impose} a new tax.
inherit	meros qilib olmoq	v	/ɪnˈherɪt/	She will {inherit} her grandmother's house.
insist	turib olmoq	v	/ɪnˈsɪst/	I {insist} on paying for dinner.
interfere	aralashmoq	v	/ˌɪntəˈfɪə/	Please don't {interfere} in my private life.
modify	o'zgartirmoq, moslashtirmoq	v	/ˈmɒdɪfaɪ/	We need to {modify} the design slightly.
monitor	kuzatib bormoq	v	/ˈmɒnɪtə/	Doctors {monitor} the patient's heart.
neglect	e'tiborsiz qoldirmoq	v	/nɪˈɡlekt/	Don't {neglect} your health.
obey	bo'ysunmoq	v	/əˈbeɪ/	Soldiers must {obey} orders.
occupy	egallamoq	v	/ˈɒkjupaɪ/	The children {occupy} the back seat.
overcome	yengib o'tmoq	v	/ˌəʊvəˈkʌm/	She worked hard to {overcome} her fear of flying.
overlook	e'tibordan chetda qoldirmoq	v	/ˌəʊvəˈlʊk/	It's easy to {overlook} small mistakes.
perceive	idrok etmoq, qabul qilmoq	v	/pəˈsiːv/	How do other people {perceive} you?
persist	davom etmoq, qat'iy turmoq	v	/pəˈsɪst/	If the pain continues to {persist}, see a doctor.
possess	egalik qilmoq	v	/pəˈzes/	He doesn't {possess} a car.
postpone	kechiktirmoq, keyinga qoldirmoq	v	/pəˈspəʊn/	We had to {postpone} the wedding.
prohibit	taqiqlamoq	v	/prəˈhɪbɪt/	The rules {prohibit} smoking in the building.
pursue	intilmoq, ta'qib qilmoq	v	/pəˈsjuː/	She wants to {pursue} a career in medicine.
remain	qolmoq	v	/rɪˈmeɪn/	Please {remain} in your seats.
resemble	o'xshamoq	v	/rɪˈzembl/	You {resemble} your father.
resolve	hal qilmoq	v	/rɪˈzɒlv/	We need to {resolve} this problem quickly.
restore	tiklamoq, restavratsiya qilmoq	v	/rɪˈstɔː/	They plan to {restore} the old palace.
restrict	cheklamoq	v	/rɪˈstrɪkt/	The new rules {restrict} the use of phones.
retain	saqlab qolmoq	v	/rɪˈteɪn/	The city tries to {retain} its old charm.
seek	izlamoq	v	/siːk/	You should {seek} advice from a lawyer.
specify	aniq ko'rsatmoq	v	/ˈspesɪfaɪ/	Please {specify} your size when you order.
stimulate	rag'batlantirmoq	v	/ˈstɪmjuleɪt/	Lower taxes {stimulate} the economy.
submit	topshirmoq	v	/səbˈmɪt/	{Submit} your application before Friday.
surrender	taslim bo'lmoq	v	/səˈrendə/	The soldiers refused to {surrender}.
sustain	saqlab turmoq, qo'llab turmoq	v	/səˈsteɪn/	We can't {sustain} this level of spending.
tackle	hal qilishga kirishmoq	v	/ˈtækl/	The government must {tackle} unemployment.
tempt	vasvasaga solmoq	v	/tempt/	Don't {tempt} me with chocolate!
transmit	uzatmoq, yuqtirmoq	v	/trænzˈmɪt/	Mosquitoes {transmit} malaria.
undergo	boshidan kechirmoq	v	/ˌʌndəˈɡəʊ/	He will {undergo} an operation next week.
verify	tasdiqlamoq, tekshirmoq	v	/ˈverɪfaɪ/	The bank needs to {verify} your identity.
alert	hushyor, sergak	adj	/əˈlɜːt/	Drivers must stay {alert}.
bold	jasur, dadil	adj	/bəʊld/	It was a {bold} decision to leave his job.
comprehensive	har tomonlama	adj	/ˌkɒmprɪˈhensɪv/	The book is a {comprehensive} guide to the city.
consistent	izchil, doimiy	adj	/kənˈsɪstənt/	His work has been {consistent} all year.
conventional	an'anaviy, odatiy	adj	/kənˈvenʃənl/	She doesn't like {conventional} ideas.
decent	munosib, yaxshi	adj	/ˈdiːsnt/	Everyone deserves a {decent} salary.
deliberate	qasddan qilingan	adj	/dɪˈlɪbərət/	The fire was {deliberate}.
dense	zich, qalin	adj	/dens/	We got lost in the {dense} forest.
distinct	aniq, yaqqol	adj	/dɪˈstɪŋkt/	There is a {distinct} smell of gas.
dramatic	keskin; ta'sirli	adj	/drəˈmætɪk/	There has been a {dramatic} rise in prices.
extraordinary	g'ayrioddiy	adj	/ɪkˈstrɔːdnri/	She has an {extraordinary} voice.
fierce	shiddatli, vahshiy	adj	/fɪəs/	There is {fierce} competition for jobs.
frank	ochiq, to'g'ri	adj	/fræŋk/	To be {frank}, I didn't like the film.
harsh	qattiq, shafqatsiz	adj	/hɑːʃ/	The winters here are very {harsh}.
hostile	dushmanona	adj	/ˈhɒstaɪl/	The crowd was {hostile} to the new coach.
immense	ulkan	adj	/ɪˈmens/	The project needs an {immense} amount of work.
inferior	past (sifat), quyi	adj	/ɪnˈfɪəriə/	This copy is {inferior} to the original.
superior	yuqori, ustun	adj	/suːˈpɪəriə/	Their technology is {superior} to ours.
internal	ichki	adj	/ɪnˈtɜːnl/	The company started an {internal} investigation.
external	tashqi	adj	/ɪkˈstɜːnl/	The walls need {external} repairs.
moderate	o'rtacha, mo'tadil	adj	/ˈmɒdərət/	Do {moderate} exercise three times a week.
neutral	neytral, betaraf	adj	/ˈnjuːtrəl/	Switzerland stayed {neutral} during the war.
notable	e'tiborga loyiq	adj	/ˈnəʊtəbl/	The town is {notable} for its old mosque.
numerous	ko'p sonli	adj	/ˈnjuːmərəs/	I have told you {numerous} times!
ongoing	davom etayotgan	adj	/ˈɒnɡəʊɪŋ/	The investigation is {ongoing}.
overall	umumiy	adj	/ˌəʊvərˈɔːl/	The {overall} cost of the trip was $800.
peculiar	g'ayritabiiy, o'ziga xos	adj	/pɪˈkjuːliə/	This soup has a {peculiar} taste.
prominent	taniqli, ko'zga ko'ringan	adj	/ˈprɒmɪnənt/	He is a {prominent} lawyer.
rapid	tez	adj	/ˈræpɪd/	The city has seen {rapid} growth.
reluctant	istamaygina	adj	/rɪˈlʌktənt/	He was {reluctant} to lend me money.
stable	barqaror	adj	/ˈsteɪbl/	The patient's condition is {stable}.
thorough	puxta, sinchkov	adj	/ˈθʌrə/	The police made a {thorough} search of the house.
vague	noaniq, mavhum	adj	/veɪɡ/	He gave a {vague} answer.
vivid	yorqin, jonli	adj	/ˈvɪvɪd/	I have {vivid} memories of my childhood.
widespread	keng tarqalgan	adj	/ˈwaɪdspred/	The use of mobile phones is {widespread}.
# Stage 15: phrasal verbs, linking words and adverbs
consequently	natijada	adv	/ˈkɒnsɪkwəntli/	He didn't study and {consequently} failed the exam.
likewise	xuddi shunday	adv	/ˈlaɪkwaɪz/	She thanked me, and I did {likewise}.
nonetheless	shunga qaramay	adv	/ˌnʌnðəˈles/	The film was long; {nonetheless}, we enjoyed it.
accordingly	shunga mos ravishda	adv	/əˈkɔːdɪŋli/	Read the rules and act {accordingly}.
admittedly	tan olish kerakki	adv	/ədˈmɪtɪdli/	{Admittedly}, the hotel was cheap, but it was dirty.
alternatively	yoki bo'lmasa	adv	/ɔːlˈtɜːnətɪvli/	You can go by train; {alternatively}, take the bus.
as a matter of fact	aslida, aytgancha	phrase	/əz ə ˌmætər əv ˈfækt/	{As a matter of fact}, I've already finished.
as far as I know	bilishimcha	phrase	/əz ˌfɑːr əz aɪ ˈnəʊ/	{As far as I know}, the shop is closed on Sundays.
at least	hech bo'lmaganda	phrase	/ət ˈliːst/	You should sleep {at least} seven hours.
by far	ancha, beqiyos	phrase	/baɪ ˈfɑː/	She is {by far} the best student in the class.
by the way	aytgancha	phrase	/baɪ ðə ˈweɪ/	{By the way}, have you seen my keys?
in other words	boshqacha aytganda	phrase	/ɪn ˈʌðə wɜːdz/	He's "between jobs" — {in other words}, unemployed.
in the long run	uzoq muddatda	phrase	/ɪn ðə ˈlɒŋ rʌn/	Healthy food saves money {in the long run}.
in the meantime	bu orada	phrase	/ɪn ðə ˈmiːntaɪm/	Dinner is almost ready. {In the meantime}, have some tea.
on average	o'rtacha	phrase	/ɒn ˈævərɪdʒ/	{On average}, I read two books a month.
on purpose	ataylab	phrase	/ɒn ˈpɜːpəs/	I'm sure he broke it {on purpose}.
on the whole	umuman olganda	phrase	/ɒn ðə ˈhəʊl/	{On the whole}, the trip was a success.
to some extent	ma'lum darajada	phrase	/tə sʌm ɪkˈstent/	I agree with you {to some extent}.
for the time being	hozircha	phrase	/fə ðə ˈtaɪm biːɪŋ/	We're living with my parents {for the time being}.
all in all	umuman olganda	phrase	/ˌɔːl ɪn ˈɔːl/	{All in all}, it was a good year.
in terms of	jihatidan	phrase	/ɪn ˈtɜːmz əv/	{In terms of} price, this phone is the best.
with regard to	...ga kelsak	phrase	/wɪð rɪˈɡɑːd tə/	I am writing {with regard to} your letter.
in contrast	aksincha, farqli o'laroq	phrase	/ɪn ˈkɒntrɑːst/	The north is cold. {In contrast}, the south is warm.
on the contrary	aksincha	phrase	/ɒn ðə ˈkɒntrəri/	I'm not tired. {On the contrary}, I feel great.
given that	...ni hisobga olsak	phrase	/ˈɡɪvn ðæt/	{Given that} he is only ten, he plays very well.
so as to	...uchun, ...maqsadida	phrase	/ˈsəʊ əz tə/	I left early {so as to} catch the train.
in case	mabodo, ehtimolga qarshi	phrase	/ɪn ˈkeɪs/	Take an umbrella {in case} it rains.
even if	hatto ... bo'lsa ham	phrase	/ˈiːvn ɪf/	I'll go {even if} it rains.
regardless of	...ga qaramay	phrase	/rɪˈɡɑːdləs əv/	Anyone can apply, {regardless of} age.
rather than	...o'rniga	phrase	/ˈrɑːðə ðən/	I'd like tea {rather than} coffee.
as opposed to	...dan farqli o'laroq	phrase	/əz əˈpəʊzd tə/	I prefer the mountains, {as opposed to} the beach.
presumably	taxminan, ehtimol	adv	/prɪˈzjuːməbli/	{Presumably}, the meeting is cancelled.
seemingly	ko'rinishidan	adv	/ˈsiːmɪŋli/	The {seemingly} easy question was very difficult.
supposedly	go'yoki	adv	/səˈpəʊzɪdli/	The restaurant is {supposedly} the best in town.
undoubtedly	shubhasiz	adv	/ʌnˈdaʊtɪdli/	He is {undoubtedly} the best player in the team.
arguably	ehtimol (fikricha)	adv	/ˈɑːɡjuəbli/	She is {arguably} the greatest singer of her time.
inevitably	muqarrar ravishda	adv	/ɪnˈevɪtəbli/	Prices will {inevitably} go up.
thoroughly	puxta, butunlay	adv	/ˈθʌrəli/	Wash the vegetables {thoroughly}.
utterly	mutlaqo	adv	/ˈʌtəli/	I was {utterly} exhausted.
somewhat	biroz	adv	/ˈsʌmwɒt/	The results were {somewhat} disappointing.
barely	zo'rg'a	adv	/ˈbeəli/	I could {barely} hear him.
scarcely	deyarli ... emas	adv	/ˈskeəsli/	There was {scarcely} any food left.
solely	faqat, yolg'iz	adv	/ˈsəʊlli/	The decision was {solely} mine.
primarily	asosan	adv	/praɪˈmerəli/	The course is {primarily} for beginners.
precisely	aynan, aniq	adv	/prɪˈsaɪsli/	That's {precisely} what I mean.
literally	so'zma-so'z, rostdan	adv	/ˈlɪtərəli/	The house was {literally} falling down.
practically	deyarli; amalda	adv	/ˈpræktɪkli/	The shop was {practically} empty.
altogether	butunlay; jami	adv	/ˌɔːltəˈɡeðə/	The noise stopped {altogether}.
beforehand	oldindan	adv	/bɪˈfɔːhænd/	Call {beforehand} to book a table.
formerly	ilgari, avval	adv	/ˈfɔːməli/	The hotel was {formerly} a palace.
back down	yon bermoq	phrase	/bæk ˈdaʊn/	He refused to {back down} in the argument.
bring about	sabab bo'lmoq, olib kelmoq	phrase	/brɪŋ əˈbaʊt/	The internet has helped to {bring about} huge changes.
bring forward	muddatini oldinga surmoq	phrase	/brɪŋ ˈfɔːwəd/	We decided to {bring forward} the meeting to Monday.
call for	talab qilmoq	phrase	/ˈkɔːl fɔː/	This news will {call for} a celebration!
come down with	kasal bo'lib qolmoq	phrase	/kʌm ˈdaʊn wɪð/	I think I'm going to {come down with} a cold.
do without	...siz yashay olmoq	phrase	/duː wɪˈðaʊt/	I can't {do without} my morning coffee.
draw up	tuzmoq (hujjat)	phrase	/drɔː ˈʌp/	The lawyer will {draw up} the contract.
drop by	kirib o'tmoq	phrase	/drɒp ˈbaɪ/	{Drop by} any time you're in the area.
drop off	olib borib qo'ymoq	phrase	/drɒp ˈɒf/	I'll {drop off} the kids at school.
face up to	tan olib, duch kelmoq	phrase	/feɪs ˈʌp tə/	You have to {face up to} your problems.
fall apart	parchalanib ketmoq	phrase	/fɔːl əˈpɑːt/	My old shoes are starting to {fall apart}.
fall through	amalga oshmay qolmoq	phrase	/fɔːl ˈθruː/	Our holiday plans may {fall through}.
get across	tushuntira olmoq	phrase	/ɡet əˈkrɒs/	It's hard to {get across} such a complex idea.
get around to	nihoyat vaqt topmoq	phrase	/ɡet əˈraʊnd tə/	I never {get around to} cleaning the windows.
get by	amallab yashamoq	phrase	/ɡet ˈbaɪ/	It's hard to {get by} on such a small salary.
get down to	jiddiy kirishmoq	phrase	/ɡet ˈdaʊn tə/	Let's {get down to} work.
give in	taslim bo'lmoq	phrase	/ɡɪv ˈɪn/	Don't {give in} — keep trying!
go along with	rozi bo'lmoq	phrase	/ɡəʊ əˈlɒŋ wɪð/	I'll {go along with} whatever you decide.
go without	...siz qolmoq	phrase	/ɡəʊ wɪˈðaʊt/	Many families {go without} heating in winter.
hand over	topshirmoq	phrase	/hænd ˈəʊvə/	He had to {hand over} his passport.
hold back	tiyib turmoq	phrase	/həʊld ˈbæk/	She couldn't {hold back} her tears.
live up to	kutilganni oqlamoq	phrase	/lɪv ˈʌp tə/	The film didn't {live up to} my expectations.
look back on	o'tmishga nazar tashlamoq	phrase	/lʊk ˈbæk ɒn/	I {look back on} my school years with pleasure.
make do with	...bilan qanoatlanmoq	phrase	/meɪk ˈduː wɪð/	We had to {make do with} bread and cheese.
make up for	o'rnini to'ldirmoq	phrase	/meɪk ˈʌp fə/	I'll {make up for} lost time.
pick on	ustidan kulmoq, tegishmoq	phrase	/ˈpɪk ɒn/	Bigger boys always {pick on} him.
pull through	tuzalib ketmoq, omon qolmoq	phrase	/pʊl ˈθruː/	The doctors think she will {pull through}.
put forward	taklif qilmoq	phrase	/pʊt ˈfɔːwəd/	She {put forward} a new idea at the meeting.
rule out	istisno qilmoq	phrase	/ruːl ˈaʊt/	The police can't {rule out} murder.
run over	(mashina) bosib ketmoq	phrase	/rʌn ˈəʊvə/	Be careful — a car could {run over} the cat.
see through	aldovni payqamoq	phrase	/siː ˈθruː/	I can {see through} his lies.
settle down	o'rnashib qolmoq, oila qurmoq	phrase	/setl ˈdaʊn/	He wants to {settle down} and have children.
set aside	ajratib qo'ymoq	phrase	/set əˈsaɪd/	I {set aside} some money every month.
stand out	ajralib turmoq	phrase	/stænd ˈaʊt/	Her red dress made her {stand out} in the crowd.
step down	lavozimdan ketmoq	phrase	/step ˈdaʊn/	The director will {step down} next year.
stick to	amal qilmoq, qat'iy turmoq	phrase	/ˈstɪk tə/	Try to {stick to} your diet.
take in	anglab olmoq; aldamoq	phrase	/teɪk ˈɪn/	There was too much information to {take in}.
take on	zimmasiga olmoq; ishga olmoq	phrase	/teɪk ˈɒn/	Don't {take on} too much work.
talk over	muhokama qilmoq	phrase	/tɔːk ˈəʊvə/	Let's {talk over} the problem at lunch.
think through	puxta o'ylab chiqmoq	phrase	/θɪŋk ˈθruː/	You need to {think through} your decision.
turn away	qaytarib yubormoq	phrase	/tɜːn əˈweɪ/	The club had to {turn away} many people.
wear off	ta'siri o'tib ketmoq	phrase	/weər ˈɒf/	The painkiller will {wear off} in a few hours.
weigh up	chamalab ko'rmoq	phrase	/weɪ ˈʌp/	{Weigh up} the pros and cons before you decide.
catch on	ommalashmoq; tushunmoq	phrase	/kætʃ ˈɒn/	The new fashion didn't {catch on}.
come about	yuz bermoq	phrase	/kʌm əˈbaʊt/	How did this situation {come about}?
get through	o'tmoq, bardosh bermoq	phrase	/ɡet ˈθruː/	We'll {get through} this difficult time together.
hang out	vaqt o'tkazmoq (do'stlar bilan)	phrase	/hæŋ ˈaʊt/	We usually {hang out} at the mall on Saturdays.
hang on	kutib turmoq	phrase	/hæŋ ˈɒn/	{Hang on} a minute — I'm coming!
pros and cons	afzallik va kamchiliklar	phrase	/ˌprəʊz ən ˈkɒnz/	Let's discuss the {pros and cons} of living in a city.
look ahead	kelajakni o'ylamoq	phrase	/lʊk əˈhed/	It is time to {look ahead} and plan for next year.
