# Proficiency (C2) vocabulary, written for Flex Academy (NOT from a source file).
# word <TAB> Uzbek translation <TAB> part of speech <TAB> IPA (British) <TAB> example with the word in {braces}.
# 1500 words, 15 stages of 100 (one theme per stage). No word repeats any other level. Review the Uzbek before publishing.
# Stage 1: character and temperament (literary)
acquiescent	so'zsiz rozi bo'luvchi	adj	/ˌækwiˈesnt/	The {acquiescent} staff accepted the pay cut without a word.
avaricious	ochko'z, tamagir	adj	/ˌævəˈrɪʃəs/	The {avaricious} landlord raised the rent again.
bellicose	jangari, urushqoq	adj	/ˈbelɪkəʊs/	The general made {bellicose} speeches.
boorish	qo'pol, dag'al	adj	/ˈbʊərɪʃ/	His {boorish} behaviour embarrassed everyone.
brusque	keskin, qo'pol (muomalada)	adj	/bruːsk/	The doctor was {brusque} with his patients.
cantankerous	injiq, janjalkash	adj	/kænˈtæŋkərəs/	The {cantankerous} old man complained about everything.
churlish	qo'pol, noshukur	adj	/ˈtʃɜːlɪʃ/	It would be {churlish} to refuse such a kind offer.
contrite	pushaymon	adj	/kənˈtraɪt/	He looked {contrite} and apologised.
craven	qo'rqoq	adj	/ˈkreɪvn/	It was a {craven} decision to run away.
crass	qo'pol, ahmoqona	adj	/kræs/	He made a {crass} joke at the funeral.
dilettante	havaskor (yuzaki)	n	/ˌdɪlɪˈtænti/	He is a {dilettante} who dabbles in painting.
disingenuous	samimiyatsiz, ayyor	adj	/ˌdɪsɪnˈdʒenjuəs/	It was {disingenuous} of him to claim he knew nothing.
dissolute	axloqsiz, buzuq	adj	/ˈdɪsəluːt/	He wasted his youth in {dissolute} living.
ebullient	jo'shqin, g'ayratli	adj	/ɪˈbʌliənt/	The {ebullient} host greeted every guest.
effete	zaif, nozik (erkak)	adj	/ɪˈfiːt/	The old aristocracy had become {effete}.
equanimity	vazminlik, xotirjamlik	n	/ˌekwəˈnɪməti/	She accepted the news with {equanimity}.
fatuous	ahmoqona	adj	/ˈfætʃuəs/	He made a {fatuous} remark about the weather.
feckless	mas'uliyatsiz, qobiliyatsiz	adj	/ˈfekləs/	Her {feckless} son never keeps a job.
fractious	janjalkash, injiq	adj	/ˈfrækʃəs/	The meeting was long and {fractious}.
garrulous	vaysaqi	adj	/ˈɡærələs/	The {garrulous} taxi driver talked all the way.
gauche	noqulay, qo'pol (muomalada)	adj	/ɡəʊʃ/	He felt {gauche} among the rich guests.
glib	yengil (samimiyatsiz)	adj	/ɡlɪb/	He gave a {glib} answer.
guileless	sodda, hiylasiz	adj	/ˈɡaɪlləs/	The child's {guileless} smile won everyone over.
hubris	takabburlik (halokatga olib boruvchi)	n	/ˈhjuːbrɪs/	His {hubris} led to his downfall.
iconoclast	an'analarni buzuvchi	n	/aɪˈkɒnəklæst/	The director is an {iconoclast} who breaks every rule.
imperious	hukmfarmo, buyruqona	adj	/ɪmˈpɪəriəs/	She dismissed him with an {imperious} wave.
impervious	ta'sir qilmaydigan	adj	/ɪmˈpɜːviəs/	He seems {impervious} to criticism.
implacable	murosasiz, tinchitib bo'lmas	adj	/ɪmˈplækəbl/	She was an {implacable} enemy.
indefatigable	charchoq bilmas	adj	/ˌɪndɪˈfætɪɡəbl/	The {indefatigable} volunteer worked every weekend.
inscrutable	sirli, tushunib bo'lmas	adj	/ɪnˈskruːtəbl/	His face was {inscrutable}.
insipid	bemaza, rangsiz	adj	/ɪnˈsɪpɪd/	The soup was {insipid}.
intransigent	murosasiz, o'jar	adj	/ɪnˈtrænzɪdʒənt/	Both sides remained {intransigent}.
irascible	jizzaki	adj	/ɪˈræsəbl/	The {irascible} professor shouted at late students.
jaded	zerikkan, bezgan	adj	/ˈdʒeɪdɪd/	After years in politics, he was {jaded}.
laconic	lo'nda, kam so'zli	adj	/ləˈkɒnɪk/	He gave a {laconic} reply.
lugubrious	g'amgin, ma'yus	adj	/ləˈɡuːbriəs/	He spoke in a {lugubrious} voice.
magnanimous	olijanob, bag'rikeng	adj	/mæɡˈnænɪməs/	She was {magnanimous} in victory.
mawkish	o'ta sentimental	adj	/ˈmɔːkɪʃ/	The film's ending was {mawkish}.
mendacious	yolg'onchi	adj	/menˈdeɪʃəs/	The report was full of {mendacious} claims.
mercurial	beqaror, tez o'zgaruvchan	adj	/mɜːˈkjʊəriəl/	The {mercurial} star could be charming or cruel.
misanthrope	odamlardan bezgan kishi	n	/ˈmɪsənθrəʊp/	The old {misanthrope} lived alone in the mountains.
munificent	o'ta saxiy	adj	/mjuːˈnɪfɪsnt/	The library was built by a {munificent} donor.
obdurate	qaysar, bag'ritosh	adj	/ˈɒbdjərət/	He remained {obdurate} despite our pleas.
obsequious	xushomadgo'y, laganbardor	adj	/əbˈsiːkwiəs/	The {obsequious} waiter bowed again and again.
officious	o'rinsiz buyruqboz	adj	/əˈfɪʃəs/	An {officious} guard refused to let us in.
ostentatious	ko'z-ko'z qiluvchi, dabdabali	adj	/ˌɒstenˈteɪʃəs/	They live in an {ostentatious} mansion.
parsimonious	o'ta xasis	adj	/ˌpɑːsɪˈməʊniəs/	The {parsimonious} old man never turned on the heating.
perfidious	xoin, sotqin	adj	/pəˈfɪdiəs/	The {perfidious} ally broke the treaty.
phlegmatic	flegmatik, bamaylixotir	adj	/fleɡˈmætɪk/	He is {phlegmatic} even in a crisis.
pugnacious	urishqoq	adj	/pʌɡˈneɪʃəs/	The {pugnacious} politician attacked every critic.
punctilious	o'ta sinchkov, rasmiyatchi	adj	/pʌŋkˈtɪliəs/	He is {punctilious} about good manners.
pusillanimous	qo'rqoq, jur'atsiz	adj	/ˌpjuːsɪˈlænɪməs/	It was a {pusillanimous} response to the threat.
querulous	nolakash	adj	/ˈkwerələs/	Her {querulous} voice complained all day.
recalcitrant	bo'ysunmas	adj	/rɪˈkælsɪtrənt/	The teacher struggled with {recalcitrant} pupils.
reclusive	yolg'izlikni yoqtiruvchi	adj	/rɪˈkluːsɪv/	The {reclusive} writer never gave interviews.
sanctimonious	o'zini avliyo ko'rsatuvchi	adj	/ˌsæŋktɪˈməʊniəs/	I'm tired of his {sanctimonious} lectures.
sardonic	kinoyali, zaharxanda	adj	/sɑːˈdɒnɪk/	He gave a {sardonic} laugh.
sagacious	donishmand	adj	/səˈɡeɪʃəs/	The {sagacious} old judge was respected by all.
sanguine	nekbin, umidvor	adj	/ˈsæŋɡwɪn/	She is {sanguine} about the company's future.
servile	qul kabi itoatkor	adj	/ˈsɜːvaɪl/	He hated the {servile} way the staff treated the boss.
slovenly	shalaqi	adj	/ˈslʌvnli/	His {slovenly} appearance cost him the job.
stolid	his-tuyg'usiz, vazmin	adj	/ˈstɒlɪd/	The {stolid} farmer showed no emotion.
supercilious	mag'rur, mensimaydigan	adj	/ˌsuːpəˈsɪliəs/	She gave him a {supercilious} look.
surly	qovog'i soliq, qo'pol	adj	/ˈsɜːli/	The {surly} clerk ignored our questions.
sycophant	laganbardor	n	/ˈsɪkəfænt/	The king was surrounded by every kind of {sycophant}.
sycophantic	laganbardorlarcha	adj	/ˌsɪkəˈfæntɪk/	The article was {sycophantic} towards the president.
taciturn	kamgap, indamas	adj	/ˈtæsɪtɜːn/	My {taciturn} grandfather rarely spoke at dinner.
temerity	surbetlik, jur'at	n	/təˈmerəti/	He had the {temerity} to criticise the professor.
truculent	urushqoq, dag'al	adj	/ˈtrʌkjələnt/	The {truculent} customer demanded a refund.
unctuous	o'ta xushomadgo'y	adj	/ˈʌŋktʃuəs/	The {unctuous} salesman smiled too much.
urbane	nafis, madaniyatli	adj	/ɜːˈbeɪn/	The {urbane} diplomat charmed everyone.
vacuous	bo'sh, ma'nosiz	adj	/ˈvækjuəs/	She gave a {vacuous} smile.
vainglorious	o'ta maqtanchoq	adj	/ˌveɪnˈɡlɔːriəs/	The {vainglorious} general built statues of himself.
venal	poraxo'r, sotilgan	adj	/ˈviːnl/	The {venal} officials took money from everyone.
voluble	sergap	adj	/ˈvɒljəbl/	She is {voluble} and full of energy.
wanton	asossiz, bexuda (zulm)	adj	/ˈwɒntən/	The {wanton} destruction of the forest shocked everyone.
waspish	zaharli, achchiq tilli	adj	/ˈwɒspɪʃ/	She has a {waspish} sense of humour.
wily	ayyor, quv	adj	/ˈwaɪli/	The {wily} old fox escaped again.
winsome	yoqimtoy, maftunkor	adj	/ˈwɪnsəm/	She gave a {winsome} smile.
zany	g'alati, kulgili	adj	/ˈzeɪni/	The film is full of {zany} characters.
pedant	mayda-chuydaga yopishuvchi	n	/ˈpednt/	Only a {pedant} would complain about such a small error.
braggart	maqtanchoq	n	/ˈbræɡət/	Nobody likes a {braggart}.
curmudgeon	jizzaki chol	n	/kɜːˈmʌdʒən/	The old {curmudgeon} shouted at the children.
killjoy	quvonchni buzuvchi	n	/ˈkɪldʒɔɪ/	Don't be such a {killjoy}!
busybody	har ishga burnini suquvchi	n	/ˈbɪzibɒdi/	Our neighbour is a {busybody} who watches everyone.
philanderer	xotinboz	n	/fɪˈlændərə/	He was a notorious {philanderer}.
charlatan	firibgar, soxta mutaxassis	n	/ˈʃɑːlətən/	The "doctor" turned out to be a {charlatan}.
maverick	mustaqil fikrlovchi	n	/ˈmævərɪk/	He is a {maverick} who ignores the party line.
misfit	jamiyatga moslasha olmagan	n	/ˈmɪsfɪt/	He always felt like a {misfit} at school.
recluse	yolg'izlikda yashovchi	n	/rɪˈkluːs/	The famous actor became a {recluse}.
scoundrel	yaramas, muttaham	n	/ˈskaʊndrəl/	The {scoundrel} stole his mother's savings.
spendthrift	isrofgar	n	/ˈspendθrɪft/	Her {spendthrift} husband wasted all their money.
upstart	o'zini katta tutuvchi yangi odam	n	/ˈʌpstɑːt/	The old firms ignored the {upstart} from Silicon Valley.
curmudgeonly	jizzaki	adj	/kɜːˈmʌdʒənli/	He became {curmudgeonly} in old age.
guile	hiyla, makr	n	/ɡaɪl/	She used {guile} rather than force.
insouciance	beparvolik, bepisandlik	n	/ɪnˈsuːsiəns/	He answered with complete {insouciance}.
panache	jozibali uslub	n	/pəˈnæʃ/	She dresses with great {panache}.
rectitude	halollik, to'g'rilik	n	/ˈrektɪtjuːd/	He was a man of great moral {rectitude}.
probity	halollik	n	/ˈprəʊbəti/	Judges must show complete {probity}.
impudent	beadab, surbet	adj	/ˈɪmpjədənt/	The {impudent} boy stuck out his tongue at the teacher.
# Stage 2: emotions and states of mind
angst	chuqur xavotir	n	/æŋst/	The novel captures teenage {angst}.
animosity	adovat, dushmanlik	n	/ˌænɪˈmɒsəti/	There was open {animosity} between the two brothers.
antipathy	yoqtirmaslik, nafrat	n	/ænˈtɪpəθi/	He has a deep {antipathy} to modern art.
apathy	loqaydlik	n	/ˈæpəθi/	Voter {apathy} is a serious problem.
ardour	ishtiyoq, qizg'inlik	n	/ˈɑːdə/	His {ardour} for the cause never faded.
aversion	yoqtirmaslik, nafrat	n	/əˈvɜːʃn/	She has an {aversion} to crowds.
bereavement	yaqinidan judo bo'lish	n	/bɪˈriːvmənt/	He took time off after a {bereavement}.
bereft	mahrum, judo bo'lgan	adj	/bɪˈreft/	She felt {bereft} after her mother died.
chagrin	alam, iztirob (xijolatdan)	n	/ˈʃæɡrɪn/	To his {chagrin}, his brother won the prize.
consternation	sarosima, tashvish	n	/ˌkɒnstəˈneɪʃn/	The news caused {consternation} among the staff.
despondency	tushkunlik	n	/dɪˈspɒndənsi/	A mood of {despondency} fell over the team.
disconsolate	tasalli topmas	adj	/dɪsˈkɒnsələt/	The {disconsolate} fans left the stadium in silence.
disquiet	bezovtalik	n	/dɪsˈkwaɪət/	There is growing {disquiet} about the plan.
elation	sevinch, hayajon	n	/iˈleɪʃn/	There was {elation} when the results came out.
ennui	zerikish, sustlik	n	/ɒnˈwiː/	The long winter filled him with {ennui}.
enmity	adovat	n	/ˈenməti/	The {enmity} between the two families lasted generations.
exasperation	sabri tugash	n	/ɪɡˌzɑːspəˈreɪʃn/	She sighed in {exasperation}.
exhilaration	zavq-shavq	n	/ɪɡˌzɪləˈreɪʃn/	He felt pure {exhilaration} as the plane took off.
exultant	g'alabadan shodlangan	adj	/ɪɡˈzʌltənt/	The {exultant} crowd sang all night.
fervour	qizg'inlik, jo'sh	n	/ˈfɜːvə/	They sang the anthem with patriotic {fervour}.
forlorn	tashlandiq, g'amgin	adj	/fəˈlɔːn/	A {forlorn} dog sat outside the empty house.
glee	shodlik (ko'pincha yovuz)	n	/ɡliː/	The children shouted with {glee}.
gleeful	shodon	adj	/ˈɡliːfl/	He gave a {gleeful} laugh.
heartache	qalb og'rig'i	n	/ˈhɑːteɪk/	The divorce caused her great {heartache}.
hysteria	isteriya	n	/hɪˈstɪəriə/	The news caused mass {hysteria}.
inconsolable	yupatib bo'lmas	adj	/ˌɪnkənˈsəʊləbl/	The widow was {inconsolable}.
ire	g'azab	n	/ˈaɪə/	The new tax drew the {ire} of farmers.
jubilation	tantanavor shodlik	n	/ˌdʒuːbɪˈleɪʃn/	There was {jubilation} in the streets after the victory.
languor	lanjlik, holsizlik	n	/ˈlæŋɡə/	The summer heat brought a pleasant {languor}.
lassitude	charchoq, lanjlik	n	/ˈlæsɪtjuːd/	A feeling of {lassitude} came over him.
listless	sust, holsiz	adj	/ˈlɪstləs/	The heat made everyone {listless}.
lovelorn	ishqda iztirob chekayotgan	adj	/ˈlʌvlɔːn/	The {lovelorn} poet wrote about his lost love.
malice	yovuz niyat	n	/ˈmælɪs/	I don't think he acted out of {malice}.
mirth	quvonch, kulgi	n	/mɜːθ/	His joke caused much {mirth}.
misgiving	shubha, xavotir	n	/ˌmɪsˈɡɪvɪŋ/	I had a {misgiving} about the plan from the start.
mortification	o'ta xijolat	n	/ˌmɔːtɪfɪˈkeɪʃn/	To her {mortification}, she fell on stage.
nonchalance	beparvolik	n	/ˈnɒnʃələns/	He hid his fear behind a mask of {nonchalance}.
pique	arazlash, ranjish	n	/piːk/	She left the party in a fit of {pique}.
perturbed	bezovtalangan	adj	/pəˈtɜːbd/	He seemed {perturbed} by the news.
pine	sog'inib so'lmoq	v	/paɪn/	The dog began to {pine} for its owner.
qualm	vijdon azobi, shubha	n	/kwɑːm/	He had no {qualm} about lying.
rancour	gina, adovat	n	/ˈræŋkə/	He spoke without {rancour} about his old enemy.
rapture	vajd, hayajon	n	/ˈræptʃə/	The audience listened in {rapture}.
remorseful	pushaymon	adj	/rɪˈmɔːsfl/	He was {remorseful} about what he had done.
repugnance	jirkanish	n	/rɪˈpʌɡnəns/	She felt {repugnance} at the cruelty.
reverie	xayol surish	n	/ˈrevəri/	A knock at the door woke her from her {reverie}.
revulsion	jirkanish	n	/rɪˈvʌlʃn/	The pictures filled us with {revulsion}.
schadenfreude	o'zgalar baxtsizligidan xursand bo'lish	n	/ˈʃɑːdnfrɔɪdə/	He felt a little {schadenfreude} when his rival failed.
solicitude	g'amxo'rlik	n	/səˈlɪsɪtjuːd/	She treated the old man with great {solicitude}.
sombre	g'amgin, xira	adj	/ˈsɒmbə/	The mood at the funeral was {sombre}.
trepidation	vahima, qo'rquv	n	/ˌtrepɪˈdeɪʃn/	She opened the letter with {trepidation}.
umbrage	ranjish	n	/ˈʌmbrɪdʒ/	He took {umbrage} at the suggestion.
unnerve	cho'chitmoq, dovdiratmoq	v	/ˌʌnˈnɜːv/	The silence began to {unnerve} him.
vexation	jahl, bezovtalik	n	/vekˈseɪʃn/	He shook his head in {vexation}.
vexed	jahli chiqqan; bahsli	adj	/vekst/	Immigration is a {vexed} question.
wistfulness	mahzunlik	n	/ˈwɪstflnəs/	She spoke of her childhood with {wistfulness}.
woe	qayg'u, g'am	n	/wəʊ/	He told us his tale of {woe}.
woebegone	g'amgin ko'rinishli	adj	/ˈwəʊbɪɡɒn/	The lost child had a {woebegone} face.
wrath	g'azab	n	/rɒθ/	They feared the {wrath} of the king.
yearning	intizorlik	n	/ˈjɜːnɪŋ/	She felt a {yearning} for home.
zest	ishtiyoq, zavq	n	/zest/	She has a real {zest} for life.
beleaguered	qiyin ahvolda qolgan	adj	/bɪˈliːɡəd/	The {beleaguered} minister faced more questions.
crestfallen	hafsalasi pir bo'lgan	adj	/ˈkrestfɔːlən/	He looked {crestfallen} when he heard the result.
dejection	ruhiy tushkunlik	n	/dɪˈdʒekʃn/	He walked away in {dejection}.
distraught	o'zini yo'qotgan (qayg'udan)	adj	/dɪˈstrɔːt/	The {distraught} mother searched for her child.
downcast	boshini egib olgan, ma'yus	adj	/ˈdaʊnkɑːst/	The players looked {downcast} after the defeat.
ecstasy	vajd, cheksiz shodlik	n	/ˈekstəsi/	She danced in {ecstasy}.
enamoured	oshiq, maftun	adj	/ɪˈnæməd/	He is {enamoured} of Italian food.
flabbergasted	hang-mang	adj	/ˈflæbəɡɑːstɪd/	I was {flabbergasted} by the price.
frazzled	holdan toygan, asabiy	adj	/ˈfræzld/	She felt {frazzled} after a day with the children.
harried	tashvishli, shoshilgan	adj	/ˈhærid/	The {harried} waiter forgot our order.
incensed	g'azablangan	adj	/ɪnˈsenst/	Residents were {incensed} by the decision.
jittery	asabiy, hadiksiragan	adj	/ˈdʒɪtəri/	Investors are {jittery} about the election.
jocular	hazilkash	adj	/ˈdʒɒkjələ/	He spoke in a {jocular} tone.
maudlin	ko'z yoshi to'kuvchi (sentimental)	adj	/ˈmɔːdlɪn/	He became {maudlin} after a few drinks.
overjoyed	behad xursand	adj	/ˌəʊvəˈdʒɔɪd/	We were {overjoyed} at the news.
rattled	dovdirab qolgan	adj	/ˈrætld/	The minister looked {rattled} by the question.
rueful	afsusli	adj	/ˈruːfl/	He gave a {rueful} smile.
smitten	oshiq bo'lib qolgan	adj	/ˈsmɪtn/	He was {smitten} with her from the moment they met.
stupefied	esankirab qolgan	adj	/ˈstjuːpɪfaɪd/	We were {stupefied} by the news.
thunderstruck	yashin urgandek hayron	adj	/ˈθʌndəstrʌk/	She was {thunderstruck} when he proposed.
unperturbed	xotirjam	adj	/ˌʌnpəˈtɜːbd/	She seemed {unperturbed} by the criticism.
unfazed	parvo qilmaydigan	adj	/ʌnˈfeɪzd/	He was {unfazed} by the pressure.
wretched	baxtsiz, ayanchli	adj	/ˈretʃɪd/	I felt {wretched} after the argument.
aghast	dahshatga tushgan	adj	/əˈɡɑːst/	She stared at him, {aghast}.
agog	intiq, qiziqib kutgan	adj	/əˈɡɒɡ/	The children were {agog} to see the magician.
bemused	gangib qolgan	adj	/bɪˈmjuːzd/	He looked {bemused} by all the attention.
besotted	telbalarcha oshiq	adj	/bɪˈsɒtɪd/	He is completely {besotted} with his new baby.
disgruntled	norozi	adj	/dɪsˈɡrʌntld/	{Disgruntled} workers went on strike.
embittered	achchiqlangan, gina saqlagan	adj	/ɪmˈbɪtəd/	He became {embittered} after losing his job.
flummoxed	boshi qotgan	adj	/ˈflʌməkst/	I was {flummoxed} by the last question.
forsaken	tashlab ketilgan	adj	/fəˈseɪkən/	The village looked {forsaken}.
gratified	mamnun	adj	/ˈɡrætɪfaɪd/	She was {gratified} by the response.
heavy-hearted	og'ir yurak bilan	adj	/ˌhevi ˈhɑːtɪd/	He left home {heavy-hearted}.
nonplussed	hayron qolgan	adj	/ˌnɒnˈplʌst/	She was {nonplussed} by his strange question.
resigned	taqdirga tan bergan	adj	/rɪˈzaɪnd/	He was {resigned} to losing his job.
subdued	jim, sokin	adj	/səbˈdjuːd/	The atmosphere at the meeting was {subdued}.
tetchy	jizzaki	adj	/ˈtetʃi/	He gets {tetchy} when he's hungry.
tormented	azob chekkan	adj	/tɔːˈmentɪd/	He was {tormented} by guilt.
vindicated	haqligi isbotlangan	adj	/ˈvɪndɪkeɪtɪd/	She felt {vindicated} when the truth came out.
# Stage 3: speech, rhetoric and argument (formal)
acrimony	achchiqlik, adovat	n	/ˈækrɪməni/	The meeting ended in {acrimony}.
apologist	himoyachi (g'oya, rejim)	n	/əˈpɒlədʒɪst/	He is an {apologist} for the old regime.
articulacy	fikrni aniq ifodalay olish	n	/ɑːˈtɪkjələsi/	Employers value {articulacy} and confidence.
aside	yon gap, cheklanish	n	/əˈsaɪd/	She made a funny {aside} during the lecture.
bathos	ko'tarinkilikdan kulgili pastlikka tushish	n	/ˈbeɪθɒs/	The speech ended in {bathos}.
bluster	baland gaplar, do'q-po'pisa	n	/ˈblʌstə/	His angry {bluster} did not frighten anyone.
cant	ikkiyuzlamachi gaplar	n	/kænt/	I'm tired of political {cant}.
circumlocution	gapni aylantirish	n	/ˌsɜːkəmləˈkjuːʃn/	The report avoids the truth through {circumlocution}.
conciliatory	yarashtiruvchi	adj	/kənˈsɪliətəri/	He took a {conciliatory} tone.
declaim	ohang bilan baland ovozda o'qimoq	v	/dɪˈkleɪm/	The actor began to {declaim} the poem.
demagoguery	demagogiya	n	/ˈdeməɡɒɡəri/	The election was won through {demagoguery}.
dialectic	dialektika	n	/ˌdaɪəˈlektɪk/	The book explores the {dialectic} between freedom and order.
didactic	ta'limiy, nasihatomuz	adj	/daɪˈdæktɪk/	The film is too {didactic}.
discursive	chetga chiquvchi, keng (bayon)	adj	/dɪˈskɜːsɪv/	His {discursive} essay touched on many topics.
disputation	bahs, munozara	n	/ˌdɪspjuˈteɪʃn/	Medieval scholars loved formal {disputation}.
dissemble	yashirmoq (haqiqiy niyatni)	v	/dɪˈsembl/	She tried to {dissemble} her real feelings.
doublespeak	ikki ma'noli aldamchi til	n	/ˈdʌblspiːk/	"Collateral damage" is military {doublespeak}.
epigram	epigramma	n	/ˈepɪɡræm/	Oscar Wilde was famous for every witty {epigram}.
epithet	sifatlash, laqab	n	/ˈepɪθet/	"The Great" is an {epithet} given to Alexander.
equivocate	ikki ma'noli gapirmoq	v	/ɪˈkwɪvəkeɪt/	Stop trying to {equivocate} and give me a straight answer.
euphemistic	yumshatilgan	adj	/ˌjuːfəˈmɪstɪk/	The report uses {euphemistic} language.
exegesis	sharh, tafsir	n	/ˌeksɪˈdʒiːsɪs/	He wrote an {exegesis} of the ancient text.
expostulate	e'tiroz bildirmoq	v	/ɪkˈspɒstʃuleɪt/	She began to {expostulate} with the waiter.
extemporise	bedaho gapirmoq	v	/ɪkˈstempəraɪz/	When his notes blew away, he had to {extemporise}.
fulminate	qattiq qoralamoq	v	/ˈfʊlmɪneɪt/	Newspapers {fulminate} against the new tax.
gainsay	inkor etmoq	v	/ˌɡeɪnˈseɪ/	No one can {gainsay} her talent.
grandiloquent	dabdabali (nutq)	adj	/ɡrænˈdɪləkwənt/	He gave a {grandiloquent} speech about his own greatness.
harangue	uzoq koyiydigan nutq	n	/həˈræŋ/	The coach delivered a {harangue} at half-time.
hector	baqirib qo'rqitmoq	v	/ˈhektə/	He tends to {hector} his staff.
homily	nasihat, va'z	n	/ˈhɒmɪli/	He gave us a {homily} about saving money.
idiomatic	idiomatik	adj	/ˌɪdiəˈmætɪk/	Her English is fluent and {idiomatic}.
impugn	shubha ostiga qo'ymoq	v	/ɪmˈpjuːn/	How dare you {impugn} my honesty?
inarticulate	fikrini ifodalay olmaydigan	adj	/ˌɪnɑːˈtɪkjələt/	He became {inarticulate} with rage.
inveigh	qattiq qarshi chiqmoq	v	/ɪnˈveɪ/	Preachers {inveigh} against greed.
jibe	piching, masxara	n	/dʒaɪb/	He ignored the {jibe} about his weight.
lampoon	hajv qilmoq	v	/læmˈpuːn/	Cartoonists love to {lampoon} politicians.
loquacious	sergap	adj	/ləˈkweɪʃəs/	The {loquacious} guide talked for hours.
malapropism	noto'g'ri so'z ishlatish (kulgili)	n	/ˈmæləprɒpɪzəm/	"Dance the flamingo" is a {malapropism}.
obfuscate	chalkashtirmoq	v	/ˈɒbfʌskeɪt/	Officials tried to {obfuscate} the facts.
obfuscation	chalkashtirish	n	/ˌɒbfʌˈskeɪʃn/	The report is a masterpiece of {obfuscation}.
oblique	bilvosita	adj	/əˈbliːk/	He made an {oblique} reference to the scandal.
paean	madhiya, ulug'lovchi asar	n	/ˈpiːən/	The film is a {paean} to friendship.
palaver	quruq gap-so'z, ovoragarchilik	n	/pəˈlɑːvə/	All this {palaver} over a small mistake!
panegyric	maqtov nutqi	n	/ˌpænəˈdʒɪrɪk/	The book is a {panegyric} to the late president.
parlance	til, uslub (soha tili)	n	/ˈpɑːləns/	In legal {parlance}, he is "the defendant".
peroration	nutqning yakuniy qismi	n	/ˌperəˈreɪʃn/	The speech ended with a stirring {peroration}.
pithy	lo'nda va mazmunli	adj	/ˈpɪθi/	She made a {pithy} comment.
pontificate	o'zini bilag'on qilib gapirmoq	v	/pɒnˈtɪfɪkeɪt/	He loves to {pontificate} about politics.
prevaricate	gapni aylantirmoq	v	/prɪˈværɪkeɪt/	Stop trying to {prevaricate} and answer the question.
prolix	cho'zilgan, uzundan-uzun	adj	/ˈprəʊlɪks/	The novel is rather {prolix}.
propound	ilgari surmoq (nazariya)	v	/prəˈpaʊnd/	He went on to {propound} a new theory of time.
raillery	hazil-mutoyiba	n	/ˈreɪləri/	They exchanged friendly {raillery}.
rant	qizishib baqirmoq	v	/rænt/	He began to {rant} about the government.
recrimination	o'zaro ayblov	n	/rɪˌkrɪmɪˈneɪʃn/	The defeat led to bitter {recrimination}.
repartee	topqirlik bilan javob berish	n	/ˌrepɑːˈtiː/	She is famous for her quick {repartee}.
rhetorician	ritorika ustasi	n	/ˌretəˈrɪʃn/	He was a skilled {rhetorician}.
sophistry	sofistika, aldamchi mantiq	n	/ˈsɒfɪstri/	His argument is pure {sophistry}.
stentorian	o'ta baland (ovoz)	adj	/stenˈtɔːriən/	The sergeant spoke in a {stentorian} voice.
tautology	tavtologiya	n	/tɔːˈtɒlədʒi/	"Free gift" is a {tautology}.
terse	qisqa va quruq	adj	/tɜːs/	She sent a {terse} reply.
turgid	dabdabali va zerikarli	adj	/ˈtɜːdʒɪd/	The report is written in {turgid} prose.
upbraid	qattiq koyimoq	v	/ʌpˈbreɪd/	She went on to {upbraid} him for his laziness.
vilification	yomonotliq qilish	n	/ˌvɪlɪfɪˈkeɪʃn/	He was the victim of a campaign of {vilification}.
vitriol	zaharli so'zlar	n	/ˈvɪtriəl/	The critic's review was full of {vitriol}.
vitriolic	zaharli, achchiq	adj	/ˌvɪtriˈɒlɪk/	He launched a {vitriolic} attack on his rival.
vituperative	haqoratli	adj	/vɪˈtjuːpərətɪv/	The debate became {vituperative}.
wax lyrical	ko'tarinki ruhda maqtamoq	phrase	/wæks ˈlɪrɪkl/	He began to {wax lyrical} about his new car.
whitewash	oqlash (aybni yashirish)	n	/ˈwaɪtwɒʃ/	The report was a {whitewash}.
aspersion	tuhmat, qoralash	n	/əˈspɜːʃn/	I don't mean to cast an {aspersion} on your work.
disavow	voz kechmoq, tan olmaslik	v	/ˌdɪsəˈvaʊ/	The party was quick to {disavow} his comments.
gloss	izoh, tushuntirish	n	/ɡlɒs/	The editor added a {gloss} to explain the old word.
lexical	leksik	adj	/ˈleksɪkl/	The test measures {lexical} knowledge.
parley	muzokara (dushman bilan)	n	/ˈpɑːli/	The two generals met for a {parley}.
patter	tezkor gap (sotuvchining)	n	/ˈpætə/	The salesman's {patter} was well rehearsed.
platitudinous	siyqa gaplarga to'la	adj	/ˌplætɪˈtjuːdɪnəs/	The speech was {platitudinous} and dull.
remonstrate	norozilik bildirmoq	v	/ˈremənstreɪt/	Fans began to {remonstrate} with the referee.
rejoinder	javob, e'tiroz	n	/rɪˈdʒɔɪndə/	He had a quick {rejoinder} for every critic.
reproof	tanbeh	n	/rɪˈpruːf/	She gave him a look of {reproof}.
slur	haqorat; tuhmat	n	/slɜː/	The remark was a {slur} on his character.
soliloquy	yakka nutq (sahnada)	n	/səˈlɪləkwi/	Hamlet's {soliloquy} is famous.
subterfuge	hiyla, nayrang	n	/ˈsʌbtəfjuːdʒ/	They got in by {subterfuge}.
tongue-lashing	qattiq koyish	n	/ˈtʌŋ læʃɪŋ/	The boss gave him a {tongue-lashing}.
travesty	masxara, buzib ko'rsatish	n	/ˈtrævəsti/	The trial was a {travesty} of justice.
truism	o'z-o'zidan ma'lum haqiqat	n	/ˈtruːɪzəm/	It's a {truism} that money can't buy happiness.
verbiage	ortiqcha so'zlar	n	/ˈvɜːbiɪdʒ/	Cut the {verbiage} and get to the point.
gist	asosiy mazmun	n	/dʒɪst/	I didn't understand every word, but I got the {gist}.
insinuation	shama, kinoya	n	/ɪnˌsɪnjuˈeɪʃn/	I resent the {insinuation} that I lied.
rhetorical flourish	ritorik bezak	phrase	/rɪˌtɒrɪkl ˈflʌrɪʃ/	He ended with a {rhetorical flourish}.
turn of phrase	ifoda usuli	phrase	/ˌtɜːn əv ˈfreɪz/	She has a clever {turn of phrase}.
mince words	gapni yumshatmoq	phrase	/mɪns ˈwɜːdz/	She doesn't {mince words} when she's angry.
in so many words	aniq so'zlar bilan	phrase	/ɪn ˌsəʊ ˌmeni ˈwɜːdz/	He didn't say it {in so many words}, but he wants to leave.
cast aspersions	tuhmat toshini otmoq	phrase	/kɑːst əˈspɜːʃnz/	I don't want to {cast aspersions} on anyone.
bandy about	og'izdan og'izga o'tkazmoq	phrase	/ˌbændi əˈbaʊt/	People {bandy about} words like "genius" too easily.
eulogise	maqtab ko'klarga ko'tarmoq	v	/ˈjuːlədʒaɪz/	Critics {eulogise} her as the voice of her generation.
catchphrase	shior, mashhur ibora	n	/ˈkætʃfreɪz/	The comedian's {catchphrase} became famous.
buzzword	moda so'z	n	/ˈbʌzwɜːd/	"Sustainability" is the latest {buzzword}.
oxymoron	oksimoron	n	/ˌɒksɪˈmɔːrɒn/	"Deafening silence" is an {oxymoron}.
onomatopoeia	tovushga taqlid	n	/ˌɒnəˌmætəˈpiːə/	"Buzz" is an example of {onomatopoeia}.
sermonise	va'z o'qimoq (nasihat qilmoq)	v	/ˈsɜːmənaɪz/	Please don't {sermonise} — I know I was wrong.
colloquy	suhbat, muloqot	n	/ˈkɒləkwi/	The two scholars were deep in {colloquy}.
# Stage 4: philosophy, belief and ideas
agnostic	agnostik	n	/æɡˈnɒstɪk/	He describes himself as an {agnostic}.
antithesis	aksi, mutlaq qarama-qarshisi	n	/ænˈtɪθəsɪs/	Her calm manner is the {antithesis} of his temper.
apocryphal	uydirma, ishonchsiz	adj	/əˈpɒkrɪfl/	The story about the king is probably {apocryphal}.
arcane	sirli, kam kishi biladigan	adj	/ɑːˈkeɪn/	The rules of the game are {arcane}.
ascetic	zohid, tarkidunyo	adj	/əˈsetɪk/	The monks live an {ascetic} life.
asceticism	zohidlik	n	/əˈsetɪsɪzəm/	Sufi {asceticism} rejected worldly pleasures.
atheism	ateizm	n	/ˈeɪθiɪzəm/	The book is a defence of {atheism}.
axiomatic	o'z-o'zidan ravshan	adj	/ˌæksiəˈmætɪk/	It is {axiomatic} that children need love.
cogitate	chuqur o'ylamoq	v	/ˈkɒdʒɪteɪt/	He sat silently to {cogitate} on the problem.
cognisant	xabardor	adj	/ˈkɒɡnɪzənt/	We are {cognisant} of the risks.
conundrum	jumboq, murakkab masala	n	/kəˈnʌndrəm/	How to pay for healthcare is a real {conundrum}.
cosmology	kosmologiya	n	/kɒzˈmɒlədʒi/	Ancient {cosmology} placed the Earth at the centre.
credo	e'tiqod, aqida	n	/ˈkriːdəʊ/	"Work hard and be kind" is her {credo}.
dogma	aqida, dogma	n	/ˈdɒɡmə/	Science should not become {dogma}.
determinism	determinizm	n	/dɪˈtɜːmɪnɪzəm/	{Determinism} says every event has a cause.
dualism	dualizm	n	/ˈdjuːəlɪzəm/	Descartes argued for {dualism} of mind and body.
enigma	jumboq, sir	n	/ɪˈnɪɡmə/	Her disappearance remains an {enigma}.
enigmatic	sirli	adj	/ˌenɪɡˈmætɪk/	The Mona Lisa has an {enigmatic} smile.
epistemology	epistemologiya, bilish nazariyasi	n	/ɪˌpɪstəˈmɒlədʒi/	{Epistemology} asks how we know what we know.
esoteric	ezoterik, tor doira uchun	adj	/ˌesəˈterɪk/	The book is too {esoteric} for most readers.
existential	ekzistensial	adj	/ˌeɡzɪˈstenʃl/	Climate change is an {existential} threat.
existentialism	ekzistensializm	n	/ˌeɡzɪˈstenʃəlɪzəm/	Sartre was a leading figure in {existentialism}.
fatalism	fatalizm, taqdirga tan berish	n	/ˈfeɪtəlɪzəm/	There is a mood of {fatalism} in the village.
fatalistic	fatalistik	adj	/ˌfeɪtəˈlɪstɪk/	He is {fatalistic} about his illness.
hedonism	hedonizm	n	/ˈhiːdənɪzəm/	The film is a critique of modern {hedonism}.
hedonist	lazzatparast	n	/ˈhiːdənɪst/	He was a {hedonist} who lived for pleasure.
humanism	gumanizm	n	/ˈhjuːmənɪzəm/	Renaissance {humanism} celebrated human reason.
idealism	idealizm	n	/aɪˈdɪəlɪzəm/	Her youthful {idealism} faded with time.
idealist	idealist	n	/aɪˈdɪəlɪst/	He is an {idealist} who believes in world peace.
immutable	o'zgarmas	adj	/ɪˈmjuːtəbl/	The laws of physics are {immutable}.
ineffable	so'z bilan ifodalab bo'lmas	adj	/ɪnˈefəbl/	The view gave me a feeling of {ineffable} peace.
insoluble	yechib bo'lmas	adj	/ɪnˈsɒljəbl/	The problem seemed {insoluble}.
introspection	o'zini tahlil qilish	n	/ˌɪntrəˈspekʃn/	The retreat is a time for {introspection}.
irrefutable	rad etib bo'lmas	adj	/ˌɪrɪˈfjuːtəbl/	The evidence is {irrefutable}.
lucidity	aniqlik, ravshanlik	n	/luːˈsɪdəti/	She writes with great {lucidity}.
metaphysical	metafizik	adj	/ˌmetəˈfɪzɪkl/	The poem raises {metaphysical} questions.
metaphysics	metafizika	n	/ˌmetəˈfɪzɪks/	{Metaphysics} studies the nature of reality.
moralistic	nasihatgo'y	adj	/ˌmɒrəˈlɪstɪk/	The film is too {moralistic}.
mysticism	tasavvuf, mistitsizm	n	/ˈmɪstɪsɪzəm/	Rumi's poetry is full of {mysticism}.
nihilism	nigilizm	n	/ˈnaɪɪlɪzəm/	The novel explores youthful {nihilism}.
nihilistic	nigilistik	adj	/ˌnaɪɪˈlɪstɪk/	The band's lyrics are dark and {nihilistic}.
omniscient	hamma narsani biluvchi	adj	/ɒmˈnɪsiənt/	The story is told by an {omniscient} narrator.
ontology	ontologiya	n	/ɒnˈtɒlədʒi/	{Ontology} is the study of being.
pantheon	panteon; mashhurlar safi	n	/ˈpænθiən/	He joined the {pantheon} of great writers.
pragmatist	pragmatist	n	/ˈpræɡmətɪst/	She is a {pragmatist}, not an idealist.
quandary	boshi berk vaziyat	n	/ˈkwɒndəri/	I'm in a {quandary} about which job to take.
rationalise	oqlashga urinmoq; ratsionallashtirmoq	v	/ˈræʃnəlaɪz/	He tried to {rationalise} his bad behaviour.
rationalism	ratsionalizm	n	/ˈræʃnəlɪzəm/	The Enlightenment was an age of {rationalism}.
recondite	chuqur, kam ma'lum	adj	/ˈrekəndaɪt/	The lecture was full of {recondite} references.
sagacity	donishmandlik	n	/səˈɡæsəti/	The old judge was known for his {sagacity}.
sceptic	shubhachi	n	/ˈskeptɪk/	As a {sceptic}, she doesn't believe in ghosts.
solipsism	solipsizm, o'zini markaz deb bilish	n	/ˈsɒlɪpsɪzəm/	His {solipsism} made him blind to other people's needs.
stoicism	stoitsizm, sabr-toqat	n	/ˈstəʊɪsɪzəm/	She bore her illness with {stoicism}.
syllogism	sillogizm	n	/ˈsɪlədʒɪzəm/	"All men are mortal" begins a famous {syllogism}.
theology	ilohiyot	n	/θiˈɒlədʒi/	He studied Islamic {theology} in Bukhara.
theological	ilohiyotga oid	adj	/ˌθiːəˈlɒdʒɪkl/	They had a long {theological} debate.
transcendent	yuksak, tabiatdan ustun	adj	/trænˈsendənt/	The music had a {transcendent} beauty.
transcendental	transsendental	adj	/ˌtrænsenˈdentl/	He practises {transcendental} meditation.
unfathomable	tushunib bo'lmas	adj	/ʌnˈfæðəməbl/	The universe is {unfathomable}.
utilitarian	utilitar, amaliy	adj	/ˌjuːtɪlɪˈteəriən/	The building is plain and {utilitarian}.
verisimilitude	haqqoniylik	n	/ˌverɪsɪˈmɪlɪtjuːd/	The film has great {verisimilitude}.
abstruse	tushunish qiyin	adj	/əbˈstruːs/	His theories are {abstruse}.
contemplative	o'ychan, mushohadali	adj	/kənˈtemplətɪv/	She was in a {contemplative} mood.
contemplation	tafakkur	n	/ˌkɒntəmˈpleɪʃn/	He sat in quiet {contemplation}.
discernment	farosat, farqlash qobiliyati	n	/dɪˈsɜːnmənt/	She shows great {discernment} in choosing friends.
fallacious	noto'g'ri, yanglish	adj	/fəˈleɪʃəs/	The argument is {fallacious}.
heretical	bid'atchi	adj	/həˈretɪkl/	His views were considered {heretical}.
heresy	bid'at	n	/ˈherəsi/	Galileo was accused of {heresy}.
iconoclastic	an'analarni buzuvchi	adj	/aɪˌkɒnəˈklæstɪk/	His {iconoclastic} ideas shocked the old professors.
incontrovertible	inkor etib bo'lmas	adj	/ˌɪnkɒntrəˈvɜːtəbl/	The evidence is {incontrovertible}.
intelligentsia	ziyolilar	n	/ɪnˌtelɪˈdʒentsiə/	The {intelligentsia} supported the reforms.
logician	mantiqshunos	n	/ləˈdʒɪʃn/	Aristotle was a great {logician}.
maxim	hikmat, qoida	n	/ˈmæksɪm/	His {maxim} was "never give up".
moot	munozarali	adj	/muːt/	Whether he knew is a {moot} question.
mores	urf-odat, axloq me'yorlari	n	/ˈmɔːreɪz/	The novel describes the social {mores} of the time.
orthodox	an'anaviy, ortodoks	adj	/ˈɔːθədɒks/	The doctor uses {orthodox} methods.
orthodoxy	an'anaviy qarash	n	/ˈɔːθədɒksi/	She challenged economic {orthodoxy}.
paradoxical	paradoksal	adj	/ˌpærəˈdɒksɪkl/	It is {paradoxical} that rich countries have so many poor people.
philosophical	falsafiy; xotirjam	adj	/ˌfɪləˈsɒfɪkl/	He was {philosophical} about losing.
polemical	polemik, bahsli	adj	/pəˈlemɪkl/	The essay is deliberately {polemical}.
presumption	taxmin; surbetlik	n	/prɪˈzʌmpʃn/	The {presumption} of innocence is a basic right.
pseudoscience	soxta fan	n	/ˌsjuːdəʊˈsaɪəns/	Astrology is a {pseudoscience}.
sage	donishmand	n	/seɪdʒ/	The village {sage} gave advice to everyone.
savant	olim, bilimdon	n	/ˈsævənt/	He was a {savant} with a remarkable memory.
scholastic	ta'limiy; sxolastik	adj	/skəˈlæstɪk/	Her {scholastic} achievements are impressive.
sentient	his qila oluvchi	adj	/ˈsentiənt/	Animals are {sentient} beings.
sentience	his qilish qobiliyati	n	/ˈsentiəns/	Can a machine have {sentience}?
tenable	asosli, himoya qilsa bo'ladigan	adj	/ˈtenəbl/	His position is no longer {tenable}.
untenable	asossiz, himoya qilib bo'lmas	adj	/ʌnˈtenəbl/	The argument is {untenable}.
veracity	haqqoniylik	n	/vəˈræsəti/	I doubt the {veracity} of his story.
vindicate	oqlamoq, haqligini isbotlamoq	v	/ˈvɪndɪkeɪt/	The results will {vindicate} her decision.
zealotry	mutaassiblik	n	/ˈzelətri/	Religious {zealotry} led to violence.
doctrinaire	aqidaparast	adj	/ˌdɒktrɪˈneə/	He takes a {doctrinaire} approach to economics.
ideologue	mafkurachi	n	/ˈaɪdiəlɒɡ/	The party is run by an {ideologue}.
free will	iroda erkinligi	phrase	/ˌfriː ˈwɪl/	Philosophers debate whether we have {free will}.
common good	umumiy manfaat	phrase	/ˌkɒmən ˈɡʊd/	We must work for the {common good}.
moral compass	axloqiy kompas	phrase	/ˌmɒrəl ˈkʌmpəs/	He has a strong {moral compass}.
thought experiment	fikriy tajriba	phrase	/ˈθɔːt ɪksperɪmənt/	Einstein used a famous {thought experiment}.
worldview	dunyoqarash	n	/ˈwɜːldvjuː/	Travel changed my {worldview}.
eschatology	qiyomat haqidagi ta'limot	n	/ˌeskəˈtɒlədʒi/	The lecture covered Christian and Islamic {eschatology}.
# Stage 5: formal, legal and official register
abrogate	bekor qilmoq (qonun, shartnoma)	v	/ˈæbrəɡeɪt/	The new government tried to {abrogate} the treaty.
accede	rozi bo'lmoq; qo'shilmoq	v	/əkˈsiːd/	The company refused to {accede} to their demands.
addendum	qo'shimcha (hujjatga)	n	/əˈdendəm/	An {addendum} was added to the contract.
adjournment	tanaffus, keyinga qoldirish	n	/əˈdʒɜːnmənt/	The judge ordered an {adjournment} until Monday.
aforementioned	yuqorida tilga olingan	adj	/əˈfɔːmenʃənd/	The {aforementioned} report was published in May.
annulment	bekor qilish (nikoh)	n	/əˈnʌlmənt/	She applied for an {annulment} of the marriage.
antecedent	o'tmishdosh, oldingi hodisa	n	/ˌæntɪˈsiːdnt/	The fax machine was an {antecedent} of email.
arbiter	hakam	n	/ˈɑːbɪtə/	The court is the final {arbiter} in the dispute.
bylaw	mahalliy qoida	n	/ˈbaɪlɔː/	A city {bylaw} bans loud music after ten.
codicil	vasiyatnomaga qo'shimcha	n	/ˈkəʊdɪsɪl/	He added a {codicil} to his will.
commensurate	mos, muvofiq	adj	/kəˈmenʃərət/	The salary will be {commensurate} with experience.
concomitant	hamroh, birga keluvchi	adj	/kənˈkɒmɪtənt/	Fame brings {concomitant} problems.
consensual	o'zaro rozilik bilan	adj	/kənˈsenʃuəl/	The decision was {consensual}.
covenant	ahdnoma, bitim	n	/ˈkʌvənənt/	The house has a {covenant} that forbids building a garage.
demarcation	chegaralash	n	/ˌdiːmɑːˈkeɪʃn/	There is a clear {demarcation} between the two roles.
derogation	istisno, chekinish (qoidadan)	n	/ˌderəˈɡeɪʃn/	The country asked for a {derogation} from the rule.
disbursement	to'lov, mablag' berish	n	/dɪsˈbɜːsmənt/	The {disbursement} of funds was delayed.
edict	farmon	n	/ˈiːdɪkt/	The emperor issued an {edict} banning the religion.
emolument	maosh, haq	n	/ɪˈmɒljəmənt/	Directors receive generous {emolument} packages.
encumbrance	og'irlik, to'sqinlik	n	/ɪnˈkʌmbrəns/	The debt was an {encumbrance} on the business.
enact	qabul qilmoq (qonun)	v	/ɪˈnækt/	Parliament will {enact} the new law next year.
enactment	qonun qabul qilish	n	/ɪˈnæktmənt/	The {enactment} of the law took two years.
endorsement	tasdiq, qo'llab-quvvatlash	n	/ɪnˈdɔːsmənt/	The plan received the minister's {endorsement}.
erstwhile	sobiq	adj	/ˈɜːstwaɪl/	He met his {erstwhile} enemy at the conference.
exemption	ozod qilish (majburiyatdan)	n	/ɪɡˈzempʃn/	Charities get an {exemption} from tax.
expropriate	musodara qilmoq	v	/eksˈprəʊprieɪt/	The state decided to {expropriate} the land.
fiduciary	ishonchli boshqaruvchi	adj	/fɪˈdjuːʃəri/	Directors have a {fiduciary} duty to shareholders.
forthwith	darhol	adv	/ˌfɔːθˈwɪθ/	The order takes effect {forthwith}.
forthcoming	kutilayotgan; tayyor	adj	/ˌfɔːθˈkʌmɪŋ/	Details of the {forthcoming} election will be announced soon.
heretofore	shu paytgacha	adv	/ˌhɪətʊˈfɔː/	The rule applies to all cases {heretofore} decided.
hereby	shu bilan	adv	/ˌhɪəˈbaɪ/	I {hereby} declare the meeting open.
herein	bunda (hujjatda)	adv	/ˌhɪərˈɪn/	The terms {herein} are binding.
hitherto	shu vaqtgacha	adv	/ˌhɪðəˈtuː/	The island was {hitherto} unknown to Europeans.
inalienable	ajralmas (huquq)	adj	/ɪnˈeɪliənəbl/	Freedom is an {inalienable} right.
indemnify	tovon to'lamoq, kafolatlamoq	v	/ɪnˈdemnɪfaɪ/	The insurance will {indemnify} you against loss.
infraction	qoidabuzarlik	n	/ɪnˈfrækʃn/	A minor {infraction} led to a heavy fine.
lapse	o'tib ketish (muddat); xato	n	/læps/	A {lapse} in concentration caused the accident.
mandatory	majburiy	adj	/ˈmændətəri/	Wearing a helmet is {mandatory}.
moratorium	moratoriy, vaqtinchalik taqiq	n	/ˌmɒrəˈtɔːriəm/	There is a {moratorium} on new building in the old city.
obligatory	majburiy	adj	/əˈblɪɡətri/	Attendance is {obligatory}.
onus	mas'uliyat, yuk	n	/ˈəʊnəs/	The {onus} is on the company to prove it was safe.
pending	...gacha, kutilayotgan	prep	/ˈpendɪŋ/	He was suspended {pending} an investigation.
per annum	yiliga	phrase	/pər ˈænəm/	The salary is $50,000 {per annum}.
prerogative	imtiyoz, mutlaq huquq	n	/prɪˈrɒɡətɪv/	It is the president's {prerogative} to pardon prisoners.
preamble	muqaddima	n	/priˈæmbl/	The {preamble} to the constitution states its aims.
promulgate	e'lon qilmoq (qonunni)	v	/ˈprɒmlɡeɪt/	The government will {promulgate} the new rules.
proviso	shart, izoh	n	/prəˈvaɪzəʊ/	You can go, with the {proviso} that you're back by ten.
purview	vakolat doirasi	n	/ˈpɜːvjuː/	That question is outside the {purview} of this committee.
ratification	ratifikatsiya	n	/ˌrætɪfɪˈkeɪʃn/	The treaty awaits {ratification}.
recourse	murojaat qilish imkoni	n	/rɪˈkɔːs/	They had no {recourse} to the law.
remit	vakolat doirasi, topshiriq	n	/ˈriːmɪt/	The committee's {remit} is to review safety.
retroactive	orqaga ta'sir qiluvchi	adj	/ˌretrəʊˈæktɪv/	The pay rise is {retroactive} to January.
statutory	qonuniy, qonun bilan belgilangan	adj	/ˈstætʃətri/	Employers must give {statutory} holiday pay.
stipend	stipendiya, maosh	n	/ˈstaɪpend/	Research students receive a monthly {stipend}.
supplementary	qo'shimcha	adj	/ˌsʌplɪˈmentri/	The course includes {supplementary} reading.
tenure	lavozimda bo'lish muddati; doimiy lavozim	n	/ˈtenjə/	During his {tenure} as mayor, the city grew fast.
thereafter	shundan keyin	adv	/ˌðeərˈɑːftə/	He moved to Tashkent and {thereafter} to Moscow.
therein	unda, shunda	adv	/ˌðeərˈɪn/	The problem lies {therein}.
undersigned	quyida imzo chekkan	n	/ˌʌndəˈsaɪnd/	We, the {undersigned}, agree to these terms.
unilaterally	bir tomonlama	adv	/ˌjuːnɪˈlætrəli/	The company {unilaterally} changed the contract.
waive	voz kechmoq (huquqdan, to'lovdan)	v	/weɪv/	The bank agreed to {waive} the fee.
whereupon	shundan so'ng	conj	/ˌweərəˈpɒn/	He insulted the judge, {whereupon} he was arrested.
wherewithal	vosita, mablag'	n	/ˈweəwɪðɔːl/	They lack the {wherewithal} to buy a house.
aegis	homiylik, rahbarlik	n	/ˈiːdʒɪs/	The project runs under the {aegis} of the UN.
accord	kelishuv, bitim	n	/əˈkɔːd/	The two countries signed a peace {accord}.
adjudication	hukm chiqarish	n	/əˌdʒuːdɪˈkeɪʃn/	The case is awaiting {adjudication}.
apposite	o'rinli, mos	adj	/ˈæpəzɪt/	She made an {apposite} remark.
assent	rozilik	n	/əˈsent/	The king gave his {assent} to the law.
attestation	tasdiq, guvohlik	n	/ˌæteˈsteɪʃn/	The form requires an {attestation} by a doctor.
beholden	qarzdor, minnatdor	adj	/bɪˈhəʊldən/	He didn't want to be {beholden} to anyone.
bequest	vasiyat qilingan mulk	n	/bɪˈkwest/	The museum received a generous {bequest}.
consignment	jo'natma	n	/kənˈsaɪnmənt/	A {consignment} of medicine arrived yesterday.
contractual	shartnomaviy	adj	/kənˈtræktʃuəl/	The firm has a {contractual} obligation to finish on time.
delineation	chegaralash, tavsif	n	/dɪˌlɪniˈeɪʃn/	There is no clear {delineation} of duties.
dispensation	maxsus ruxsat	n	/ˌdɪspenˈseɪʃn/	He was given special {dispensation} to miss the exam.
dissolution	tarqatib yuborish, bekor qilish	n	/ˌdɪsəˈluːʃn/	The {dissolution} of parliament was announced.
entrench	mustahkam o'rnatmoq	v	/ɪnˈtrentʃ/	The new law will {entrench} the rights of workers.
fiat	farmon, buyruq	n	/ˈfiːæt/	The decision was made by government {fiat}.
hereafter	bundan buyon	adv	/ˌhɪərˈɑːftə/	The company, {hereafter} called "the seller", agrees to...
imprimatur	rasmiy tasdiq	n	/ˌɪmprɪˈmɑːtə/	The plan has the {imprimatur} of the president.
in lieu of	...o'rniga	phrase	/ɪn ˈljuː əv/	He got extra pay {in lieu of} holiday.
officialdom	amaldorlar, byurokratiya	n	/əˈfɪʃldəm/	He fought against the {officialdom} of the city.
plenary	to'liq, umumiy (majlis)	adj	/ˈpliːnəri/	The conference ended with a {plenary} session.
precedence	ustuvorlik	n	/ˈpresɪdəns/	Safety takes {precedence} over speed.
prescriptive	me'yoriy, buyruqli	adj	/prɪˈskrɪptɪv/	The rules are too {prescriptive}.
probationary	sinov	adj	/prəˈbeɪʃnri/	New staff serve a {probationary} period.
procedural	protsessual, tartibga oid	adj	/prəˈsiːdʒərəl/	The case was dismissed on {procedural} grounds.
quorum	kvorum	n	/ˈkwɔːrəm/	The meeting could not vote without a {quorum}.
recuse	o'zini chetlatmoq (ishdan)	v	/rɪˈkjuːz/	The judge had to {recuse} himself from the case.
regulatory	tartibga soluvchi	adj	/ˈreɡjələtəri/	The {regulatory} body fined the bank.
rubric	sarlavha; ko'rsatma	n	/ˈruːbrɪk/	Read the {rubric} before you start the exam.
sanctity	muqaddaslik	n	/ˈsæŋktəti/	They respect the {sanctity} of life.
signatory	imzolovchi tomon	n	/ˈsɪɡnətri/	Every {signatory} must follow the treaty.
notarise	notarial tasdiqlamoq	v	/ˈnəʊtəraɪz/	You must {notarise} the document.
provisional	vaqtinchalik	adj	/prəˈvɪʒənl/	This is only a {provisional} timetable.
provisionally	vaqtincha	adv	/prəˈvɪʒənəli/	The meeting is {provisionally} set for Tuesday.
stipulated	belgilangan (shartda)	adj	/ˈstɪpjuleɪtɪd/	Pay within the {stipulated} time.
by virtue of	...tufayli, ...asosida	phrase	/baɪ ˈvɜːtʃuː əv/	He got the job {by virtue of} his experience.
null	haqiqiy emas	adj	/nʌl/	The election was declared {null}.
ex officio	lavozimiga ko'ra	adv	/ˌeks əˈfɪʃiəʊ/	The mayor sits on the committee {ex officio}.
# Stage 6: power, intrigue and conflict
acquiesce	indamay rozi bo'lmoq	v	/ˌækwiˈes/	The board decided to {acquiesce} to the demands.
aggrandisement	kuch-qudratini oshirish	n	/əˈɡrændɪzmənt/	He used the office for personal {aggrandisement}.
autocrat	yakkahokim	n	/ˈɔːtəkræt/	The {autocrat} ruled for forty years.
belligerence	urushqoqlik	n	/bəˈlɪdʒərəns/	The minister's {belligerence} alarmed neighbouring countries.
cabal	fitnachilar guruhi	n	/kəˈbæl/	A small {cabal} controlled the party.
capitulation	taslim bo'lish	n	/kəˌpɪtʃuˈleɪʃn/	The deal was seen as a {capitulation} to the unions.
chicanery	hiyla-nayrang	n	/ʃɪˈkeɪnəri/	The election was won through {chicanery}.
connive	til biriktirmoq; ko'z yummoq	v	/kəˈnaɪv/	Officials were said to {connive} at the smuggling.
connivance	jimgina sheriklik	n	/kəˈnaɪvəns/	The fraud happened with the {connivance} of the police.
conspirator	fitnachi	n	/kənˈspɪrətə/	Each {conspirator} was arrested.
coterie	yaqinlar doirasi	n	/ˈkəʊtəri/	The president relies on a small {coterie} of advisers.
despot	mustabid, zolim	n	/ˈdespɒt/	The {despot} crushed all opposition.
despotic	mustabid	adj	/dɪˈspɒtɪk/	The people suffered under {despotic} rule.
despotism	istibdod	n	/ˈdespətɪzəm/	The revolution ended centuries of {despotism}.
dictatorial	diktatorlarcha	adj	/ˌdɪktəˈtɔːriəl/	The manager has a {dictatorial} style.
duplicity	ikkiyuzlamachilik, xiyonat	n	/djuːˈplɪsəti/	She was shocked by his {duplicity}.
duplicitous	ikkiyuzlamachi	adj	/djuːˈplɪsɪtəs/	The {duplicitous} ally made deals with both sides.
embroil	aralashtirib yubormoq (nizoga)	v	/ɪmˈbrɔɪl/	The scandal could {embroil} the whole government.
faction	fraksiya, guruh	n	/ˈfækʃn/	A rival {faction} tried to take control of the party.
factional	guruhbozlik	adj	/ˈfækʃənl/	The party was torn by {factional} fighting.
fealty	sadoqat qasami	n	/ˈfiːəlti/	The lords swore {fealty} to the king.
fifth column	yashirin dushmanlar	phrase	/ˌfɪfθ ˈkɒləm/	The regime blamed a {fifth column} for the unrest.
foment	qo'zg'atmoq (tartibsizlik)	v	/fəʊˈment/	Agents were sent to {foment} rebellion.
hegemonic	hukmron	adj	/ˌheɡɪˈmɒnɪk/	The country wants a {hegemonic} role in the region.
imperialism	imperializm	n	/ɪmˈpɪəriəlɪzəm/	The book is a history of European {imperialism}.
imperialist	imperialist	adj	/ɪmˈpɪəriəlɪst/	They fought against {imperialist} rule.
internecine	o'zaro qirg'in, ichki	adj	/ˌɪntəˈniːsaɪn/	The party is weakened by {internecine} feuds.
jingoism	shovinizm, jangari vatanparvarlik	n	/ˈdʒɪŋɡəʊɪzəm/	The newspapers were full of {jingoism}.
kleptocracy	o'g'rilar hokimiyati	n	/klepˈtɒkrəsi/	Critics call the regime a {kleptocracy}.
lackey	malay, xizmatkor	n	/ˈlæki/	He was a {lackey} of the powerful family.
machination	fitna, hiyla	n	/ˌmækɪˈneɪʃn/	Every political {machination} was exposed.
Machiavellian	makiavellistik, makkor	adj	/ˌmækiəˈveliən/	He used {Machiavellian} tactics to win power.
martyr	shahid	n	/ˈmɑːtə/	He became a {martyr} for the cause.
martyrdom	shahidlik	n	/ˈmɑːtədəm/	The saint's {martyrdom} is remembered every year.
mutiny	g'alayon (harbiylar)	n	/ˈmjuːtəni/	The sailors staged a {mutiny}.
mutinous	isyonkor	adj	/ˈmjuːtənəs/	The {mutinous} soldiers refused to fight.
overlord	hukmdor, xo'jayin	n	/ˈəʊvəlɔːd/	The villages paid taxes to their {overlord}.
partisanship	tarafkashlik	n	/ˌpɑːtɪˈzænʃɪp/	{Partisanship} has poisoned the debate.
plutocracy	plutokratiya, boylar hokimiyati	n	/pluːˈtɒkrəsi/	Critics say the country has become a {plutocracy}.
plutocrat	boy hukmdor	n	/ˈpluːtəkræt/	A {plutocrat} owns most of the newspapers.
potentate	hukmdor, podshoh	n	/ˈpəʊtnteɪt/	The {potentate} lived in a huge palace.
putsch	to'ntarish urinishi	n	/pʊtʃ/	The army officers attempted a {putsch}.
quisling	xoin, sotqin	n	/ˈkwɪzlɪŋ/	He was branded a {quisling} for helping the invaders.
rabble-rouser	olomonni qo'zg'atuvchi	n	/ˈræbl raʊzə/	The {rabble-rouser} urged the crowd to attack.
renegade	sotqin, qochoq	n	/ˈrenɪɡeɪd/	A {renegade} general formed his own army.
scaremongering	vahima tarqatish	n	/ˈskeəmʌŋɡərɪŋ/	The minister dismissed the reports as {scaremongering}.
sectarian	mazhabchilik	adj	/sekˈteəriən/	The city suffered from {sectarian} violence.
sectarianism	mazhabparastlik	n	/sekˈteəriənɪzəm/	{Sectarianism} divided the country.
stooge	qo'g'irchoq, vosita	n	/stuːdʒ/	The new leader is just a {stooge} of the army.
subjugation	bo'ysundirish	n	/ˌsʌbdʒuˈɡeɪʃn/	The {subjugation} of the tribes took decades.
subversion	ag'darish harakati	n	/səbˈvɜːʃn/	He was jailed for {subversion}.
subversive	buzg'unchi	adj	/səbˈvɜːsɪv/	The book was banned as {subversive}.
sycophancy	laganbardorlik	n	/ˈsɪkəfənsi/	The court was full of {sycophancy}.
totalitarianism	totalitarizm	n	/təʊˌtælɪˈteəriənɪzəm/	Orwell wrote about the dangers of {totalitarianism}.
treachery	xiyonat	n	/ˈtretʃəri/	He was punished for his {treachery}.
treacherous	xoin; xavfli	adj	/ˈtretʃərəs/	The mountain road is {treacherous} in winter.
treason	vatanga xiyonat	n	/ˈtriːzn/	He was executed for {treason}.
turncoat	sotqin	n	/ˈtɜːnkəʊt/	His old friends called him a {turncoat}.
tyrannical	zolimona	adj	/tɪˈrænɪkl/	The {tyrannical} ruler was finally overthrown.
usurper	hokimiyatni bosib olgan	n	/juːˈzɜːpə/	The {usurper} killed the young king.
vassal	vassal, qaram	n	/ˈvæsl/	The small state became a {vassal} of the empire.
vendetta	qon qasos	n	/venˈdetə/	The two families have a long {vendetta}.
warmonger	urush qo'zg'atuvchi	n	/ˈwɔːmʌŋɡə/	Critics called the president a {warmonger}.
warmongering	urush targ'iboti	n	/ˈwɔːmʌŋɡərɪŋ/	The newspapers were accused of {warmongering}.
abuse of power	hokimiyatni suiiste'mol qilish	phrase	/əˌbjuːs əv ˈpaʊə/	The minister was charged with {abuse of power}.
cloak-and-dagger	sirli, josuslik	adj	/ˌkləʊk ən ˈdæɡə/	It was a {cloak-and-dagger} operation.
divide and rule	bo'lib tashla va hukmronlik qil	phrase	/dɪˌvaɪd ən ˈruːl/	The empire used a policy of {divide and rule}.
iron fist	temir musht (qattiqqo'llik)	phrase	/ˌaɪən ˈfɪst/	He ruled the country with an {iron fist}.
power struggle	hokimiyat uchun kurash	phrase	/ˈpaʊə strʌɡl/	There is a {power struggle} inside the party.
power vacuum	hokimiyat bo'shlig'i	phrase	/ˈpaʊə vækjuəm/	The king's death left a {power vacuum}.
smear campaign	qoralash kampaniyasi	phrase	/ˈsmɪə kæmpeɪn/	He was the victim of a {smear campaign}.
witch-hunt	quvg'in (asossiz)	n	/ˈwɪtʃ hʌnt/	The investigation turned into a {witch-hunt}.
propagandist	targ'ibotchi	n	/ˌprɒpəˈɡændɪst/	He was the regime's chief {propagandist}.
purge	tozalash (siyosiy)	n	/pɜːdʒ/	Thousands died in the political {purge}.
pogrom	pogrom, qirg'in	n	/ˈpɒɡrəm/	The {pogrom} forced many families to flee.
retaliation	javob zarbasi	n	/rɪˌtæliˈeɪʃn/	The attack was in {retaliation} for the bombing.
retaliatory	javob tariqasidagi	adj	/rɪˈtæliətri/	The country took {retaliatory} measures.
siege	qamal	n	/siːdʒ/	The city was under {siege} for months.
besiege	qamal qilmoq	v	/bɪˈsiːdʒ/	The army began to {besiege} the fortress.
blockade	blokada	n	/blɒˈkeɪd/	The navy set up a {blockade} of the port.
carnage	qirg'in	n	/ˈkɑːnɪdʒ/	The bomb caused terrible {carnage}.
atrocity	vahshiylik	n	/əˈtrɒsəti/	The soldiers were accused of committing an {atrocity}.
massacre	qirg'in	n	/ˈmæsəkə/	The {massacre} shocked the world.
annihilate	yo'q qilib tashlamoq	v	/əˈnaɪəleɪt/	The army tried to {annihilate} the enemy.
annihilation	butunlay yo'q qilish	n	/əˌnaɪəˈleɪʃn/	The world feared nuclear {annihilation}.
onslaught	shiddatli hujum	n	/ˈɒnslɔːt/	The town could not survive the {onslaught}.
incursion	bostirib kirish	n	/ɪnˈkɜːʃn/	There was an {incursion} across the border.
armistice	sulh	n	/ˈɑːmɪstɪs/	The {armistice} ended the fighting.
conquest	zabt etish	n	/ˈkɒŋkwest/	The {conquest} of Samarkand made him famous.
entrenchment	mustahkamlanish	n	/ɪnˈtrentʃmənt/	The {entrenchment} of power in one family is dangerous.
pacification	tinchlantirish	n	/ˌpæsɪfɪˈkeɪʃn/	The {pacification} of the region took years.
agitator	qo'zg'atuvchi	n	/ˈædʒɪteɪtə/	Police arrested a political {agitator}.
dissidence	muxolifat faoliyati	n	/ˈdɪsɪdəns/	The regime showed no tolerance for {dissidence}.
bloodshed	qon to'kilishi	n	/ˈblʌdʃed/	The treaty ended years of {bloodshed}.
bloodless	qonsiz	adj	/ˈblʌdləs/	It was a {bloodless} revolution.
war crime	harbiy jinoyat	phrase	/ˈwɔː kraɪm/	He was tried for a {war crime}.
cold war	sovuq urush	phrase	/ˌkəʊld ˈwɔː/	The two powers entered a new {cold war}.
proxy war	vakillik urushi	phrase	/ˈprɒksi wɔː/	The conflict became a {proxy war} between the superpowers.
scorched earth	kuydirilgan yer taktikasi	phrase	/ˌskɔːtʃt ˈɜːθ/	The retreating army used a {scorched earth} policy.
mercenary	yollanma askar	n	/ˈmɜːsənri/	The king hired a {mercenary} army.
# Stage 7: wealth, poverty and money
avarice	ochko'zlik	n	/ˈævərɪs/	The story is a warning against {avarice}.
bourgeois	burjua, o'rta sinfga xos	adj	/ˈbʊəʒwɑː/	He rejected his parents' {bourgeois} values.
bourgeoisie	burjuaziya	n	/ˌbʊəʒwɑːˈziː/	The {bourgeoisie} grew rich during the industrial age.
cupidity	ochko'zlik	n	/kjuːˈpɪdəti/	The bankers were blamed for their {cupidity}.
dearth	tanqislik	n	/dɜːθ/	There is a {dearth} of good teachers in rural areas.
defray	qoplamoq (xarajatni)	v	/dɪˈfreɪ/	The company will {defray} your travel costs.
extortionate	haddan tashqari qimmat	adj	/ɪkˈstɔːʃənət/	The hotel charges {extortionate} prices.
impecunious	kambag'al	adj	/ˌɪmpɪˈkjuːniəs/	He was an {impecunious} student.
indigent	muhtoj	adj	/ˈɪndɪdʒənt/	The clinic treats {indigent} patients for free.
largesse	saxovat	n	/lɑːˈʒes/	The school depends on the {largesse} of rich parents.
lucre	pul, boylik (qoralovchi)	n	/ˈluːkə/	He did it for filthy {lucre}.
magnate	magnat, yirik tadbirkor	n	/ˈmæɡneɪt/	The media {magnate} owns ten newspapers.
mammon	boylik (sig'iniladigan)	n	/ˈmæmən/	They worship {mammon} instead of God.
mercantile	savdo-sotiq	adj	/ˈmɜːkəntaɪl/	Bukhara was a {mercantile} city on the Silk Road.
munificence	o'ta saxiylik	n	/mjuːˈnɪfɪsns/	The hospital was built through the {munificence} of one family.
pauper	gado, qashshoq	n	/ˈpɔːpə/	He died a {pauper}.
penury	qashshoqlik	n	/ˈpenjəri/	They lived in {penury} after the war.
pecuniary	pulga oid	adj	/pɪˈkjuːniəri/	He has no {pecuniary} interest in the company.
profligate	isrofgar	adj	/ˈprɒflɪɡət/	The government was accused of {profligate} spending.
profligacy	isrofgarchilik	n	/ˈprɒflɪɡəsi/	Years of {profligacy} left the country in debt.
prodigal	isrofgar; qaytgan (farzand)	adj	/ˈprɒdɪɡl/	The {prodigal} son returned home.
remunerative	daromadli	adj	/rɪˈmjuːnərətɪv/	She found {remunerative} work in the city.
sumptuous	hashamatli, to'kin	adj	/ˈsʌmptʃuəs/	They served a {sumptuous} feast.
thrift	tejamkorlik	n	/θrɪft/	Her grandmother taught her the value of {thrift}.
usury	sudxo'rlik	n	/ˈjuːʒəri/	Many religions forbid {usury}.
usurer	sudxo'r	n	/ˈjuːʒərə/	The {usurer} charged 50% interest.
coffers	g'azna	n	/ˈkɒfəz/	The tax will fill the government's {coffers}.
cornucopia	to'kinlik, mo'l-ko'lchilik	n	/ˌkɔːnjuˈkəʊpiə/	The market is a {cornucopia} of fruit and spices.
exchequer	davlat g'aznasi	n	/ɪksˈtʃekə/	The tax will bring millions into the {exchequer}.
gilded	zarhal; boy, dabdabali	adj	/ˈɡɪldɪd/	They live a {gilded} life in London.
gilt-edged	o'ta ishonchli	adj	/ˌɡɪlt ˈedʒd/	It is a {gilt-edged} investment.
hawker	seyyor sotuvchi	n	/ˈhɔːkə/	A {hawker} was selling fruit in the street.
huckster	surbet sotuvchi	n	/ˈhʌkstə/	The {huckster} sold fake medicine.
mendicant	tilanchi	n	/ˈmendɪkənt/	A {mendicant} sat outside the mosque.
miserly	xasis	adj	/ˈmaɪzəli/	He was paid a {miserly} salary.
moneylender	pul qarz beruvchi	n	/ˈmʌnilendə/	He borrowed from a {moneylender} at high interest.
parsimony	o'ta xasislik	n	/ˈpɑːsɪməni/	The government's {parsimony} hurt the schools.
perquisite	imtiyoz (lavozimga xos)	n	/ˈpɜːkwɪzɪt/	A free car is a {perquisite} of the job.
pittance	arzimas pul	n	/ˈpɪtns/	They work long hours for a {pittance}.
plenitude	to'kinlik	n	/ˈplenɪtjuːd/	The land offers a {plenitude} of resources.
profiteer	chayqovchi	n	/ˌprɒfɪˈtɪə/	A war {profiteer} sold food at huge prices.
recompense	tovon, mukofot	n	/ˈrekəmpens/	They received no {recompense} for their work.
retrenchment	xarajatlarni qisqartirish	n	/rɪˈtrentʃmənt/	The company went through a period of {retrenchment}.
riches	boylik	n	/ˈrɪtʃɪz/	He gave up his {riches} to live simply.
scrimp	tejab-tergab yashamoq	v	/skrɪmp/	They had to {scrimp} to pay for the wedding.
skinflint	xasis	n	/ˈskɪnflɪnt/	The old {skinflint} never gave anything away.
squalor	iflos va qashshoq ahvol	n	/ˈskwɒlə/	The family lived in {squalor}.
squalid	iflos, xarob	adj	/ˈskwɒlɪd/	They lived in a {squalid} flat.
tithe	o'ndan bir soliq (ushr)	n	/taɪð/	Farmers once paid a {tithe} to the church.
toil	og'ir mehnat	n	/tɔɪl/	After years of {toil}, he finally bought a house.
tribute	o'lpon; hurmat	n	/ˈtrɪbjuːt/	The small kingdoms paid {tribute} to the emperor.
treasure trove	xazina	phrase	/ˈtreʒə trəʊv/	The attic was a {treasure trove} of old photos.
vagrancy	daydilik	n	/ˈveɪɡrənsi/	He was arrested for {vagrancy}.
well-to-do	badavlat	adj	/ˌwel tə ˈduː/	She comes from a {well-to-do} family.
conspicuous consumption	ko'z-ko'z uchun iste'mol	phrase	/kənˌspɪkjuəs kənˈsʌmpʃn/	Luxury cars are a form of {conspicuous consumption}.
fat cat	semiz mushuk (boy amaldor)	phrase	/ˈfæt kæt/	The {fat cat} bankers got huge bonuses.
filthy rich	o'ta boy	phrase	/ˌfɪlθi ˈrɪtʃ/	His uncle is {filthy rich}.
flush	pulga to'lgan	adj	/flʌʃ/	I'm feeling {flush} after payday.
hard-up	puli yo'q	adj	/ˌhɑːd ˈʌp/	We were very {hard-up} when I was a child.
impoverish	qashshoqlashtirmoq	v	/ɪmˈpɒvərɪʃ/	The war will {impoverish} millions.
loaded	juda boy	adj	/ˈləʊdɪd/	His parents are {loaded}.
moneyed	pulli, badavlat	adj	/ˈmʌnid/	The club is popular with the {moneyed} classes.
needy	muhtoj	adj	/ˈniːdi/	The charity helps {needy} families.
rags to riches	qashshoqlikdan boylikka	phrase	/ˌræɡz tə ˈrɪtʃɪz/	His life is a {rags to riches} story.
indebtedness	qarzdorlik	n	/ɪnˈdetɪdnəs/	The country's {indebtedness} is growing.
fritter away	bekorga sovurmoq	phrase	/ˌfrɪtər əˈweɪ/	Don't {fritter away} your savings.
scrimp and save	tejab-tergab jamg'armoq	phrase	/ˌskrɪmp ən ˈseɪv/	They had to {scrimp and save} for years.
penny-pinching	xasislik	adj	/ˈpeni pɪntʃɪŋ/	The {penny-pinching} boss refused to buy new chairs.
cheapskate	xasis	n	/ˈtʃiːpskeɪt/	Don't be such a {cheapskate}!
freeloader	tekinxo'r	n	/ˈfriːləʊdə/	He's a {freeloader} who never pays for dinner.
sponger	boshqalar hisobiga yashovchi	n	/ˈspʌndʒə/	Her brother is a {sponger} who lives off his parents.
bounty	mukofot; mo'lchilik	n	/ˈbaʊnti/	The police offered a {bounty} for his capture.
booty	o'lja	n	/ˈbuːti/	The thieves shared the {booty}.
plunder	talon-taroj qilmoq	v	/ˈplʌndə/	The invaders began to {plunder} the city.
pillage	talamoq	v	/ˈpɪlɪdʒ/	The soldiers were ordered to {pillage} the villages.
swindle	aldab pul olmoq	v	/ˈswɪndl/	They tried to {swindle} old people out of their savings.
swindler	firibgar	n	/ˈswɪndlə/	The {swindler} sold fake gold.
fleece	shilmoq	v	/fliːs/	Taxi drivers {fleece} tourists at the airport.
con man	firibgar	phrase	/ˈkɒn mæn/	The {con man} disappeared with her money.
racketeer	reketchi	n	/ˌrækəˈtɪə/	The {racketeer} demanded money from shop owners.
extort	tovlamachilik bilan olmoq	v	/ɪkˈstɔːt/	The gang tried to {extort} money from local businesses.
Ponzi scheme	Ponzi sxemasi	phrase	/ˈpɒnzi skiːm/	Thousands lost money in the {Ponzi scheme}.
pyramid scheme	moliyaviy piramida	phrase	/ˈpɪrəmɪd skiːm/	The company was really a {pyramid scheme}.
ill-gotten	nopok yo'l bilan topilgan	adj	/ˌɪl ˈɡɒtn/	He hid his {ill-gotten} gains abroad.
opulently	hashamat bilan	adv	/ˈɒpjələntli/	The palace is {opulently} decorated.
frugally	tejamkorona	adv	/ˈfruːɡəli/	They live {frugally} on a small pension.
lavishly	mo'l-ko'l	adv	/ˈlævɪʃli/	The hall was {lavishly} decorated.
money-grabbing	pulparast	adj	/ˈmʌni ɡræbɪŋ/	He is a {money-grabbing} landlord.
privation	mahrumlik, qiyinchilik	n	/praɪˈveɪʃn/	The refugees suffered great {privation}.
straitened	tang (ahvol)	adj	/ˈstreɪtnd/	They live in {straitened} circumstances.
on a shoestring	juda kam pul bilan	phrase	/ɒn ə ˈʃuːstrɪŋ/	They started the business {on a shoestring}.
tighten our belts	kamxarj bo'lmoq	phrase	/ˌtaɪtn aʊə ˈbelts/	In hard times we all have to {tighten our belts}.
mendicancy	tilanchilik	n	/ˈmendɪkənsi/	{Mendicancy} was common in the old city.
philanthropic foundation	xayriya jamg'armasi	phrase	/ˌfɪlənθrɒpɪk faʊnˈdeɪʃn/	She set up a {philanthropic foundation} for orphans.
sinecure	mashaqqatsiz lekin pulli lavozim	n	/ˈsɪnɪkjʊə/	The job was a {sinecure} given to the minister's son.
kickstart	jonlantirmoq	v	/ˈkɪkstɑːt/	The government wants to {kickstart} the economy.
spoils	o'lja, foyda	n	/spɔɪlz/	The winners shared the {spoils}.
pawnbroker	lombard egasi	n	/ˈpɔːnbrəʊkə/	She took her ring to a {pawnbroker}.
alms	sadaqa	n	/ɑːmz/	The poor man begged for {alms}.
almsgiving	sadaqa berish	n	/ˈɑːmzɡɪvɪŋ/	{Almsgiving} is one of the pillars of Islam.
# Stage 8: science, the body and medicine
aberration	og'ish, g'ayritabiiylik	n	/ˌæbəˈreɪʃn/	The bad result was an {aberration}.
accretion	to'planish, qo'shilib borish	n	/əˈkriːʃn/	The island formed by the slow {accretion} of sand.
amalgam	qorishma, aralashma	n	/əˈmælɡəm/	The city is an {amalgam} of cultures.
amorphous	shaklsiz	adj	/əˈmɔːfəs/	The plan is still {amorphous}.
anatomical	anatomik	adj	/ˌænəˈtɒmɪkl/	The artist made {anatomical} drawings.
asphyxiate	bo'g'ilmoq	v	/əsˈfɪksieɪt/	Smoke can {asphyxiate} you in minutes.
atrophy	qurib qolmoq (mushak)	v	/ˈætrəfi/	Muscles {atrophy} if you don't use them.
autopsy	o'likni yorib tekshirish	n	/ˈɔːtɒpsi/	The {autopsy} showed he had been poisoned.
biopsy	biopsiya	n	/ˈbaɪɒpsi/	The doctor took a {biopsy} of the lump.
cauterise	kuydirib davolamoq	v	/ˈkɔːtəraɪz/	The surgeon had to {cauterise} the wound.
cellular	hujayraviy	adj	/ˈseljələ/	The drug works at a {cellular} level.
coagulate	quyulmoq (qon)	v	/kəʊˈæɡjuleɪt/	Blood starts to {coagulate} when it touches air.
comatose	komada yotgan	adj	/ˈkəʊmətəʊs/	He was {comatose} for three days.
contusion	lat yeyish, ko'karish	n	/kənˈtjuːʒn/	He suffered a {contusion} to the head.
convulsion	talvasa	n	/kənˈvʌlʃn/	The child had a {convulsion} from the high fever.
cranial	bosh suyagiga oid	adj	/ˈkreɪniəl/	He suffered {cranial} injuries.
desiccate	quritmoq	v	/ˈdesɪkeɪt/	The hot wind will {desiccate} the plants.
dissect	yorib o'rganmoq	v	/daɪˈsekt/	Students {dissect} a frog in biology class.
distend	shishmoq	v	/dɪˈstend/	Hunger can make a child's stomach {distend}.
efficacy	samaradorlik (dori)	n	/ˈefɪkəsi/	Tests proved the {efficacy} of the vaccine.
efficacious	samarali	adj	/ˌefɪˈkeɪʃəs/	The treatment proved {efficacious}.
emaciated	o'ta ozib ketgan	adj	/ɪˈmeɪsieɪtɪd/	The {emaciated} prisoners were finally freed.
enzyme	ferment	n	/ˈenzaɪm/	Each {enzyme} speeds up a chemical reaction.
excrete	chiqarmoq (organizmdan)	v	/ɪkˈskriːt/	The kidneys {excrete} waste from the blood.
fester	yiringlamoq; zo'rayib bormoq	v	/ˈfestə/	If you ignore the problem, it will {fester}.
fetid	sassiq	adj	/ˈfetɪd/	A {fetid} smell came from the drain.
gangrene	gangrena	n	/ˈɡæŋɡriːn/	The wound turned to {gangrene}.
gestation	homiladorlik davri	n	/dʒeˈsteɪʃn/	The {gestation} period of an elephant is 22 months.
hallucinogenic	gallyutsinogen	adj	/həˌluːsɪnəˈdʒenɪk/	Some mushrooms are {hallucinogenic}.
homeopathy	gomeopatiya	n	/ˌhəʊmiˈɒpəθi/	Most doctors doubt that {homeopathy} works.
immunology	immunologiya	n	/ˌɪmjuˈnɒlədʒi/	She is a professor of {immunology}.
incubate	inkubatsiya qilmoq; ochib chiqarmoq	v	/ˈɪŋkjubeɪt/	The hen sits on the eggs to {incubate} them.
infirmity	zaiflik, nogironlik	n	/ɪnˈfɜːməti/	He suffers from the {infirmity} of old age.
malignancy	yomon sifatli o'sma	n	/məˈlɪɡnənsi/	Tests showed no sign of {malignancy}.
microcosm	kichik olam, mikrokosm	n	/ˈmaɪkrəʊkɒzəm/	The village is a {microcosm} of the whole country.
morbid	g'ayritabiiy qiziquvchi (o'limga)	adj	/ˈmɔːbɪd/	He has a {morbid} interest in murders.
morbidity	kasallanish darajasi	n	/mɔːˈbɪdəti/	Smoking increases {morbidity} and mortality.
oncology	onkologiya	n	/ɒŋˈkɒlədʒi/	She works in the {oncology} department.
osmosis	osmos; o'z-o'zidan o'zlashtirish	n	/ɒzˈməʊsɪs/	Children learn languages almost by {osmosis}.
palpitation	yurak o'ynashi	n	/ˌpælpɪˈteɪʃn/	Too much coffee gives me a {palpitation}.
panacea	har dardga davo	n	/ˌpænəˈsiːə/	Money is not a {panacea} for all problems.
paralysis	falaj	n	/pəˈræləsɪs/	The accident left him with {paralysis} in both legs.
parasite	parazit, tekinxo'r	n	/ˈpærəsaɪt/	The {parasite} lives inside the fish.
parasitic	parazitik	adj	/ˌpærəˈsɪtɪk/	Malaria is a {parasitic} disease.
pharmacology	farmakologiya	n	/ˌfɑːməˈkɒlədʒi/	She studied {pharmacology} at university.
plasma	plazma	n	/ˈplæzmə/	Patients received {plasma} from recovered donors.
pneumonia	zotiljam	n	/njuːˈməʊniə/	He was taken to hospital with {pneumonia}.
prophylactic	profilaktik	adj	/ˌprɒfɪˈlæktɪk/	Travellers take {prophylactic} drugs against malaria.
pulmonary	o'pka	adj	/ˈpʌlmənəri/	He has a {pulmonary} disease.
remedial	tuzatuvchi, yordamchi	adj	/rɪˈmiːdiəl/	Pupils who fall behind get {remedial} lessons.
resuscitation	reanimatsiya	n	/rɪˌsʌsɪˈteɪʃn/	Paramedics tried {resuscitation} for twenty minutes.
salubrious	sog'lom, yoqimli	adj	/səˈluːbriəs/	They moved to a more {salubrious} area.
secrete	ajratib chiqarmoq	v	/sɪˈkriːt/	The glands {secrete} hormones.
senile	qarilikdan aqli zaiflashgan	adj	/ˈsiːnaɪl/	The old man was becoming {senile}.
senility	qarilik, aqliy zaiflik	n	/səˈnɪləti/	{Senility} made him forget his children's names.
serum	zardob, sivorotka	n	/ˈsɪərəm/	The doctors developed a {serum} against the snake poison.
spore	spora	n	/spɔː/	Mushrooms reproduce by releasing a {spore}.
sterility	bepushtlik; sterillik	n	/stəˈrɪləti/	The drug can cause {sterility}.
stupor	karaxtlik	n	/ˈstjuːpə/	He was found in a drunken {stupor}.
subcutaneous	teri ostidagi	adj	/ˌsʌbkjuˈteɪniəs/	The medicine is given by {subcutaneous} injection.
symptomatic	simptomatik, belgi bo'luvchi	adj	/ˌsɪmptəˈmætɪk/	The crime rate is {symptomatic} of deeper problems.
tonic	quvvat beruvchi dori	n	/ˈtɒnɪk/	The holiday was a {tonic} after a hard year.
toxicity	zaharlilik	n	/tɒkˈsɪsəti/	Scientists tested the {toxicity} of the chemical.
tremor	titroq	n	/ˈtremə/	He had a slight {tremor} in his hands.
vascular	qon tomir	adj	/ˈvæskjələ/	She is a {vascular} surgeon.
vector	tashuvchi (kasallik); vektor	n	/ˈvektə/	Mosquitoes are a {vector} for malaria.
vertebrate	umurtqali	n	/ˈvɜːtɪbrət/	A fish is a {vertebrate}.
vial	flakon	n	/ˈvaɪəl/	The nurse filled a {vial} with blood.
viscous	yopishqoq, quyuq	adj	/ˈvɪskəs/	Honey is a {viscous} liquid.
vital sign	hayotiy ko'rsatkich	phrase	/ˈvaɪtl saɪn/	The nurse checked every {vital sign}.
zoonotic	hayvondan yuquvchi	adj	/ˌzəʊəˈnɒtɪk/	Rabies is a {zoonotic} disease.
decomposition	chirish, parchalanish	n	/ˌdiːkɒmpəˈzɪʃn/	The body was in an advanced state of {decomposition}.
diffusion	tarqalish	n	/dɪˈfjuːʒn/	The {diffusion} of ideas across cultures is fascinating.
distillation	distillash	n	/ˌdɪstɪˈleɪʃn/	Alcohol is produced by {distillation}.
fission	bo'linish (yadro)	n	/ˈfɪʃn/	Nuclear {fission} releases huge energy.
half-life	yarim yemirilish davri	n	/ˈhɑːf laɪf/	The {half-life} of the isotope is 30 years.
isotope	izotop	n	/ˈaɪsətəʊp/	Carbon-14 is a radioactive {isotope}.
luminosity	yorqinlik	n	/ˌluːmɪˈnɒsəti/	Astronomers measured the star's {luminosity}.
magnitude	kattalik, miqyos	n	/ˈmæɡnɪtjuːd/	The earthquake had a {magnitude} of 7.
nebula	tumanlik (osmonda)	n	/ˈnebjələ/	The telescope photographed a distant {nebula}.
refraction	sinish (nur)	n	/rɪˈfrækʃn/	A rainbow is caused by the {refraction} of light.
supernova	o'ta yangi yulduz	n	/ˌsuːpəˈnəʊvə/	A {supernova} can outshine a whole galaxy.
alloy	qotishma	n	/ˈælɔɪ/	Bronze is an {alloy} of copper and tin.
carbon dating	radiouglerod usuli	phrase	/ˌkɑːbən ˈdeɪtɪŋ/	{Carbon dating} showed the bones were 5,000 years old.
fossilised	toshga aylangan	adj	/ˈfɒsəlaɪzd/	They found {fossilised} footprints.
taxonomy	taksonomiya	n	/tækˈsɒnəmi/	Linnaeus created a {taxonomy} of living things.
genus	urug' (biologiyada)	n	/ˈdʒiːnəs/	The lion belongs to the {genus} Panthera.
evolutionary	evolyutsion	adj	/ˌiːvəˈluːʃənri/	Scientists study our {evolutionary} history.
heredity	irsiyat	n	/həˈredəti/	Eye colour is determined by {heredity}.
natural selection	tabiiy tanlanish	phrase	/ˌnætʃrəl sɪˈlekʃn/	Darwin explained evolution by {natural selection}.
primate	primat	n	/ˈpraɪmeɪt/	The gorilla is the largest {primate}.
invertebrate	umurtqasiz	n	/ɪnˈvɜːtɪbrət/	The octopus is a clever {invertebrate}.
amphibian	suvda va quruqlikda yashovchi	n	/æmˈfɪbiən/	A frog is an {amphibian}.
microbiology	mikrobiologiya	n	/ˌmaɪkrəʊbaɪˈɒlədʒi/	She has a degree in {microbiology}.
incurably	davolab bo'lmas darajada	adv	/ɪnˈkjʊərəbli/	He is {incurably} optimistic.
inoculation	emlash	n	/ɪˌnɒkjuˈleɪʃn/	{Inoculation} against smallpox began in the 18th century.
anaesthetise	og'riqsizlantirmoq	v	/əˈniːsθətaɪz/	The vet had to {anaesthetise} the horse.
clot	quyqa (qon)	n	/klɒt/	He died from a blood {clot} in his lung.
cadaver	murda (tibbiyotda)	n	/kəˈdævə/	Medical students study anatomy on a {cadaver}.
ossify	suyakka aylanmoq; qotib qolmoq	v	/ˈɒsɪfaɪ/	Without new ideas, institutions {ossify}.
# Stage 9: nature and descriptive language
arboreal	daraxtda yashovchi	adj	/ɑːˈbɔːriəl/	Monkeys are {arboreal} animals.
azure	moviy, zangori	adj	/ˈæʒə/	The {azure} sky stretched above the lake.
balmy	iliq va yoqimli	adj	/ˈbɑːmi/	We sat outside on a {balmy} evening.
bucolic	qishloqqa xos, osoyishta	adj	/bjuːˈkɒlɪk/	The painting shows a {bucolic} scene of cows and meadows.
burgeon	tez o'smoq, gullamoq	v	/ˈbɜːdʒən/	Tourism began to {burgeon} after independence.
cascade	sharshara bo'lib oqmoq	v	/kæˈskeɪd/	Water began to {cascade} down the rocks.
chasm	jarlik	n	/ˈkæzəm/	A deep {chasm} opened in the ice.
crag	tik qoya	n	/kræɡ/	An eagle sat on the {crag}.
craggy	qoyali; ajinli	adj	/ˈkræɡi/	The old sailor had a {craggy} face.
crevice	yoriq	n	/ˈkrevɪs/	A small plant grew in a {crevice} in the wall.
crystalline	billurdek tiniq	adj	/ˈkrɪstəlaɪn/	The lake has {crystalline} water.
dappled	xolli, dog'li (quyosh nuri)	adj	/ˈdæpld/	We walked through {dappled} sunlight in the forest.
dank	nam va sovuq	adj	/dæŋk/	The prisoners were kept in a {dank} cellar.
desolation	huvillash, vayronalik	n	/ˌdesəˈleɪʃn/	The war left a scene of {desolation}.
diaphanous	yupqa, shaffof	adj	/daɪˈæfənəs/	She wore a {diaphanous} silk scarf.
dusk	shom, qosh qorayishi	n	/dʌsk/	The birds fall silent at {dusk}.
ebb	qaytmoq (suv); susaymoq	v	/eb/	Her strength began to {ebb} away.
effervescent	ko'pikli; jo'shqin	adj	/ˌefəˈvesnt/	She has an {effervescent} personality.
ethereal	nafis, g'ayrioddiy nozik	adj	/iˈθɪəriəl/	The singer has an {ethereal} voice.
expanse	keng maydon	n	/ɪkˈspæns/	A vast {expanse} of desert lay before us.
fecund	serhosil	adj	/ˈfekənd/	The valley is {fecund} and green.
flotsam	suvda suzib yurgan chiqindi	n	/ˈflɒtsəm/	The beach was covered with {flotsam} after the storm.
fragrant	xushbo'y	adj	/ˈfreɪɡrənt/	The garden is {fragrant} with roses.
gossamer	o'rgimchak to'ridek yupqa	adj	/ˈɡɒsəmə/	She wore a {gossamer} veil.
gnarled	qing'ir-qiyshiq	adj	/nɑːld/	An old {gnarled} tree stood by the gate.
halcyon	osoyishta, baxtli (o'tmish)	adj	/ˈhælsiən/	He remembers the {halcyon} days of his youth.
hoary	oqargan, qadimiy	adj	/ˈhɔːri/	That's a {hoary} old joke.
idyll	osoyishta go'zallik	n	/ˈɪdɪl/	The village seemed like a rural {idyll}.
incandescent	cho'g'dek yonuvchi; g'azabdan yonayotgan	adj	/ˌɪnkænˈdesnt/	He was {incandescent} with rage.
inclement	yomon (ob-havo)	adj	/ɪnˈklemənt/	The match was cancelled due to {inclement} weather.
iridescent	kamalakdek tovlanuvchi	adj	/ˌɪrɪˈdesnt/	The butterfly has {iridescent} wings.
labyrinth	labirint	n	/ˈlæbərɪnθ/	The old town is a {labyrinth} of narrow streets.
labyrinthine	chalkash	adj	/ˌlæbəˈrɪnθaɪn/	The rules are {labyrinthine}.
languid	sust, rohatbaxsh	adj	/ˈlæŋɡwɪd/	We spent a {languid} afternoon by the pool.
limpid	tiniq	adj	/ˈlɪmpɪd/	She has {limpid} blue eyes.
lustrous	yaltiroq	adj	/ˈlʌstrəs/	She has long, {lustrous} hair.
luxuriant	qalin va serob	adj	/lʌɡˈʒʊəriənt/	The garden was full of {luxuriant} plants.
mellifluous	asaldek yoqimli (ovoz)	adj	/məˈlɪfluəs/	He has a deep, {mellifluous} voice.
mire	botqoq; qiyin ahvol	n	/ˈmaɪə/	The cart was stuck in the {mire}.
murky	qorong'i, loyqa; shubhali	adj	/ˈmɜːki/	The water was {murky}.
nascent	yangi paydo bo'layotgan	adj	/ˈnæsnt/	The country's {nascent} film industry is growing.
noxious	zaharli, zararli	adj	/ˈnɒkʃəs/	The factory released {noxious} fumes.
opaque	xira, shaffof emas	adj	/əʊˈpeɪk/	The bathroom has {opaque} glass.
precipice	jarlik yoqasi	n	/ˈpresəpɪs/	The economy is on the edge of a {precipice}.
primeval	ibtidoiy, qadimiy	adj	/praɪˈmiːvl/	They explored a {primeval} forest.
primordial	azaliy	adj	/praɪˈmɔːdiəl/	Life began in the {primordial} oceans.
pungent	o'tkir (hid)	adj	/ˈpʌndʒənt/	The {pungent} smell of garlic filled the kitchen.
quagmire	botqoq; chigal vaziyat	n	/ˈkwæɡmaɪə/	The war became a {quagmire}.
radiant	nurli, porloq	adj	/ˈreɪdiənt/	The bride looked {radiant}.
rivulet	jilg'a	n	/ˈrɪvjələt/	A {rivulet} of sweat ran down his face.
rugged	notekis, qoyali; baquvvat	adj	/ˈrʌɡɪd/	The coast is wild and {rugged}.
russet	qizg'ish-qo'ng'ir	adj	/ˈrʌsɪt/	The trees turned {russet} in autumn.
scintillating	yorqin, ajoyib	adj	/ˈsɪntɪleɪtɪŋ/	They had a {scintillating} conversation.
serenity	osoyishtalik	n	/səˈrenəti/	The {serenity} of the lake calmed him.
shimmer	jimirlab yaltiramoq	v	/ˈʃɪmə/	The lake began to {shimmer} in the moonlight.
sinuous	egri-bugri, ilonsimon	adj	/ˈsɪnjuəs/	The river follows a {sinuous} path.
sodden	jiqqa ho'l	adj	/ˈsɒdn/	The field was {sodden} after the rain.
sonorous	jarangdor	adj	/ˈsɒnərəs/	He spoke in a deep, {sonorous} voice.
splendour	ulug'vorlik, hashamat	n	/ˈsplendə/	The {splendour} of the palace amazed us.
sultry	dim, issiq; jozibali	adj	/ˈsʌltri/	It was a hot and {sultry} night.
sylvan	o'rmonga oid	adj	/ˈsɪlvən/	They lived in a {sylvan} setting.
tempestuous	bo'ronli, notinch	adj	/temˈpestʃuəs/	They had a {tempestuous} relationship.
torpid	sust, karaxt	adj	/ˈtɔːpɪd/	The heat made us {torpid}.
tranquil	sokin, osoyishta	adj	/ˈtræŋkwɪl/	The lake was {tranquil} at dawn.
tranquillity	osoyishtalik	n	/træŋˈkwɪləti/	We enjoyed the {tranquillity} of the countryside.
translucent	yarim shaffof	adj	/trænzˈluːsnt/	The lamp has a {translucent} shade.
undulating	to'lqinsimon	adj	/ˈʌndjuleɪtɪŋ/	The road passes through {undulating} hills.
verdant	yam-yashil	adj	/ˈvɜːdnt/	The valley was {verdant} after the spring rains.
vista	manzara	n	/ˈvɪstə/	From the top, a stunning {vista} opened before us.
wizened	burishgan, qurigan	adj	/ˈwɪznd/	A {wizened} old woman sat by the fire.
zephyr	mayin shabada	n	/ˈzefə/	A gentle {zephyr} moved the leaves.
brackish	sho'rtang	adj	/ˈbrækɪʃ/	The water in the lake is {brackish}.
brook	soy, jilg'a	n	/brʊk/	A small {brook} ran through the garden.
cataclysm	halokat	n	/ˈkætəklɪzəm/	The war was a {cataclysm} for Europe.
cataclysmic	halokatli	adj	/ˌkætəˈklɪzmɪk/	The flood had {cataclysmic} effects.
cavernous	g'ordek keng	adj	/ˈkævənəs/	They entered a {cavernous} hall.
clamour	shovqin, g'ala-g'ovur	n	/ˈklæmə/	There was a {clamour} of voices in the market.
copse	kichik o'rmonzor	n	/kɒps/	The children played in the {copse}.
drab	rangsiz, xira	adj	/dræb/	The office was {drab} and grey.
dreary	zerikarli, g'amgin	adj	/ˈdrɪəri/	It was a {dreary} winter day.
eddy	girdob	n	/ˈedi/	Leaves spun in an {eddy} of the river.
embers	cho'g'	n	/ˈembəz/	The {embers} of the fire still glowed.
frigid	muzdek	adj	/ˈfrɪdʒɪd/	The {frigid} wind blew from the north.
gale	kuchli shamol	n	/ɡeɪl/	The {gale} blew down several trees.
glade	o'rmon ichidagi ochiq joy	n	/ɡleɪd/	Deer were grazing in the {glade}.
glimmer	xira shu'la; zarracha	n	/ˈɡlɪmə/	There is a {glimmer} of hope.
grotto	g'or (kichik)	n	/ˈɡrɒtəʊ/	The children explored a {grotto} by the sea.
gust	shamol zarbi	n	/ɡʌst/	A {gust} of wind blew his hat off.
haze	g'ubor, tuman	n	/heɪz/	A {haze} hung over the city.
lagoon	laguna	n	/ləˈɡuːn/	We swam in a warm {lagoon}.
maelstrom	girdob; to'polon	n	/ˈmeɪlstrɒm/	He was caught in a {maelstrom} of emotions.
marsh	botqoq	n	/mɑːʃ/	Frogs live in the {marsh}.
morass	botqoq; chigal holat	n	/məˈræs/	The company is in a {morass} of debt.
nook	burchak, xilvat joy	n	/nʊk/	She found a quiet {nook} to read in.
pinnacle	cho'qqi	n	/ˈpɪnəkl/	Winning the Olympics was the {pinnacle} of her career.
plume	tutun ustuni; pat	n	/pluːm/	A {plume} of smoke rose from the chimney.
promontory	burun (qirg'oqda)	n	/ˈprɒməntri/	A lighthouse stands on the {promontory}.
rapids	ostona, tez oqim	n	/ˈræpɪdz/	The boat overturned in the {rapids}.
resplendent	jilvador, ko'zni qamashtiruvchi	adj	/rɪˈsplendənt/	The bride was {resplendent} in white silk.
ripple	mayda to'lqin	n	/ˈrɪpl/	A {ripple} spread across the pond.
# Stage 10: arts, music and literature (specialist)
allegorical	allegorik, timsoliy	adj	/ˌæləˈɡɒrɪkl/	The painting is full of {allegorical} figures.
anthropomorphism	odamga o'xshatish	n	/ˌænθrəpəˈmɔːfɪzəm/	Talking animals in fables are an example of {anthropomorphism}.
apotheosis	cho'qqi, mukammal namuna	n	/əˌpɒθiˈəʊsɪs/	The Registan is the {apotheosis} of Timurid architecture.
aria	ariya	n	/ˈɑːriə/	The soprano sang a beautiful {aria}.
assonance	assonans (unli ohangdoshlik)	n	/ˈæsənəns/	The poet uses {assonance} to create music in the lines.
auteur	muallif-rejissyor	n	/əʊˈtɜː/	He is a true {auteur} with a personal style.
bildungsroman	tarbiya romani	n	/ˈbɪldʊŋzrəʊmɑːn/	"Great Expectations" is a classic {bildungsroman}.
burlesque	burlesk, hajviy taqlid	n	/bɜːˈlesk/	The show is a {burlesque} of old Hollywood films.
cadence	ohang, ritm	n	/ˈkeɪdns/	She speaks with a gentle {cadence}.
chiaroscuro	yorug'lik-soya san'ati	n	/kiˌɑːrəˈskʊərəʊ/	Rembrandt was a master of {chiaroscuro}.
coda	koda, yakun	n	/ˈkəʊdə/	The symphony ends with a quiet {coda}.
couplet	bayt, qo'shsatr	n	/ˈkʌplət/	The poem ends with a rhyming {couplet}.
crescendo	kreshendo, avj	n	/krəˈʃendəʊ/	The music built to a {crescendo}.
deus ex machina	kutilmagan najot (syujetda)	phrase	/ˌdeɪəs eks ˈmækɪnə/	The rescue at the end is a lazy {deus ex machina}.
diction	nutq uslubi; talaffuz	n	/ˈdɪkʃn/	Actors must have clear {diction}.
dirge	marsiya kuyi	n	/dɜːdʒ/	The band played a slow {dirge} at the funeral.
doggerel	sifatsiz she'r	n	/ˈdɒɡərəl/	His poems are little more than {doggerel}.
elegiac	g'amgin, marsiyavor	adj	/ˌelɪˈdʒaɪək/	The film has an {elegiac} tone.
epistolary	maktublar shaklidagi	adj	/ɪˈpɪstələri/	"Dracula" is an {epistolary} novel.
euphony	yoqimli ohang	n	/ˈjuːfəni/	The poet chose words for their {euphony}.
fresco	freska	n	/ˈfreskəʊ/	The chapel ceiling is covered with a famous {fresco}.
frieze	friz, bezak tasmasi	n	/friːz/	A carved {frieze} runs around the building.
hagiography	avliyolar hayoti; maqtovnoma	n	/ˌhæɡiˈɒɡrəfi/	The biography is more {hagiography} than history.
in medias res	voqea o'rtasidan	phrase	/ɪn ˌmiːdiæs ˈreɪz/	The novel begins {in medias res}.
interlude	oraliq, tanaffus	n	/ˈɪntəluːd/	There was a short musical {interlude}.
leitmotif	leytmotiv	n	/ˈlaɪtməʊtiːf/	Loss is a {leitmotif} in all her novels.
libretto	libretto	n	/lɪˈbretəʊ/	He wrote the {libretto} for the opera.
lyricism	lirizm	n	/ˈlɪrɪsɪzəm/	His playing is full of {lyricism}.
mannerism	o'ziga xos odat; manyerizm	n	/ˈmænərɪzəm/	The actor copied every {mannerism} of the president.
metre	vazn (she'rda)	n	/ˈmiːtə/	Classical Uzbek poetry uses the aruz {metre}.
nocturne	noktyurn	n	/ˈnɒktɜːn/	She played a Chopin {nocturne}.
opus	opus, asar	n	/ˈəʊpəs/	This symphony is his latest {opus}.
oratorio	oratoriya	n	/ˌɒrəˈtɔːriəʊ/	The choir performed Handel's {oratorio}.
ornamentation	bezak	n	/ˌɔːnəmenˈteɪʃn/	The mosque is famous for its rich {ornamentation}.
pentameter	pentametr	n	/penˈtæmɪtə/	Shakespeare wrote in iambic {pentameter}.
picaresque	pikaresk (sarguzasht)	adj	/ˌpɪkəˈresk/	It is a {picaresque} novel about a wandering thief.
polyphony	polifoniya	n	/pəˈlɪfəni/	The choir sang medieval {polyphony}.
prelude	prelyudiya, muqaddima	n	/ˈpreljuːd/	The talks were a {prelude} to the peace treaty.
prologue	prolog	n	/ˈprəʊlɒɡ/	The play opens with a short {prologue}.
pseudonym	taxallus	n	/ˈsjuːdənɪm/	Navoi wrote in Persian under the {pseudonym} Fani.
quatrain	to'rtlik, ruboiy	n	/ˈkwɒtreɪn/	Each {quatrain} by Omar Khayyam is a small masterpiece.
requiem	rekviyem	n	/ˈrekwiəm/	The orchestra played Mozart's {requiem}.
rhapsody	rapsodiya; zavq	n	/ˈræpsədi/	He went into a {rhapsody} about her cooking.
rococo	rokoko	adj	/rəˈkəʊkəʊ/	The palace has a {rococo} interior.
satirist	satirik yozuvchi	n	/ˈsætərɪst/	Swift was a brilliant {satirist}.
sonata	sonata	n	/səˈnɑːtə/	She played a Beethoven {sonata}.
stream of consciousness	ong oqimi	phrase	/ˌstriːm əv ˈkɒnʃəsnəs/	Joyce wrote in a {stream of consciousness} style.
sublime	yuksak, ilohiy go'zal	adj	/səˈblaɪm/	The view from the mountain was {sublime}.
symphonic	simfonik	adj	/sɪmˈfɒnɪk/	He composed {symphonic} music.
tableau	jonli manzara	n	/ˈtæbləʊ/	The actors froze in a dramatic {tableau}.
tempo	temp, sur'at	n	/ˈtempəʊ/	The song has a fast {tempo}.
timbre	tembr	n	/ˈtæmbə/	The singer's voice has a warm {timbre}.
trope	trop, ko'p ishlatiladigan motiv	n	/trəʊp/	The lonely hero is a common {trope} in westerns.
understudy	zaxira aktyor	n	/ˈʌndəstʌdi/	The {understudy} replaced the sick actor.
canonical	kanonik, mumtoz	adj	/kəˈnɒnɪkl/	Navoi's works are {canonical} in Uzbek literature.
diptych	diptix	n	/ˈdɪptɪk/	The museum displays a medieval {diptych}.
triptych	triptix	n	/ˈtrɪptɪk/	The painting is a {triptych} in three panels.
etching	gravyura (kislota bilan)	n	/ˈetʃɪŋ/	The gallery has an {etching} by Rembrandt.
lithograph	litografiya	n	/ˈlɪθəɡrɑːf/	The poster is a signed {lithograph}.
patina	patina, vaqt qoplami	n	/ˈpætɪnə/	The old bronze has a green {patina}.
pigment	pigment, bo'yoq	n	/ˈpɪɡmənt/	The artists made {pigment} from crushed stones.
portraiture	portret san'ati	n	/ˈpɔːtrətʃə/	She specialises in {portraiture}.
silhouette	siluet	n	/ˌsɪluˈet/	We saw the {silhouette} of a man against the window.
stucco	shtukaturka (bezakli)	n	/ˈstʌkəʊ/	The ceiling is decorated with white {stucco}.
woodcut	yog'och o'ymakorligi (bosma)	n	/ˈwʊdkʌt/	The book is illustrated with a {woodcut} on every page.
calligraphic	xattotlikka oid	adj	/ˌkælɪˈɡræfɪk/	The walls bear {calligraphic} inscriptions.
arabesque	arabeska naqsh	n	/ˌærəˈbesk/	The tiles are covered with a blue {arabesque}.
filigree	filigran, nozik naqsh	n	/ˈfɪlɪɡriː/	She wore silver {filigree} earrings.
gilt	zarhal	adj	/ɡɪlt/	The book has a {gilt} cover.
inlay	inkrustatsiya	n	/ˈɪnleɪ/	The box has a mother-of-pearl {inlay}.
lacquer	lok	n	/ˈlækə/	The table has a black {lacquer} finish.
curio	nodir buyum	n	/ˈkjʊəriəʊ/	The shop sells every kind of {curio}.
bric-a-brac	mayda-chuyda buyumlar	n	/ˈbrɪk ə bræk/	The shelves were full of {bric-a-brac}.
memorabilia	esdalik buyumlar	n	/ˌmemərəˈbɪliə/	He collects football {memorabilia}.
antiquarian	antikvar	adj	/ˌæntɪˈkweəriən/	He runs an {antiquarian} bookshop.
aficionado	ishqiboz, bilimdon	n	/əˌfɪʃiəˈnɑːdəʊ/	He is a jazz {aficionado}.
cognoscenti	bilimdonlar	n	/ˌkɒnjəˈʃenti/	The {cognoscenti} praised the new opera.
literati	adabiyotchilar, ziyolilar	n	/ˌlɪtəˈrɑːti/	The novel was admired by the {literati}.
luminary	yorqin shaxs	n	/ˈluːmɪnəri/	The conference attracted every {luminary} of the field.
raconteur	mohir hikoyachi	n	/ˌrækɒnˈtɜː/	He is a witty {raconteur}.
folio	foliant, varaq	n	/ˈfəʊliəʊ/	The library holds a rare {folio} of Shakespeare.
palimpsest	palimpsest (qayta yozilgan qo'lyozma)	n	/ˈpælɪmpsest/	The old city is a {palimpsest} of different eras.
parchment	pergament	n	/ˈpɑːtʃmənt/	The letter was written on {parchment}.
papyrus	papirus	n	/pəˈpaɪrəs/	The Egyptians wrote on {papyrus}.
quill	qalam (pat)	n	/kwɪl/	He wrote the letter with a {quill}.
scribe	kotib, xattot	n	/skraɪb/	A {scribe} copied the book by hand.
scroll	o'ram (qog'oz)	n	/skrəʊl/	The ancient {scroll} was found in a cave.
codex	kodeks, qo'lyozma kitob	n	/ˈkəʊdeks/	The museum has a medieval {codex}.
tome	katta, og'ir kitob	n	/təʊm/	He wrote a thousand-page {tome} on history.
lexicography	leksikografiya	n	/ˌleksɪˈkɒɡrəfi/	She works in {lexicography} at a dictionary publisher.
lexicographer	lug'atshunos	n	/ˌleksɪˈkɒɡrəfə/	Samuel Johnson was a famous {lexicographer}.
etymology	etimologiya	n	/ˌetɪˈmɒlədʒi/	The {etymology} of the word is Persian.
philology	filologiya	n	/fɪˈlɒlədʒi/	He studied {philology} at Samarkand University.
prosody	prozodiya, vazn ilmi	n	/ˈprɒsədi/	The course covers the {prosody} of classical poetry.
semiotics	semiotika	n	/ˌsemiˈɒtɪks/	{Semiotics} is the study of signs.
virtuosic	virtuozona	adj	/ˌvɜːtʃuˈəʊsɪk/	She gave a {virtuosic} performance.
cadenza	kadensiya	n	/kəˈdenzə/	The violinist played a brilliant {cadenza}.
epigraph	epigraf	n	/ˈepɪɡrɑːf/	The novel opens with an {epigraph} from Rumi.
ballad	ballada	n	/ˈbæləd/	She sang an old folk {ballad}.
maqom	maqom (mumtoz musiqa)	n	/mɑːˈkɒm/	Shashmaqom is the classical {maqom} tradition of Bukhara.
# Stage 11: morality, virtue and deception
abhor	nafratlanmoq	v	/əbˈhɔː/	I {abhor} violence of any kind.
abhorrent	jirkanch	adj	/əbˈhɒrənt/	Racism is {abhorrent} to me.
abomination	jirkanch narsa	n	/əˌbɒmɪˈneɪʃn/	The new building is an {abomination}.
amoral	axloqdan tashqari	adj	/ˌeɪˈmɒrəl/	The film's hero is completely {amoral}.
atone	gunohini yuvmoq	v	/əˈtəʊn/	He wanted to {atone} for his crimes.
atonement	gunohni yuvish, kafforat	n	/əˈtəʊnmənt/	He did charity work as {atonement}.
blasphemy	kufr	n	/ˈblæsfəmi/	He was accused of {blasphemy}.
calumny	bo'hton	n	/ˈkæləmni/	The article was pure {calumny}.
castigate	qattiq tanqid qilmoq	v	/ˈkæstɪɡeɪt/	The report went on to {castigate} the police for their failures.
censure	rasmiy tanbeh	n	/ˈsenʃə/	The minister faced {censure} from parliament.
chastise	jazolamoq, koyimoq	v	/tʃæˈstaɪz/	The teacher had to {chastise} the boys for fighting.
chastened	saboq olgan, bosilgan	adj	/ˈtʃeɪsnd/	He looked {chastened} after the defeat.
contrition	chin pushaymonlik	n	/kənˈtrɪʃn/	He showed no {contrition} for his crime.
culpability	aybdorlik	n	/ˌkʌlpəˈbɪləti/	The company denied any {culpability}.
debauchery	aysh-ishrat, buzuqlik	n	/dɪˈbɔːtʃəri/	He wasted his fortune on {debauchery}.
decadence	tanazzul, axloqiy buzilish	n	/ˈdekədəns/	The novel describes the {decadence} of the rich.
decadent	tanazzulga yuz tutgan	adj	/ˈdekədənt/	They lived a {decadent} life of parties.
decorum	odob, xushmuomalalik	n	/dɪˈkɔːrəm/	The ceremony was conducted with {decorum}.
degenerate	buzuq, tanazzulga uchragan	adj	/dɪˈdʒenərət/	Critics called the film {degenerate}.
depravity	axloqiy buzuqlik	n	/dɪˈprævəti/	The crime shocked people with its {depravity}.
depraved	axloqan buzuq	adj	/dɪˈpreɪvd/	It was the act of a {depraved} mind.
dishonour	sharmandalik	n	/dɪsˈɒnə/	He brought {dishonour} on his family.
egregious	o'ta yomon, sharmandali	adj	/ɪˈɡriːdʒiəs/	It was an {egregious} error.
errant	adashgan, noto'g'ri yo'lga kirgan	adj	/ˈerənt/	The {errant} husband returned home.
heinous	dahshatli (jinoyat)	adj	/ˈheɪnəs/	It was a {heinous} crime.
hypocrite	ikkiyuzlamachi	n	/ˈhɪpəkrɪt/	He's a {hypocrite} who preaches honesty but lies.
ignominy	sharmandalik	n	/ˈɪɡnəmɪni/	He suffered the {ignominy} of defeat.
ignominious	sharmandali	adj	/ˌɪɡnəˈmɪniəs/	The team suffered an {ignominious} defeat.
immoral	axloqsiz	adj	/ɪˈmɒrəl/	Lying to customers is {immoral}.
impropriety	nomaqbul xatti-harakat	n	/ˌɪmprəˈpraɪəti/	There was no financial {impropriety}.
infamy	sharmandali shuhrat	n	/ˈɪnfəmi/	The date will live in {infamy}.
infamous	yomon nom chiqargan	adj	/ˈɪnfəməs/	He was an {infamous} criminal.
iniquity	adolatsizlik, gunoh	n	/ɪˈnɪkwəti/	The prophet preached against {iniquity}.
licentious	axloqsiz, shahvatparast	adj	/laɪˈsenʃəs/	The poet was famous for his {licentious} life.
malfeasance	mansabdorlik jinoyati	n	/mælˈfiːzns/	The mayor was charged with {malfeasance}.
misdeed	yomon ish	n	/ˌmɪsˈdiːd/	He confessed every {misdeed}.
nefarious	jinoiy, yovuz	adj	/nɪˈfeəriəs/	The gang was involved in {nefarious} activities.
opprobrium	qattiq qoralash	n	/əˈprəʊbriəm/	The decision attracted international {opprobrium}.
penance	tavba, kafforat	n	/ˈpenəns/	He did {penance} for his sins.
penitent	tavba qilgan	adj	/ˈpenɪtənt/	The {penitent} thief asked for forgiveness.
perfidy	xiyonat	n	/ˈpɜːfədi/	The general's {perfidy} cost them the war.
pernicious	halokatli, zararli	adj	/pəˈnɪʃəs/	Gossip has a {pernicious} effect on the team.
piety	taqvodorlik	n	/ˈpaɪəti/	The old man was known for his {piety}.
pious	taqvodor	adj	/ˈpaɪəs/	She is a {pious} woman who prays every day.
profane	dunyoviy; kufr aralash	adj	/prəˈfeɪn/	He used {profane} language.
profanity	so'kinish	n	/prəˈfænəti/	The film was full of {profanity}.
reprehensible	qoralanishga loyiq	adj	/ˌreprɪˈhensəbl/	His behaviour was {reprehensible}.
reprobate	buzuq odam	n	/ˈreprəbeɪt/	Her uncle was a drunken {reprobate}.
repent	tavba qilmoq	v	/rɪˈpent/	He will {repent} his mistake one day.
repentance	tavba	n	/rɪˈpentəns/	He showed no {repentance}.
righteous	solih, haqli	adj	/ˈraɪtʃəs/	She was full of {righteous} anger.
righteousness	solihlik	n	/ˈraɪtʃəsnəs/	He spoke with great {righteousness}.
sacrilege	muqaddasni tahqirlash	n	/ˈsækrəlɪdʒ/	Painting over the fresco would be {sacrilege}.
scandalous	sharmandali	adj	/ˈskændələs/	It is {scandalous} that children go hungry.
scruples	vijdon (to'sig'i)	n	/ˈskruːplz/	He has no {scruples} about lying.
sinful	gunohkor	adj	/ˈsɪnfl/	Wasting food is {sinful}.
sordid	iflos, pastkash	adj	/ˈsɔːdɪd/	The story revealed a {sordid} world of crime.
transgress	chegaradan chiqmoq, buzmoq	v	/trænzˈɡres/	Those who {transgress} the rules will be punished.
transgression	qoidabuzarlik, gunoh	n	/trænzˈɡreʃn/	He was forgiven for his {transgression}.
unconscionable	vijdonsiz, aql bovar qilmas	adj	/ʌnˈkɒnʃənəbl/	The delay was {unconscionable}.
unprincipled	prinsipsiz	adj	/ʌnˈprɪnsəpld/	He is an {unprincipled} politician.
upright	halol, to'g'ri	adj	/ˈʌpraɪt/	He was an {upright} citizen.
vice	illat, yomon odat	n	/vaɪs/	Greed is his worst {vice}.
villainy	yovuzlik	n	/ˈvɪləni/	The novel is a tale of {villainy} and revenge.
virtue	fazilat	n	/ˈvɜːtʃuː/	Patience is a {virtue}.
virtuous	fazilatli	adj	/ˈvɜːtʃuəs/	She lived a {virtuous} life.
wicked	yovuz	adj	/ˈwɪkɪd/	The {wicked} witch cast a spell.
wickedness	yovuzlik	n	/ˈwɪkɪdnəs/	The story shows the {wickedness} of greed.
wrongdoer	gunohkor, huquqbuzar	n	/ˈrɒŋduːə/	Every {wrongdoer} will be punished.
blameless	aybsiz	adj	/ˈbleɪmləs/	She was {blameless} in the matter.
beyond reproach	benuqson	phrase	/bɪˌjɒnd rɪˈprəʊtʃ/	Her conduct was {beyond reproach}.
chivalry	ritsarlik, olijanoblik	n	/ˈʃɪvəlri/	Is {chivalry} dead?
chivalrous	olijanob	adj	/ˈʃɪvlrəs/	He was {chivalrous} towards women.
conscientious objector	vijdoni tufayli harbiy xizmatdan bosh tortuvchi	phrase	/ˌkɒnʃienʃəs əbˈdʒektə/	He refused to fight as a {conscientious objector}.
deceitful	aldamchi	adj	/dɪˈsiːtfl/	He was {deceitful} and could not be trusted.
deceit	aldov	n	/dɪˈsiːt/	Their marriage was built on {deceit}.
dupe	aldamoq	v	/djuːp/	They tried to {dupe} tourists into buying fake carpets.
hoodwink	laqillatmoq	v	/ˈhʊdwɪŋk/	Don't let them {hoodwink} you.
beguile	maftun qilib aldamoq	v	/bɪˈɡaɪl/	She used her charm to {beguile} him.
bamboozle	chalg'itib aldamoq	v	/bæmˈbuːzl/	The salesman tried to {bamboozle} us with numbers.
charade	ko'zbo'yamachilik	n	/ʃəˈrɑːd/	The election was a {charade}.
con	aldamoq	v	/kɒn/	They tried to {con} old people out of their savings.
double-cross	xiyonat qilmoq	v	/ˌdʌbl ˈkrɒs/	He decided to {double-cross} his partners.
feint	aldamchi harakat	n	/feɪnt/	The boxer made a {feint} to the left.
gullibility	laqmalik	n	/ˌɡʌləˈbɪləti/	Scammers rely on people's {gullibility}.
hoax	yolg'on xabar, aldov	n	/həʊks/	The bomb threat was a {hoax}.
humbug	yolg'on, bema'nilik	n	/ˈhʌmbʌɡ/	He dismissed the idea as {humbug}.
impostor	o'zini boshqa odam deb tanishtiruvchi	n	/ɪmˈpɒstə/	The "doctor" was an {impostor}.
malign	yomonlamoq	v	/məˈlaɪn/	The newspapers continue to {malign} her.
ruse	hiyla	n	/ruːz/	The phone call was a {ruse} to get him out of the house.
sham	soxta	adj	/ʃæm/	It was a {sham} marriage.
skulduggery	firibgarlik	n	/skʌlˈdʌɡəri/	The election was full of {skulduggery}.
sleight of hand	qo'l chaqqonligi	phrase	/ˌslaɪt əv ˈhænd/	The trick depends on {sleight of hand}.
trickery	makr-hiyla	n	/ˈtrɪkəri/	He won the game by {trickery}.
wiles	hiylalar, nayranglar	n	/waɪlz/	She used all her {wiles} to get the job.
disinformation	dezinformatsiya	n	/ˌdɪsɪnfəˈmeɪʃn/	The government spread {disinformation} about the war.
fabrication	uydirma	n	/ˌfæbrɪˈkeɪʃn/	His story was a complete {fabrication}.
falsehood	yolg'on	n	/ˈfɔːlshʊd/	The report contained more than one {falsehood}.
white lie	begunoh yolg'on	phrase	/ˌwaɪt ˈlaɪ/	I told a {white lie} to protect her feelings.
half-truth	chala haqiqat	n	/ˈhɑːf truːθ/	The advert told a {half-truth} about the product.
# Stage 12: formal verbs (A–E)
abjure	voz kechmoq (qasam bilan)	v	/əbˈdʒʊə/	He was forced to {abjure} his beliefs.
abscond	qochib ketmoq (pul bilan)	v	/əbˈskɒnd/	The treasurer tried to {abscond} with the funds.
accost	yo'lini to'sib gapirmoq	v	/əˈkɒst/	A stranger tried to {accost} her in the street.
adulterate	aralashtirib buzmoq	v	/əˈdʌltəreɪt/	Some sellers {adulterate} honey with sugar.
aggrandise	ulug'lamoq, kuchaytirmoq	v	/əˈɡrændaɪz/	He used the job to {aggrandise} himself.
ameliorate	yaxshilamoq	v	/əˈmiːliəreɪt/	The new law aims to {ameliorate} working conditions.
anoint	moy surtib muqaddaslamoq; tayinlamoq	v	/əˈnɔɪnt/	The party is expected to {anoint} her as its leader.
append	ilova qilmoq	v	/əˈpend/	Please {append} your CV to the email.
apprise	xabardor qilmoq	v	/əˈpraɪz/	I will {apprise} you of any changes.
arrogate	o'zlashtirib olmoq (huquqni)	v	/ˈærəɡeɪt/	The general tried to {arrogate} power to himself.
assuage	yengillashtirmoq, bosmoq	v	/əˈsweɪdʒ/	Nothing could {assuage} her grief.
augur	darak bermoq	v	/ˈɔːɡə/	The early results {augur} well for the party.
avail	foydalanmoq	v	/əˈveɪl/	Students should {avail} themselves of the library.
avow	ochiq e'lon qilmoq	v	/əˈvaʊ/	He continued to {avow} his innocence.
badger	jonga tegmoq	v	/ˈbædʒə/	The children {badger} their parents for sweets.
balk	ikkilanib to'xtamoq	v	/bɔːk/	Many buyers {balk} at the high price.
beget	tug'dirmoq	v	/bɪˈɡet/	Violence can only {beget} more violence.
belie	aldamchi taassurot bermoq	v	/bɪˈlaɪ/	His calm face seemed to {belie} his fear.
besmirch	obro'sini to'kmoq	v	/bɪˈsmɜːtʃ/	They tried to {besmirch} her good name.
bestow	in'om etmoq	v	/bɪˈstəʊ/	The king will {bestow} a title on the hero.
bewail	faryod qilmoq	v	/bɪˈweɪl/	Critics {bewail} the decline of reading.
bifurcate	ikkiga bo'linmoq	v	/ˈbaɪfəkeɪt/	The road will {bifurcate} after the bridge.
burnish	sayqallamoq	v	/ˈbɜːnɪʃ/	The company is trying to {burnish} its image.
cavil	arzimas narsaga e'tiroz bildirmoq	v	/ˈkævl/	I don't want to {cavil}, but there is a small error.
chafe	ishqalamoq; toqatsizlanmoq	v	/tʃeɪf/	Young people {chafe} against strict rules.
circumscribe	cheklamoq	v	/ˈsɜːkəmskraɪb/	The new law will {circumscribe} the power of the police.
cleave	yormoq, ikkiga bo'lmoq	v	/kliːv/	The axe can {cleave} a log in two.
coalesce	birlashmoq	v	/ˌkəʊəˈles/	Small groups began to {coalesce} into a movement.
collate	to'plab tartibga solmoq	v	/kəˈleɪt/	We need to {collate} the data from all schools.
commandeer	egallab olmoq (majburan)	v	/ˌkɒmənˈdɪə/	Soldiers tried to {commandeer} the buses.
commiserate	hamdardlik bildirmoq	v	/kəˈmɪzəreɪt/	I {commiserate} with you on your loss.
conflate	aralashtirib yubormoq	v	/kənˈfleɪt/	Don't {conflate} religion with culture.
consecrate	muqaddas deb e'lon qilmoq	v	/ˈkɒnsɪkreɪt/	The bishop will {consecrate} the new church.
construe	talqin qilmoq	v	/kənˈstruː/	You could {construe} his silence as agreement.
contrive	uddalamoq, o'ylab topmoq	v	/kənˈtraɪv/	She managed to {contrive} a meeting with the director.
countenance	yo'l qo'ymoq, ma'qullamoq	v	/ˈkaʊntənəns/	The school will not {countenance} bullying.
cull	tanlab olmoq; qirmoq	v	/kʌl/	Farmers {cull} sick animals.
debilitate	holdan toydirmoq	v	/dɪˈbɪlɪteɪt/	The disease can {debilitate} its victims for months.
decry	qoralamoq	v	/dɪˈkraɪ/	Many {decry} the loss of old traditions.
deface	buzmoq, xunuk qilmoq	v	/dɪˈfeɪs/	Vandals tried to {deface} the statue.
defile	bulg'amoq, harom qilmoq	v	/dɪˈfaɪl/	Soldiers were accused of trying to {defile} the temple.
deign	o'zini pastga olib ...qilmoq	v	/deɪn/	He did not {deign} to reply.
delude	aldamoq (o'zini)	v	/dɪˈluːd/	Don't {delude} yourself — she isn't coming back.
demur	e'tiroz bildirmoq	v	/dɪˈmɜː/	She tended to {demur} at the suggestion.
denigrate	kamsitmoq	v	/ˈdenɪɡreɪt/	Don't {denigrate} his efforts.
deprecate	norozilik bildirmoq	v	/ˈdeprəkeɪt/	We {deprecate} the use of violence.
desecrate	muqaddasni tahqirlamoq	v	/ˈdesɪkreɪt/	Vandals tried to {desecrate} the cemetery.
disabuse	xatosini tushuntirmoq	v	/ˌdɪsəˈbjuːz/	Let me {disabuse} you of that idea.
discomfit	noqulay ahvolga solmoq	v	/dɪsˈkʌmfɪt/	The question seemed to {discomfit} the minister.
disconcert	sarosimaga solmoq	v	/ˌdɪskənˈsɜːt/	His stare began to {disconcert} her.
divest	mahrum qilmoq; sotib yubormoq	v	/daɪˈvest/	The company decided to {divest} its oil business.
dovetail	mos kelmoq	v	/ˈdʌvteɪl/	Our plans {dovetail} nicely.
elide	tushirib qoldirmoq	v	/ɪˈlaɪd/	The report tends to {elide} awkward facts.
embolden	jasoratlantirmoq	v	/ɪmˈbəʊldən/	The victory will {embolden} the rebels.
endow	ato etmoq; mablag' ajratmoq	v	/ɪnˈdaʊ/	She decided to {endow} a scholarship for poor students.
engross	o'ziga butunlay jalb etmoq	v	/ɪnˈɡrəʊs/	The book will {engross} you from the first page.
enjoin	buyurmoq	v	/ɪnˈdʒɔɪn/	The rules {enjoin} members to keep secrets.
ensconce	qulay o'rnashmoq	v	/ɪnˈskɒns/	The cat likes to {ensconce} itself by the fire.
enthuse	zavq bilan gapirmoq	v	/ɪnˈθjuːz/	She began to {enthuse} about her new job.
entreat	yolvormoq	v	/ɪnˈtriːt/	I {entreat} you to listen.
eschew	chetlab o'tmoq	v	/ɪsˈtʃuː/	The poet tried to {eschew} fancy words.
evince	namoyon qilmoq	v	/ɪˈvɪns/	He did not {evince} any interest.
exalt	ulug'lamoq	v	/ɪɡˈzɔːlt/	The poem seeks to {exalt} the beauty of nature.
excoriate	qattiq tanqid qilmoq	v	/eksˈkɔːrieɪt/	The critics went on to {excoriate} the film.
exculpate	aybsizligini isbotlamoq	v	/ˈekskʌlpeɪt/	The evidence will {exculpate} him.
exhume	qabrdan chiqarmoq	v	/eksˈhjuːm/	Police decided to {exhume} the body.
expunge	o'chirib tashlamoq	v	/ɪkˈspʌndʒ/	The court ordered them to {expunge} his record.
extricate	chiqarib olmoq (qiyin ahvoldan)	v	/ˈekstrɪkeɪt/	He managed to {extricate} himself from the deal.
fathom	tushunib yetmoq	v	/ˈfæðəm/	I can't {fathom} why she left.
festoon	bezamoq (girlyandalar bilan)	v	/feˈstuːn/	They {festoon} the streets with flags for the holiday.
flout	ochiqchasiga buzmoq	v	/flaʊt/	Some drivers {flout} the speed limit.
foist	tiqishtirmoq	v	/fɔɪst/	Don't {foist} your problems on me.
forswear	voz kechmoq (qasam bilan)	v	/fɔːˈsweə/	He had to {forswear} alcohol.
gesticulate	imo-ishora qilmoq	v	/dʒeˈstɪkjuleɪt/	Italians often {gesticulate} when they talk.
glorify	sharaflamoq	v	/ˈɡlɔːrɪfaɪ/	The film seems to {glorify} violence.
goad	gij-gijlamoq	v	/ɡəʊd/	They tried to {goad} him into a fight.
grovel	oyog'iga yiqilmoq	v	/ˈɡrɒvl/	He refused to {grovel} to his boss.
imbibe	ichmoq; singdirmoq	v	/ɪmˈbaɪb/	Children {imbibe} the values of their parents.
imbue	singdirmoq, to'ldirmoq	v	/ɪmˈbjuː/	Great teachers {imbue} students with curiosity.
immerse	cho'mdirmoq	v	/ɪˈmɜːs/	The best way to learn is to {immerse} yourself in the language.
impel	undamoq	v	/ɪmˈpel/	Hunger may {impel} animals to attack.
impinge	ta'sir qilmoq, tajovuz qilmoq	v	/ɪmˈpɪndʒ/	The rules {impinge} on our freedom.
implicate	aralashtirmoq (jinoyatga)	v	/ˈɪmplɪkeɪt/	The evidence seems to {implicate} the minister.
importune	qayta-qayta so'rab jonga tegmoq	v	/ˌɪmpɔːˈtjuːn/	Beggars {importune} tourists outside the hotel.
inculcate	singdirmoq	v	/ˈɪnkʌlkeɪt/	Parents try to {inculcate} good habits.
indict	ayblamoq (rasmiy)	v	/ɪnˈdaɪt/	The grand jury decided to {indict} him for fraud.
infuse	singdirmoq; damlamoq	v	/ɪnˈfjuːz/	The new coach will {infuse} the team with energy.
ingratiate	xushomad bilan yoqmoq	v	/ɪnˈɡreɪʃieɪt/	He tried to {ingratiate} himself with the boss.
inter	dafn etmoq	v	/ɪnˈtɜː/	They will {inter} his ashes in the family grave.
interpolate	qo'shib qo'ymoq (matnga)	v	/ɪnˈtɜːpəleɪt/	A later scribe tried to {interpolate} extra lines.
inundate	bosib ketmoq (suv, xat)	v	/ˈɪnʌndeɪt/	Complaints began to {inundate} the office.
inure	ko'niktirmoq	v	/ɪˈnjʊə/	Years of war {inure} people to violence.
inveigle	aldab ko'ndirmoq	v	/ɪnˈveɪɡl/	She tried to {inveigle} him into lending her money.
jettison	tashlab yubormoq	v	/ˈdʒetɪsn/	The party decided to {jettison} its old policies.
laud	maqtamoq	v	/lɔːd/	Critics {laud} the film as a masterpiece.
lionise	qahramon qilib ko'rsatmoq	v	/ˈlaɪənaɪz/	The media love to {lionise} young stars.
loiter	sanqib yurmoq	v	/ˈlɔɪtə/	Teenagers {loiter} outside the shop at night.
militate	qarshi ta'sir qilmoq	v	/ˈmɪlɪteɪt/	Several factors {militate} against success.
misappropriate	o'zlashtirmoq (pulni)	v	/ˌmɪsəˈprəʊprieɪt/	The official was found to {misappropriate} public funds.
mortify	xijolatga solmoq	v	/ˈmɔːtɪfaɪ/	Her parents' dancing would {mortify} her.
# Stage 13: formal verbs (O–W)
obliterate	yer bilan yakson qilmoq	v	/əˈblɪtəreɪt/	The bomb could {obliterate} the whole village.
obviate	bartaraf etmoq (zaruratni)	v	/ˈɒbvieɪt/	The new road will {obviate} the need for a ferry.
parry	qaytarmoq (zarbani, savolni)	v	/ˈpæri/	She managed to {parry} every difficult question.
pare	kesib kamaytirmoq	v	/peə/	The company had to {pare} its costs.
peruse	sinchiklab o'qimoq	v	/pəˈruːz/	He sat down to {peruse} the menu.
plagiarise	ko'chirib olmoq (asarni)	v	/ˈpleɪdʒəraɪz/	The student was caught trying to {plagiarise} an essay.
ply	taklif qilib turmoq; qatnamoq	v	/plaɪ/	Our hosts continued to {ply} us with food.
preempt	oldini olmoq	v	/priˈempt/	The company acted to {preempt} criticism.
presage	oldindan darak bermoq	v	/ˈpresɪdʒ/	The dark clouds seemed to {presage} a storm.
proffer	taklif qilmoq	v	/ˈprɒfə/	He decided to {proffer} his resignation.
prognosticate	bashorat qilmoq	v	/prɒɡˈnɒstɪkeɪt/	Experts {prognosticate} a difficult year.
propagate	tarqatmoq; ko'paytirmoq	v	/ˈprɒpəɡeɪt/	The group uses the internet to {propagate} its ideas.
proscribe	taqiqlamoq	v	/prəʊˈskraɪb/	The law will {proscribe} the sale of weapons.
prostrate	sajdaga yiqilmoq	v	/prɒˈstreɪt/	The pilgrims {prostrate} themselves before the shrine.
protract	cho'zmoq	v	/prəˈtrækt/	Lawyers tried to {protract} the trial.
purloin	o'g'irlamoq	v	/pɜːˈlɔɪn/	Someone managed to {purloin} the documents.
quash	bekor qilmoq; bostirmoq	v	/kwɒʃ/	The court decided to {quash} the conviction.
quibble	arzimas narsa ustida tortishmoq	v	/ˈkwɪbl/	Let's not {quibble} about a few dollars.
rankle	alam qilmoq	v	/ˈræŋkl/	The defeat continues to {rankle}.
raze	yer bilan yakson qilmoq	v	/reɪz/	The army decided to {raze} the city.
rebut	rad etmoq (dalil bilan)	v	/rɪˈbʌt/	The lawyer was able to {rebut} every accusation.
reciprocate	javob tariqasida qilmoq	v	/rɪˈsɪprəkeɪt/	I helped him, but he didn't {reciprocate}.
recoil	cho'chib orqaga tortilmoq	v	/rɪˈkɔɪl/	She began to {recoil} in horror.
redeem	qutqarmoq, oqlamoq; to'lab qaytarmoq	v	/rɪˈdiːm/	He scored twice to {redeem} himself.
redress	tuzatmoq, tovon bermoq	v	/rɪˈdres/	The law will {redress} the injustice.
refurbish	qayta ta'mirlamoq	v	/ˌriːˈfɜːbɪʃ/	They plan to {refurbish} the old theatre.
regale	ko'ngil ochmoq (hikoya bilan)	v	/rɪˈɡeɪl/	Grandpa likes to {regale} us with war stories.
reinstate	tiklamoq (lavozimga)	v	/ˌriːɪnˈsteɪt/	The court ordered the company to {reinstate} him.
reminisce	eslab gaplashmoq	v	/ˌremɪˈnɪs/	Old friends like to {reminisce} about school days.
renege	va'dasidan qaytmoq	v	/rɪˈneɪɡ/	The government decided to {renege} on its promise.
repatriate	vataniga qaytarmoq	v	/riːˈpætrieɪt/	The country will {repatriate} its citizens.
reprieve	jazodan ozod qilmoq (vaqtincha)	v	/rɪˈpriːv/	The governor decided to {reprieve} the prisoner.
requisition	majburiy olib qo'ymoq	v	/ˌrekwɪˈzɪʃn/	The army will {requisition} private cars.
reverberate	aks-sado bermoq	v	/rɪˈvɜːbəreɪt/	The sound seemed to {reverberate} through the hall.
rue	afsuslanmoq	v	/ruː/	You'll {rue} the day you met him.
ruminate	chuqur o'ylamoq	v	/ˈruːmɪneɪt/	He sat by the window to {ruminate} on his future.
satiate	to'ydirmoq	v	/ˈseɪʃieɪt/	Nothing could {satiate} his hunger for power.
scoff	masxara qilmoq	v	/skɒf/	Critics {scoff} at his ideas.
scupper	barbod qilmoq	v	/ˈskʌpə/	The strike could {scupper} the deal.
secede	ajralib chiqmoq	v	/sɪˈsiːd/	The region voted to {secede} from the country.
shirk	bo'yin tovlamoq	v	/ʃɜːk/	Don't {shirk} your responsibilities.
skulk	yashirinib yurmoq	v	/skʌlk/	A fox began to {skulk} around the henhouse.
slake	qondirmoq (tashnalik)	v	/sleɪk/	Nothing could {slake} his thirst.
spurn	rad etmoq (nafrat bilan)	v	/spɜːn/	She decided to {spurn} his offer.
stymie	to'sqinlik qilmoq	v	/ˈstaɪmi/	Red tape continues to {stymie} small businesses.
subsume	o'z ichiga olmoq	v	/səbˈsjuːm/	The new department will {subsume} the old ones.
succour	yordam bermoq	v	/ˈsʌkə/	The charity exists to {succour} the poor.
supplant	o'rnini egallamoq	v	/səˈplɑːnt/	Robots may {supplant} human workers.
surmise	taxmin qilmoq	v	/səˈmaɪz/	We can only {surmise} what happened.
tantalise	sarson qilmoq (yetkazmay)	v	/ˈtæntəlaɪz/	The smell of cooking continued to {tantalise} us.
traverse	kesib o'tmoq	v	/trəˈvɜːs/	It took three days to {traverse} the desert.
undercut	arzonroq sotmoq; putur yetkazmoq	v	/ˌʌndəˈkʌt/	Supermarkets {undercut} small shops.
unearth	qazib topmoq	v	/ʌnˈɜːθ/	Archaeologists hope to {unearth} more treasures.
upend	ag'darmoq	v	/ʌpˈend/	The new technology could {upend} the industry.
vacillate	ikkilanmoq	v	/ˈvæsəleɪt/	He continued to {vacillate} between the two options.
venerate	ulug'lamoq	v	/ˈvenəreɪt/	People {venerate} the saint's tomb.
vex	jahlini chiqarmoq	v	/veks/	Don't {vex} your grandmother.
vie	bellashmoq	v	/vaɪ/	Two companies {vie} for the contract.
whet	charxlamoq; qo'zg'atmoq (ishtaha)	v	/wet/	The trailer will {whet} your appetite for the film.
winnow	saralamoq	v	/ˈwɪnəʊ/	We need to {winnow} the list down to five names.
wrest	tortib olmoq	v	/rest/	The rebels tried to {wrest} control of the city.
ordain	buyurmoq; tayinlamoq	v	/ɔːˈdeɪn/	Fate seemed to {ordain} that they would meet.
outwit	aqlda yengmoq	v	/ˌaʊtˈwɪt/	The fox managed to {outwit} the hunters.
overawe	qo'rqitib bosib qo'ymoq	v	/ˌəʊvərˈɔː/	Don't let the size of the task {overawe} you.
pervert	buzmoq (maqsadni)	v	/pəˈvɜːt/	Corrupt officials {pervert} the course of justice.
pilfer	mayda o'g'rilik qilmoq	v	/ˈpɪlfə/	Staff were caught trying to {pilfer} office supplies.
plunge	sho'ng'imoq; keskin tushmoq	v	/plʌndʒ/	Prices could {plunge} next year.
predispose	moyil qilmoq	v	/ˌpriːdɪˈspəʊz/	Genes may {predispose} some people to heart disease.
preside	raislik qilmoq	v	/prɪˈzaɪd/	The judge will {preside} over the trial.
prevail upon	ko'ndirmoq	phrase	/prɪˈveɪl əpɒn/	Can I {prevail upon} you to stay for dinner?
proclaim	e'lon qilmoq	v	/prəˈkleɪm/	The rebels continued to {proclaim} their victory.
rekindle	qayta alangalatmoq	v	/ˌriːˈkɪndl/	They tried to {rekindle} their romance.
relent	yumshamoq, yon bermoq	v	/rɪˈlent/	Her parents finally began to {relent}.
remunerate	haq to'lamoq	v	/rɪˈmjuːnəreɪt/	The company will {remunerate} you for your time.
saunter	sayr qilib yurmoq	v	/ˈsɔːntə/	He likes to {saunter} along the river.
scrounge	tilanib olmoq	v	/skraʊndʒ/	He tried to {scrounge} a cigarette from me.
smoulder	tutab yonmoq	v	/ˈsməʊldə/	The fire continued to {smoulder} for days.
splice	ulamoq	v	/splaɪs/	The editor had to {splice} the two scenes together.
stagnate	turg'unlashmoq	v	/stæɡˈneɪt/	The economy began to {stagnate}.
stoke	qizdirmoq, alangalatmoq	v	/stəʊk/	The speech will {stoke} fears of war.
straddle	ikki tomonda turmoq	v	/ˈstrædl/	The city seems to {straddle} two continents.
tout	reklama qilmoq, maqtamoq	v	/taʊt/	The company likes to {tout} its green credentials.
underscore	ta'kidlamoq	v	/ˌʌndəˈskɔː/	The crisis seems to {underscore} the need for reform.
vanquish	yengmoq	v	/ˈvæŋkwɪʃ/	The hero set out to {vanquish} his enemies.
veer	yo'nalishini keskin o'zgartirmoq	v	/vɪə/	The car began to {veer} off the road.
wreak	keltirmoq (vayronagarchilik)	v	/riːk/	The storm will {wreak} havoc on the coast.
writhe	to'lg'anmoq	v	/raɪð/	He began to {writhe} in pain.
revile	haqorat qilmoq, la'natlamoq	v	/rɪˈvaɪl/	Many people {revile} the dictator to this day.
sequester	ajratib qo'ymoq; musodara qilmoq	v	/sɪˈkwestə/	Forests {sequester} carbon from the air.
truncate	qisqartirmoq	v	/trʌŋˈkeɪt/	The editor had to {truncate} the article.
abrade	ishqalab yemirmoq	v	/əˈbreɪd/	Sand can {abrade} the surface of the stone.
beleaguer	qamal qilmoq; qiynamoq	v	/bɪˈliːɡə/	Problems continue to {beleaguer} the project.
coddle	erkalatmoq	v	/ˈkɒdl/	Don't {coddle} the children — let them try.
engulf	qamrab olmoq	v	/ɪnˈɡʌlf/	Flames began to {engulf} the building.
fetter	kishanlamoq, cheklamoq	v	/ˈfetə/	Old laws still {fetter} the economy.
flounder	gangib qolmoq	v	/ˈflaʊndə/	The company began to {flounder} after the crisis.
hanker	orzu qilmoq	v	/ˈhæŋkə/	He continues to {hanker} after fame.
mesmerise	sehrlamoq	v	/ˈmezməraɪz/	The dancer seemed to {mesmerise} the audience.
nettle	jahlini chiqarmoq	v	/ˈnetl/	His comments seemed to {nettle} her.
rile	g'ashini keltirmoq	v	/raɪl/	Nothing seems to {rile} him.
# Stage 14: formal adjectives and adverbs
abstemious	o'zini tiyadigan (ovqat, ichimlikda)	adj	/əbˈstiːmiəs/	He lived an {abstemious} life.
acerbic	achchiq, zaharli (so'z)	adj	/əˈsɜːbɪk/	The critic is known for his {acerbic} reviews.
adroit	chaqqon, mohir	adj	/əˈdrɔɪt/	She is an {adroit} negotiator.
anodyne	zararsiz, zerikarli	adj	/ˈænədaɪn/	The speech was {anodyne} and forgettable.
assiduous	tirishqoq	adj	/əˈsɪdjuəs/	She is an {assiduous} student.
atavistic	qadimiy, ajdodlardan qolgan	adj	/ˌætəˈvɪstɪk/	War brings out {atavistic} fears.
avuncular	amakilarcha mehribon	adj	/əˈvʌŋkjələ/	The old professor had an {avuncular} manner.
baleful	yovuz, xavfli	adj	/ˈbeɪlfl/	He gave me a {baleful} look.
banal	siyqa, oddiy	adj	/bəˈnɑːl/	The lyrics are {banal}.
beatific	baxtiyor, nurli	adj	/ˌbiːəˈtɪfɪk/	She gave a {beatific} smile.
benighted	johil, qoloq	adj	/bɪˈnaɪtɪd/	The novel is set in a {benighted} village.
cavalier	beparvo, mensimaydigan	adj	/ˌkævəˈlɪə/	He has a {cavalier} attitude to safety.
chimerical	xayoliy, amalga oshmas	adj	/kaɪˈmerɪkl/	Their hopes of peace proved {chimerical}.
circuitous	aylanma	adj	/səˈkjuːɪtəs/	We took a {circuitous} route to avoid traffic.
consummate	mukammal, mohir	adj	/kənˈsʌmət/	She is a {consummate} professional.
contemptible	jirkanch, nafratga loyiq	adj	/kənˈtemptəbl/	His behaviour was {contemptible}.
corpulent	semiz	adj	/ˈkɔːpjələnt/	The {corpulent} merchant sat in the shade.
desultory	tartibsiz, betayin	adj	/ˈdesəltri/	They had a {desultory} conversation about the weather.
dilatory	sust, kechiktiruvchi	adj	/ˈdɪlətəri/	The council has been {dilatory} in repairing the roads.
discordant	nomutanosib, notinch	adj	/dɪsˈkɔːdənt/	The meeting ended on a {discordant} note.
dogged	qaysar, qat'iyatli	adj	/ˈdɒɡɪd/	Her {dogged} determination paid off.
ephemeral	o'tkinchi	adj	/ɪˈfemərəl/	Fame is often {ephemeral}.
equable	vazmin, bir tekis	adj	/ˈekwəbl/	The island has an {equable} climate.
exigent	shoshilinch, talabchan	adj	/ˈeksɪdʒənt/	The {exigent} circumstances required quick action.
facetious	o'rinsiz hazil qiladigan	adj	/fəˈsiːʃəs/	Stop being {facetious} — this is serious.
fallow	ekilmagan (yer); bo'sh	adj	/ˈfæləʊ/	The field was left {fallow} for a year.
felicitous	o'rinli, omadli	adj	/fəˈlɪsɪtəs/	It was a {felicitous} choice of words.
fortuitous	tasodifiy (omadli)	adj	/fɔːˈtjuːɪtəs/	Our meeting was {fortuitous}.
fulsome	haddan ortiq (maqtov)	adj	/ˈfʊlsəm/	He gave {fulsome} praise to his boss.
germane	tegishli	adj	/dʒɜːˈmeɪn/	That point is not {germane} to the discussion.
grandiose	dabdabali, ulkan (reja)	adj	/ˈɡrændiəʊs/	He has {grandiose} plans for the city.
hackneyed	siyqa	adj	/ˈhæknid/	The film is full of {hackneyed} phrases.
hermetic	germetik, yopiq	adj	/hɜːˈmetɪk/	They live in a {hermetic} world of their own.
histrionic	teatrona, bo'rttirilgan	adj	/ˌhɪstriˈɒnɪk/	Her {histrionic} behaviour annoyed everyone.
hyperbolic	mubolag'ali	adj	/ˌhaɪpəˈbɒlɪk/	The newspapers used {hyperbolic} headlines.
idiosyncratic	o'ziga xos	adj	/ˌɪdiəsɪŋˈkrætɪk/	He has an {idiosyncratic} style of writing.
illusory	xayoliy, aldamchi	adj	/ɪˈluːsəri/	The profits proved {illusory}.
imperceptible	sezilmas	adj	/ˌɪmpəˈseptəbl/	The change was almost {imperceptible}.
imperturbable	xotirjamligini yo'qotmas	adj	/ˌɪmpəˈtɜːbəbl/	The {imperturbable} captain calmed the passengers.
impregnable	olib bo'lmas (qal'a)	adj	/ɪmˈpreɡnəbl/	The fortress was thought to be {impregnable}.
inane	bema'ni	adj	/ɪˈneɪn/	He made an {inane} comment.
inauspicious	omadsiz, yomon boshlangan	adj	/ˌɪnɔːˈspɪʃəs/	It was an {inauspicious} start to the season.
incipient	boshlang'ich	adj	/ɪnˈsɪpiənt/	Doctors noticed {incipient} signs of the disease.
indomitable	yengilmas	adj	/ɪnˈdɒmɪtəbl/	She has an {indomitable} spirit.
ineluctable	muqarrar	adj	/ˌɪnɪˈlʌktəbl/	Death is {ineluctable}.
inimical	dushmanona, zararli	adj	/ɪˈnɪmɪkl/	The policy is {inimical} to growth.
inimitable	takrorlanmas	adj	/ɪˈnɪmɪtəbl/	She sang in her own {inimitable} style.
insidious	sezdirmay zarar yetkazuvchi	adj	/ɪnˈsɪdiəs/	Stress is an {insidious} threat to health.
intractable	hal qilib bo'lmas	adj	/ɪnˈtræktəbl/	The conflict seems {intractable}.
inveterate	ashaddiy, tuzalmas	adj	/ɪnˈvetərət/	He is an {inveterate} gambler.
irrepressible	jilovlab bo'lmas	adj	/ˌɪrɪˈpresəbl/	Her {irrepressible} laughter filled the room.
jejune	sodda, bolalarcha	adj	/dʒɪˈdʒuːn/	His ideas seemed {jejune} to the experts.
judicious	oqilona	adj	/dʒuˈdɪʃəs/	With {judicious} spending, we can finish the project.
lachrymose	ko'z yoshi to'kuvchi	adj	/ˈlækrɪməʊs/	The film is too {lachrymose} for my taste.
latent	yashirin, uyqudagi	adj	/ˈleɪtnt/	She has {latent} talent.
lurid	dahshatli, shov-shuvli	adj	/ˈlʊərɪd/	The newspapers printed {lurid} details of the crime.
meretricious	yaltiroq, lekin qadrsiz	adj	/ˌmerəˈtrɪʃəs/	The film is {meretricious} nonsense.
nebulous	noaniq, tumanli	adj	/ˈnebjələs/	His plans are still {nebulous}.
obtuse	farosatsiz	adj	/əbˈtjuːs/	Is he being deliberately {obtuse}?
ossified	qotib qolgan	adj	/ˈɒsɪfaɪd/	The party had become {ossified}.
pallid	rangpar	adj	/ˈpælɪd/	He had a {pallid} face.
parochial	tor doiradagi, mahalliychilik	adj	/pəˈrəʊkiəl/	The newspaper has a {parochial} outlook.
peremptory	keskin, buyruqona	adj	/pəˈremptəri/	He gave a {peremptory} order.
perspicacious	ziyrak, o'tkir ko'zli	adj	/ˌpɜːspɪˈkeɪʃəs/	She is a {perspicacious} critic.
portentous	shum, dabdabali	adj	/pɔːˈtentəs/	The speech was {portentous} and dull.
precipitous	tik; shoshilinch	adj	/prɪˈsɪpɪtəs/	There was a {precipitous} fall in sales.
precocious	yoshiga nisbatan erta yetilgan	adj	/prɪˈkəʊʃəs/	She was a {precocious} child who read at three.
preeminent	eng mashhur, yetakchi	adj	/priˈemɪnənt/	He is the {preeminent} scholar in his field.
prescient	oldindan ko'ra biluvchi	adj	/ˈpresiənt/	His warning proved {prescient}.
prodigious	ulkan, hayratlanarli	adj	/prəˈdɪdʒəs/	She has a {prodigious} memory.
propitious	qulay, xayrli	adj	/prəˈpɪʃəs/	It was a {propitious} moment to ask for a pay rise.
prosaic	oddiy, zerikarli	adj	/prəˈzeɪɪk/	The reason was quite {prosaic}.
provincial	viloyatga xos; tor fikrli	adj	/prəˈvɪnʃl/	He has {provincial} attitudes.
puerile	bolalarcha	adj	/ˈpjʊəraɪl/	His jokes are {puerile}.
quixotic	xayolparast (amalga oshmas)	adj	/kwɪkˈsɒtɪk/	It was a {quixotic} attempt to change the world.
redolent	eslatuvchi; xushbo'y	adj	/ˈredələnt/	The old house was {redolent} of the past.
replete	to'la	adj	/rɪˈpliːt/	The book is {replete} with examples.
resolute	qat'iyatli	adj	/ˈrezəluːt/	She remained {resolute} in her decision.
sacrosanct	muqaddas, daxlsiz	adj	/ˈsækrəʊsæŋkt/	Family time is {sacrosanct}.
scurrilous	tuhmatli, haqoratli	adj	/ˈskʌrələs/	He was the victim of {scurrilous} rumours.
specious	zohiran to'g'ri, lekin yolg'on	adj	/ˈspiːʃəs/	That's a {specious} argument.
stalwart	sodiq, mustahkam	adj	/ˈstɔːlwət/	He was a {stalwart} supporter of the party.
strident	keskin, baland	adj	/ˈstraɪdnt/	She is a {strident} critic of the government.
surreptitious	yashirin	adj	/ˌsʌrəpˈtɪʃəs/	He took a {surreptitious} look at his phone.
tangential	chetga oid	adj	/tænˈdʒenʃl/	That point is {tangential} to the main issue.
tawdry	arzon va didsiz	adj	/ˈtɔːdri/	The shop sold {tawdry} souvenirs.
tendentious	tarafkash	adj	/tenˈdenʃəs/	The article is highly {tendentious}.
tortuous	egri-bugri; chalkash	adj	/ˈtɔːtʃuəs/	The negotiations were long and {tortuous}.
trenchant	o'tkir, keskin	adj	/ˈtrentʃənt/	She made some {trenchant} criticisms.
unassailable	yengilmas, raddiya qilib bo'lmas	adj	/ˌʌnəˈseɪləbl/	The team has an {unassailable} lead.
unfettered	cheklanmagan	adj	/ʌnˈfetəd/	The press should be {unfettered}.
unimpeachable	shubhasiz, benuqson	adj	/ˌʌnɪmˈpiːtʃəbl/	The witness is of {unimpeachable} character.
unwavering	sobit	adj	/ʌnˈweɪvərɪŋ/	She has {unwavering} faith in her team.
vapid	bo'sh, ma'nosiz	adj	/ˈvæpɪd/	The show is full of {vapid} celebrities.
vicarious	o'zganing tajribasi orqali his qilingan	adj	/vɪˈkeəriəs/	Parents get {vicarious} pleasure from their children's success.
voracious	ochko'z; ishqiboz	adj	/vəˈreɪʃəs/	She is a {voracious} reader.
dispassionate	xolis, hissiz	adj	/dɪsˈpæʃənət/	We need a {dispassionate} analysis of the facts.
furtive	yashirincha, o'g'rincha	adj	/ˈfɜːtɪv/	He cast a {furtive} glance at the door.
haphazard	tartibsiz, tasodifiy	adj	/hæpˈhæzəd/	The books were arranged in a {haphazard} way.
posthumous	vafotidan keyingi	adj	/ˈpɒstjʊməs/	He received a {posthumous} award for bravery.
# Stage 15: borrowed expressions and formal adverbs
ad hoc	vaqtinchalik, maxsus (shu holat uchun)	adj	/ˌæd ˈhɒk/	The committee was set up on an {ad hoc} basis.
ad infinitum	cheksiz	adv	/ˌæd ˌɪnfɪˈnaɪtəm/	The list of problems goes on {ad infinitum}.
ad nauseam	jonga tekkuncha	adv	/ˌæd ˈnɔːziæm/	He talked about his holiday {ad nauseam}.
alma mater	o'qigan o'quv yurti	phrase	/ˌælmə ˈmɑːtə/	He gave money to his {alma mater}.
alter ego	ikkinchi "men"	phrase	/ˌɔːltər ˈiːɡəʊ/	Superman's {alter ego} is Clark Kent.
a priori	oldindan, tajribasiz	adj	/ˌeɪ praɪˈɔːraɪ/	It is an {a priori} assumption.
bête noire	yomon ko'rilgan narsa	phrase	/ˌbet ˈnwɑː/	Bureaucracy is his {bête noire}.
bona fide	haqiqiy, chinakam	adj	/ˌbəʊnə ˈfaɪdi/	He is a {bona fide} expert.
carte blanche	to'liq erkinlik	phrase	/ˌkɑːt ˈblɒnʃ/	The new director was given {carte blanche}.
caveat emptor	xaridor javobgar	phrase	/ˌkæviæt ˈemptɔː/	At the bazaar, the rule is {caveat emptor}.
coup de grâce	hal qiluvchi zarba	phrase	/ˌkuː də ˈɡrɑːs/	The scandal was the {coup de grâce} for his career.
crème de la crème	eng saralari	phrase	/ˌkrem də lɑː ˈkrem/	The school accepts only the {crème de la crème}.
cul-de-sac	berk ko'cha	n	/ˈkʌl də sæk/	They live in a quiet {cul-de-sac}.
de facto	amalda	adj	/ˌdeɪ ˈfæktəʊ/	He is the {de facto} leader of the group.
de jure	qonunan	adj	/ˌdeɪ ˈdʒʊəri/	The king is the {de jure} ruler.
déjà vu	avval ko'rgandek his	phrase	/ˌdeɪʒɑː ˈvuː/	I had a strange feeling of {déjà vu}.
double entendre	ikki ma'noli gap	phrase	/ˌduːbl ɒnˈtɒndrə/	The joke was a clever {double entendre}.
en masse	ommaviy, hammasi birga	adv	/ˌɒn ˈmæs/	The workers left {en masse}.
enfant terrible	shov-shuvli yosh iste'dod	phrase	/ˌɒnfɒn teˈriːblə/	He was the {enfant terrible} of French cinema.
esprit de corps	jamoaviy ruh	phrase	/eˌspriː də ˈkɔː/	The soldiers have a strong {esprit de corps}.
faux pas	noqulay xato (odobda)	phrase	/ˌfəʊ ˈpɑː/	Wearing shoes inside was a {faux pas}.
fait accompli	bajarilgan ish	phrase	/ˌfeɪt əˈkɒmpli/	The decision was presented as a {fait accompli}.
hoi polloi	oddiy xalq	phrase	/ˌhɔɪ pəˈlɔɪ/	The club doesn't mix with the {hoi polloi}.
in situ	o'z joyida	adv	/ɪn ˈsɪtjuː/	The paintings were studied {in situ}.
joie de vivre	hayot quvonchi	phrase	/ˌʒwɑː də ˈviːvrə/	She is full of {joie de vivre}.
laissez-faire	aralashmaslik siyosati	adj	/ˌleseɪ ˈfeə/	The government took a {laissez-faire} approach.
mea culpa	aybimni tan olaman	phrase	/ˌmeɪə ˈkʊlpə/	The minister issued a public {mea culpa}.
modus operandi	ish uslubi	phrase	/ˌməʊdəs ˌɒpəˈrændi/	Every thief has his own {modus operandi}.
non sequitur	mantiqsiz xulosa	phrase	/ˌnɒn ˈsekwɪtə/	His reply was a complete {non sequitur}.
per se	o'z-o'zidan, aslida	adv	/ˌpɜː ˈseɪ/	Money is not bad {per se}.
persona non grata	nomaqbul shaxs	phrase	/pəˌsəʊnə nɒn ˈɡrɑːtə/	The diplomat was declared {persona non grata}.
prima facie	birinchi qarashda	adj	/ˌpraɪmə ˈfeɪʃi/	There is {prima facie} evidence of fraud.
pro bono	bepul (yuridik xizmat)	adj	/ˌprəʊ ˈbəʊnəʊ/	The lawyer does {pro bono} work for the poor.
quid pro quo	evaziga, o'zaro xizmat	phrase	/ˌkwɪd prəʊ ˈkwəʊ/	The deal was a {quid pro quo}.
raison d'être	yashash maqsadi	phrase	/ˌreɪzɒn ˈdetrə/	Music is her {raison d'être}.
rapprochement	yaqinlashuv (davlatlar)	n	/ræˈprɒʃmɒn/	There has been a {rapprochement} between the two countries.
savoir-faire	ustalik, odob	n	/ˌsævwɑː ˈfeə/	The diplomat handled the crisis with great {savoir-faire}.
sine qua non	zarur shart	phrase	/ˌsɪneɪ kwɑː ˈnəʊn/	Trust is the {sine qua non} of friendship.
status quo	mavjud holat	phrase	/ˌsteɪtəs ˈkwəʊ/	The party wants to keep the {status quo}.
sotto voce	past ovozda	adv	/ˌsɒtəʊ ˈvəʊtʃi/	"He's lying," she said {sotto voce}.
tête-à-tête	yuzma-yuz suhbat	n	/ˌteɪt ɑː ˈteɪt/	They had a quiet {tête-à-tête} in the corner.
tour de force	mohirona asar	phrase	/ˌtʊə də ˈfɔːs/	Her performance was a {tour de force}.
vice versa	aksincha	adv	/ˌvaɪsi ˈvɜːsə/	I help him and {vice versa}.
vis-à-vis	...ga nisbatan	prep	/ˌviːz ɑː ˈviː/	What is our position {vis-à-vis} the new rules?
zeitgeist	davr ruhi	n	/ˈzaɪtɡaɪst/	The film captured the {zeitgeist} of the 1990s.
doppelgänger	o'xshash odam (dubl)	n	/ˈdɒplɡeŋə/	I saw your {doppelgänger} in the market.
carpe diem	lahzani qadrla	phrase	/ˌkɑːpeɪ ˈdiːem/	His motto is {carpe diem}.
terra incognita	noma'lum hudud	phrase	/ˌterə ˌɪnkɒɡˈniːtə/	Economics was {terra incognita} to him.
vox pop	ko'chada so'rov	phrase	/ˌvɒks ˈpɒp/	The TV station did a {vox pop} in the market.
bon vivant	hayotdan lazzat oluvchi	phrase	/ˌbɒn viːˈvɒn/	He was a {bon vivant} who loved good food.
cause célèbre	shov-shuvli ish	phrase	/ˌkəʊz seˈlebrə/	The trial became a {cause célèbre}.
coup d'état	davlat to'ntarishi	phrase	/ˌkuː deɪˈtɑː/	The general seized power in a {coup d'état}.
je ne sais quoi	ta'riflab bo'lmas joziba	phrase	/ˌʒə nə seɪ ˈkwɑː/	She has a certain {je ne sais quoi}.
modus vivendi	murosa yo'li	phrase	/ˌməʊdəs vɪˈvendi/	The two sides found a {modus vivendi}.
noblesse oblige	olijanoblik burchi	phrase	/nəʊˌbles əˈbliːʒ/	He gave to charity out of {noblesse oblige}.
nom de plume	taxallus	phrase	/ˌnɒm də ˈpluːm/	Mark Twain was the {nom de plume} of Samuel Clemens.
par excellence	eng yaxshisi, namunaviy	adj	/ˌpɑːr ˈeksəlɒns/	He is the storyteller {par excellence}.
pièce de résistance	eng ajoyib qismi	phrase	/piˌes də reˈzɪstɒns/	The cake was the {pièce de résistance} of the meal.
idée fixe	xayolparastlik fikri	phrase	/ˌiːdeɪ ˈfiːks/	Revenge became his {idée fixe}.
inter alia	jumladan	adv	/ˌɪntər ˈeɪliə/	The report covers, {inter alia}, health and education.
in absentia	sirtdan	adv	/ˌɪn æbˈsentiə/	He was tried {in absentia}.
in toto	to'liq	adv	/ɪn ˈtəʊtəʊ/	The plan was rejected {in toto}.
mutatis mutandis	tegishli o'zgarishlar bilan	adv	/muːˌtɑːtɪs muːˈtændɪs/	The same rules apply, {mutatis mutandis}, to students.
pro rata	mutanosib ravishda	adv	/ˌprəʊ ˈrɑːtə/	Part-time staff are paid {pro rata}.
sub judice	sudda ko'rilayotgan	adj	/ˌsʌb ˈdʒuːdɪsi/	The minister can't comment because the case is {sub judice}.
assiduously	tirishqoqlik bilan	adv	/əˈsɪdjuəsli/	She {assiduously} avoided the press.
belatedly	kechikib	adv	/bɪˈleɪtɪdli/	The government {belatedly} admitted its mistake.
dispassionately	xolisona	adv	/dɪsˈpæʃənətli/	Let's look at the facts {dispassionately}.
fortuitously	baxtli tasodif bilan	adv	/fɔːˈtjuːɪtəsli/	{Fortuitously}, a doctor was on the plane.
furtively	yashirincha	adv	/ˈfɜːtɪvli/	He looked {furtively} around the room.
gratuitously	asossiz ravishda	adv	/ɡrəˈtjuːɪtəsli/	The film is {gratuitously} violent.
haphazardly	tartibsiz	adv	/hæpˈhæzədli/	The files were stored {haphazardly}.
inexorably	muqarrar ravishda	adv	/ɪnˈeksərəbli/	Prices rose {inexorably}.
judiciously	oqilona	adv	/dʒuˈdɪʃəsli/	Use the money {judiciously}.
obliquely	bilvosita	adv	/əˈbliːkli/	He referred {obliquely} to the scandal.
perfunctorily	yuzaki, rasmiyatchilik uchun	adv	/pəˈfʌŋktərəli/	The guard {perfunctorily} checked our passports.
posthumously	vafotidan keyin	adv	/ˈpɒstjʊməsli/	The book was published {posthumously}.
precipitously	keskin	adv	/prɪˈsɪpɪtəsli/	Share prices fell {precipitously}.
sporadically	vaqti-vaqti bilan	adv	/spəˈrædɪkli/	Fighting continued {sporadically}.
summarily	darhol, qisqa tartibda	adv	/ˈsʌmərəli/	He was {summarily} dismissed.
surreptitiously	yashirincha	adv	/ˌsʌrəpˈtɪʃəsli/	She {surreptitiously} checked her phone.
tacitly	so'zsiz	adv	/ˈtæsɪtli/	The government {tacitly} approved the plan.
vicariously	o'zgalar orqali	adv	/vɪˈkeəriəsli/	She lives {vicariously} through her children.
ergo	demak	adv	/ˈɜːɡəʊ/	He is a man; {ergo}, he is mortal.
henceforth	bundan buyon	adv	/ˌhensˈfɔːθ/	{Henceforth}, all meetings will be online.
thenceforth	o'shandan beri	adv	/ˌðensˈfɔːθ/	{Thenceforth}, he never spoke of it again.
insofar as	...darajada	phrase	/ˌɪnsəʊˈfɑːr əz/	I'll help {insofar as} I can.
inasmuch as	...ekan, chunki	phrase	/ˌɪnəzˈmʌtʃ əz/	He is guilty {inasmuch as} he knew about it.
to wit	ya'ni	phrase	/tə ˈwɪt/	Two people, {to wit} Aziz and Olim, were there.
forthrightly	ochiqchasiga	adv	/ˈfɔːθraɪtli/	She spoke {forthrightly} about the problem.
irrevocably	qaytarib bo'lmas darajada	adv	/ɪˈrevəkəbli/	The relationship was {irrevocably} damaged.
ineffably	ta'riflab bo'lmas darajada	adv	/ɪnˈefəbli/	The view was {ineffably} beautiful.
quintessentially	eng tipik tarzda	adv	/ˌkwɪntɪˈsenʃəli/	Plov is {quintessentially} Uzbek.
unequivocally	shubhasiz, qat'iy	adv	/ˌʌnɪˈkwɪvəkəli/	She {unequivocally} rejected the offer.
wantonly	sababsiz, bexuda	adv	/ˈwɒntənli/	The trees were {wantonly} destroyed.
sui generis	o'ziga xos, yagona	adj	/ˌsuːi ˈdʒenərɪs/	His style is {sui generis}.
tabula rasa	toza varaq	phrase	/ˌtæbjələ ˈrɑːsə/	A child's mind is not a {tabula rasa}.
ipso facto	shu faktning o'zi bilan	adv	/ˌɪpsəʊ ˈfæktəʊ/	Being rich does not {ipso facto} make you happy.
persona grata	maqbul shaxs	phrase	/pəˌsəʊnə ˈɡrɑːtə/	After the treaty, he was once again {persona grata} in the capital.
avant la lettre	o'z davridan oldin	phrase	/ˌævɒ̃ lɑː ˈletrə/	She was a feminist {avant la lettre}.
