# Upper-Intermediate (B2) vocabulary, written for Flex Academy (NOT from a source file).
# word <TAB> Uzbek translation <TAB> part of speech <TAB> IPA (British) <TAB> example with the word in {braces}.
# 1500 words, 15 stages of 100 (one theme per stage). No word repeats A1, A2, B1 or B1+. Review the Uzbek before publishing.
# Stage 1: character, temperament and emotions
aloof	o'zini chetga olgan, sovuq	adj	/əˈluːf/	He seemed {aloof} at the party and spoke to no one.
amiable	yoqimtoy, xushfe'l	adj	/ˈeɪmiəbl/	Our new neighbour is an {amiable} old man.
benevolent	xayrixoh, saxovatli	adj	/bəˈnevələnt/	The school was built by a {benevolent} businessman.
candid	ochiqchasiga gapiradigan	adj	/ˈkændɪd/	She gave a {candid} interview about her illness.
complacent	o'zidan mamnun, beparvo	adj	/kəmˈpleɪsnt/	We can't be {complacent} just because we won once.
conceited	manman	adj	/kənˈsiːtɪd/	He is so {conceited} that he thinks he is always right.
cynical	kinik, hech narsaga ishonmaydigan	adj	/ˈsɪnɪkl/	Many voters are {cynical} about politicians' promises.
defiant	bo'ysunmas, qarshilik ko'rsatuvchi	adj	/dɪˈfaɪənt/	The {defiant} child refused to go to bed.
devious	makkor	adj	/ˈdiːviəs/	He used {devious} methods to get the job.
eccentric	g'aroyib, injiq fe'lli	adj	/ɪkˈsentrɪk/	The {eccentric} professor wore two different shoes.
gregarious	jamoani yaxshi ko'radigan	adj	/ɡrɪˈɡeəriəs/	She is {gregarious} and loves big parties.
headstrong	o'jar, o'z bilganidan qolmaydigan	adj	/ˈhedstrɒŋ/	As a {headstrong} teenager, he never listened to advice.
hypocritical	ikkiyuzlamachi	adj	/ˌhɪpəˈkrɪtɪkl/	It's {hypocritical} to tell others not to smoke when you smoke.
indifferent	befarq	adj	/ɪnˈdɪfrənt/	He seemed {indifferent} to the result.
industrious	mehnatkash	adj	/ɪnˈdʌstriəs/	The {industrious} farmers worked from dawn to dusk.
inhibited	tortinchoq, siqilgan	adj	/ɪnˈhɪbɪtɪd/	He feels {inhibited} when speaking English in public.
intolerant	murosasiz	adj	/ɪnˈtɒlərənt/	Some people are {intolerant} of other religions.
irritable	jizzaki	adj	/ˈɪrɪtəbl/	Lack of sleep makes me {irritable}.
judgemental	boshqalarni tez qoralaydigan	adj	/dʒʌdʒˈmentl/	Try not to be so {judgemental} about other people.
level-headed	vazmin, aql bilan ish tutadigan	adj	/ˌlevl ˈhedɪd/	We need someone {level-headed} in a crisis.
malicious	yovuz niyatli	adj	/məˈlɪʃəs/	Someone spread {malicious} rumours about her.
meticulous	o'ta sinchkov	adj	/məˈtɪkjələs/	She is {meticulous} about checking every detail.
obstinate	qaysar	adj	/ˈɒbstɪnət/	My {obstinate} grandfather refuses to see a doctor.
opinionated	o'z fikrini o'tkazuvchi	adj	/əˈpɪnjəneɪtɪd/	He's very {opinionated} and loves to argue.
perceptive	ziyrak, farosatli	adj	/pəˈseptɪv/	That's a very {perceptive} comment.
pompous	dimog'dor	adj	/ˈpɒmpəs/	The {pompous} manager talked only about himself.
prudent	oqilona, ehtiyotkor	adj	/ˈpruːdnt/	It would be {prudent} to save some money.
quick-tempered	tez achchiqlanadigan	adj	/ˌkwɪk ˈtempəd/	He is {quick-tempered} but never holds a grudge.
resilient	chidamli, tez o'zini tiklaydigan	adj	/rɪˈzɪliənt/	Children are often more {resilient} than adults.
ruthless	shafqatsiz	adj	/ˈruːθləs/	He is a {ruthless} businessman.
self-assured	o'ziga ishongan	adj	/ˌself əˈʃʊəd/	She gave a calm, {self-assured} performance.
self-conscious	o'zidan uyaladigan	adj	/ˌself ˈkɒnʃəs/	He is {self-conscious} about his height.
selfless	fidoyi, o'zini o'ylamaydigan	adj	/ˈselfləs/	Her {selfless} work helped hundreds of children.
shrewd	uddaburon, zukko	adj	/ʃruːd/	He is a {shrewd} businessman.
snobbish	kibrli, o'zini yuqori tutuvchi	adj	/ˈsnɒbɪʃ/	She is {snobbish} about cheap restaurants.
stern	jiddiy, qattiqqo'l	adj	/stɜːn/	The teacher gave him a {stern} look.
submissive	itoatgo'y	adj	/səbˈmɪsɪv/	The dog lay down in a {submissive} way.
sullen	qovoq-tumshug'i osilgan	adj	/ˈsʌlən/	The {sullen} teenager said nothing all evening.
temperamental	fe'li tez o'zgaradigan	adj	/ˌtemprəˈmentl/	The {temperamental} star refused to go on stage.
tenacious	qat'iyatli, bo'sh kelmas	adj	/təˈneɪʃəs/	She is a {tenacious} journalist who never gives up.
timid	qo'rqoq, tortinchoq	adj	/ˈtɪmɪd/	The {timid} boy hid behind his mother.
unassuming	kamtar, ko'zga tashlanmaydigan	adj	/ˌʌnəˈsjuːmɪŋ/	Despite his fame, he is quiet and {unassuming}.
vindictive	kekchi, qasoskor	adj	/vɪnˈdɪktɪv/	His {vindictive} ex-wife told lies about him.
volatile	beqaror, portlovchi	adj	/ˈvɒlətaɪl/	He has a {volatile} temper.
well-meaning	yaxshi niyatli	adj	/ˌwel ˈmiːnɪŋ/	My {well-meaning} aunt always gives me advice.
apprehensive	xavotirli	adj	/ˌæprɪˈhensɪv/	I'm a bit {apprehensive} about the interview.
dejected	ruhi tushgan	adj	/dɪˈdʒektɪd/	The players looked {dejected} after the defeat.
devastated	qattiq qayg'uga botgan	adj	/ˈdevəsteɪtɪd/	She was {devastated} by the news of his death.
dismayed	tashvishga tushgan	adj	/dɪsˈmeɪd/	We were {dismayed} to hear the museum was closing.
disillusioned	hafsalasi pir bo'lgan	adj	/ˌdɪsɪˈluːʒnd/	Many young people are {disillusioned} with politics.
ecstatic	haddan tashqari xursand	adj	/ɪkˈstætɪk/	The fans were {ecstatic} when their team won.
elated	sevinchga to'lgan	adj	/iˈleɪtɪd/	She was {elated} to get the scholarship.
exasperated	toqati toq bo'lgan	adj	/ɪɡˈzɑːspəreɪtɪd/	The teacher was {exasperated} by the noise.
fed up	jonga tekkan, bezgan	adj	/ˌfed ˈʌp/	I'm {fed up} with this rain.
flustered	sarosimaga tushgan	adj	/ˈflʌstəd/	She got {flustered} when she forgot her speech.
heartbroken	qalbi sinib qolgan	adj	/ˈhɑːtbrəʊkən/	He was {heartbroken} when his dog died.
indignant	g'azablangan (adolatsizlikdan)	adj	/ɪnˈdɪɡnənt/	She was {indignant} at being called a liar.
infuriated	qattiq g'azablangan	adj	/ɪnˈfjʊərieɪtɪd/	I was {infuriated} by his rude reply.
jubilant	shodiyonaga to'lgan	adj	/ˈdʒuːbɪlənt/	{Jubilant} crowds filled the streets after the victory.
livid	g'azabdan qizarib ketgan	adj	/ˈlɪvɪd/	Dad was {livid} when he saw the damage to the car.
melancholy	mahzun, g'amgin	adj	/ˈmelənkəli/	The song has a {melancholy} tune.
mortified	o'ta xijolatga tushgan	adj	/ˈmɔːtɪfaɪd/	I was {mortified} when I called her by the wrong name.
petrified	qo'rquvdan qotib qolgan	adj	/ˈpetrɪfaɪd/	She is {petrified} of flying.
perplexed	gangib qolgan	adj	/pəˈplekst/	He looked {perplexed} by the instructions.
resentful	gina saqlaydigan	adj	/rɪˈzentfl/	He felt {resentful} about not being promoted.
smug	o'zidan mamnun (yoqimsiz)	adj	/smʌɡ/	He had a {smug} smile after winning the argument.
spiteful	yovuz, g'arazli	adj	/ˈspaɪtfl/	That was a {spiteful} thing to say.
startled	cho'chib ketgan	adj	/ˈstɑːtld/	The {startled} deer ran into the forest.
uneasy	bezovta	adj	/ʌnˈiːzi/	I felt {uneasy} about leaving the children alone.
weary	holdan toygan	adj	/ˈwɪəri/	The {weary} travellers finally reached the hotel.
wistful	armon to'la, g'amgin	adj	/ˈwɪstfl/	She gave a {wistful} smile as she looked at the old photos.
anguish	iztirob	n	/ˈæŋɡwɪʃ/	The mother's {anguish} was terrible to see.
apprehension	tashvish, xavotir	n	/ˌæprɪˈhenʃn/	He waited for the results with {apprehension}.
bliss	baxt-saodat	n	/blɪs/	A day at the beach is pure {bliss}.
compassion	rahm-shafqat	n	/kəmˈpæʃn/	The nurses treated the patients with {compassion}.
contentment	qanoat, xotirjamlik	n	/kənˈtentmənt/	He smiled with {contentment}.
dread	vahima, dahshat	n	/dred/	She thought about the exam with {dread}.
euphoria	eyforiya	n	/juːˈfɔːriə/	The {euphoria} after the win lasted for days.
fury	qahr-g'azab	n	/ˈfjʊəri/	He shouted in {fury}.
hostility	adovat	n	/hɒˈstɪləti/	There is open {hostility} between the two families.
indignation	norozilik, g'azab	n	/ˌɪndɪɡˈneɪʃn/	The new tax caused great {indignation}.
integrity	halollik, vijdonlilik	n	/ɪnˈteɡrəti/	She is a woman of great {integrity}.
remorse	vijdon azobi	n	/rɪˈmɔːs/	The criminal showed no {remorse}.
resilience	chidamlilik, bardoshlilik	n	/rɪˈzɪliəns/	The people showed amazing {resilience} after the earthquake.
sentiment	tuyg'u, kayfiyat	n	/ˈsentɪmənt/	Public {sentiment} is turning against the war.
solace	tasalli	n	/ˈsɒləs/	She found {solace} in music after her husband died.
spite	g'araz	n	/spaɪt/	He broke her phone out of {spite}.
complacency	o'zidan mamnunlik, beparvolik	n	/kəmˈpleɪsnsi/	{Complacency} is the enemy of success.
cynicism	kiniklik, ishonchsizlik	n	/ˈsɪnɪsɪzəm/	There is growing {cynicism} about the government.
hypocrisy	ikkiyuzlamachilik	n	/hɪˈpɒkrəsi/	The public was angry at the {hypocrisy} of the minister.
temperament	tabiat, fe'l-atvor	n	/ˈtemprəmənt/	She has a calm {temperament}.
disposition	moyillik, tabiat	n	/dɪspəˈzɪʃn/	He has a cheerful {disposition}.
conscience	vijdon	n	/ˈkɒnʃəns/	My {conscience} won't let me lie to her.
dignity	qadr-qimmat, izzat	n	/ˈdɪɡnəti/	Every person should be treated with {dignity}.
humility	kamtarlik	n	/hjuːˈmɪləti/	Great leaders show {humility}.
vanity	manmanlik	n	/ˈvænəti/	His {vanity} made him spend hours in front of the mirror.
greed	ochko'zlik	n	/ɡriːd/	The crisis was caused by {greed}.
greedy	ochko'z	adj	/ˈɡriːdi/	Don't be {greedy} — leave some cake for the others.
caution	ehtiyotkorlik	n	/ˈkɔːʃn/	Drive with {caution} in the snow.
impatience	sabrsizlik	n	/ɪmˈpeɪʃns/	He waited with growing {impatience}.
# Stage 2: communication, argument and persuasion
advocate	yoqlamoq, himoya qilmoq	v	/ˈædvəkeɪt/	Many doctors {advocate} a diet low in sugar.
allege	da'vo qilmoq (isbotsiz)	v	/əˈledʒ/	The newspapers {allege} that he took bribes.
allegation	ayblov, da'vo	n	/ˌæləˈɡeɪʃn/	The minister denied every {allegation}.
assert	qat'iy ta'kidlamoq	v	/əˈsɜːt/	He continued to {assert} that he was innocent.
assertion	qat'iy da'vo	n	/əˈsɜːʃn/	There is no evidence for his {assertion}.
blunt	to'g'ridan-to'g'ri, qo'pol	adj	/blʌnt/	To be {blunt}, your essay is not good enough.
cite	iqtibos keltirmoq	v	/saɪt/	Always {cite} your sources in an essay.
concede	tan olmoq (istamay)	v	/kənˈsiːd/	He had to {concede} that she was right.
contradict	zid gapirmoq, inkor etmoq	v	/ˌkɒntrəˈdɪkt/	Don't {contradict} your father in front of guests.
contradiction	qarama-qarshilik	n	/ˌkɒntrəˈdɪkʃn/	There is a {contradiction} between what he says and what he does.
counter-argument	qarshi dalil	n	/ˈkaʊntər ɑːɡjumənt/	A good essay includes a {counter-argument}.
credible	ishonarli	adj	/ˈkredəbl/	The witness gave a {credible} account of events.
credibility	ishonchlilik, obro'	n	/ˌkredəˈbɪləti/	The scandal damaged his {credibility}.
refute	rad etmoq (dalil bilan)	v	/rɪˈfjuːt/	Scientists were able to {refute} the theory.
discourse	nutq, muhokama	n	/ˈdɪskɔːs/	Social media has changed political {discourse}.
digress	mavzudan chetga chiqmoq	v	/daɪˈɡres/	Sorry, I {digress} — let's go back to the main point.
eloquence	notiqlik	n	/ˈeləkwəns/	Everyone admired the {eloquence} of her speech.
euphemism	yumshatilgan ibora	n	/ˈjuːfəmɪzəm/	"Passed away" is a {euphemism} for "died".
exaggeration	mubolag'a	n	/ɪɡˌzædʒəˈreɪʃn/	It's no {exaggeration} to say he saved my life.
fallacy	noto'g'ri fikr, yanglish mulohaza	n	/ˈfæləsi/	It's a {fallacy} that money buys happiness.
rhetoric	ritorika, balandparvoz gaplar	n	/ˈretərɪk/	Voters are tired of empty {rhetoric}.
rhetorical question	ritorik savol	phrase	/rɪˌtɒrɪkl ˈkwestʃən/	"Who cares?" was a {rhetorical question}.
insinuate	shama qilmoq (salbiy)	v	/ɪnˈsɪnjueɪt/	Are you trying to {insinuate} that I cheated?
jargon	kasbiy atamalar, jargon	n	/ˈdʒɑːɡən/	The report is full of legal {jargon}.
slang	jargon, ko'cha tili	n	/slæŋ/	Teenagers use a lot of {slang}.
colloquial	so'zlashuvga xos	adj	/kəˈləʊkwiəl/	"Gonna" is a {colloquial} form of "going to".
figurative	ko'chma (ma'noda)	adj	/ˈfɪɡərətɪv/	The word is used here in a {figurative} sense.
literal	so'zma-so'z	adj	/ˈlɪtərəl/	The {literal} meaning of the phrase is quite different.
metaphor	metafora, istiora	n	/ˈmetəfə/	"Time is money" is a {metaphor}.
irony	kinoya, taqdir o'yini	n	/ˈaɪrəni/	The {irony} is that the fire station burned down.
ironic	kinoyali, g'alati tasodif	adj	/aɪˈrɒnɪk/	It's {ironic} that the doctor is always ill.
sarcasm	piching, zaharxanda	n	/ˈsɑːkæzəm/	"Oh, brilliant," he said, full of {sarcasm}.
nuance	nozik farq	n	/ˈnjuːɑːns/	Translators must understand every {nuance} of the text.
connotation	qo'shimcha ma'no	n	/ˌkɒnəˈteɪʃn/	The word "cheap" has a negative {connotation}.
ambiguity	noaniqlik, ikki ma'nolilik	n	/ˌæmbɪˈɡjuːəti/	There is some {ambiguity} in the contract.
ambiguous	ikki ma'noli, noaniq	adj	/æmˈbɪɡjuəs/	The instructions were {ambiguous}.
coherent	izchil, mantiqli	adj	/kəʊˈhɪərənt/	Your essay needs a {coherent} structure.
concise	qisqa va lo'nda	adj	/kənˈsaɪs/	Give a {concise} answer.
succinct	ixcham, lo'nda	adj	/səkˈsɪŋkt/	Her explanation was clear and {succinct}.
persuasive	ishontiruvchi	adj	/pəˈsweɪsɪv/	He wrote a {persuasive} essay on school uniforms.
persuasion	ishontirish	n	/pəˈsweɪʒn/	After some {persuasion}, she agreed to come.
compelling	jiddiy ishontiruvchi	adj	/kəmˈpelɪŋ/	There is {compelling} evidence that smoking kills.
convincing	ishonchli	adj	/kənˈvɪnsɪŋ/	He gave a {convincing} performance as a doctor.
plausible	haqiqatga yaqin	adj	/ˈplɔːzəbl/	Her excuse sounded {plausible}.
far-fetched	aqlga sig'maydigan	adj	/ˌfɑː ˈfetʃt/	The plot of the film is a bit {far-fetched}.
controversial	bahsli	adj	/ˌkɒntrəˈvɜːʃl/	The new law is very {controversial}.
controversy	bahs-munozara, mojaro	n	/ˈkɒntrəvɜːsi/	The decision caused a lot of {controversy}.
contentious	munozarali	adj	/kənˈtenʃəs/	Immigration is a {contentious} issue.
consensus	yakdillik, umumiy fikr	n	/kənˈsensəs/	There is a {consensus} among scientists on climate change.
unanimous	bir ovozdan	adj	/juˈnænɪməs/	The decision was {unanimous}.
objection	e'tiroz	n	/əbˈdʒekʃn/	Does anyone have an {objection} to the plan?
object to	e'tiroz bildirmoq	phrase	/əbˈdʒekt tə/	I {object to} being treated like a child.
retort	keskin javob qaytarmoq	v	/rɪˈtɔːt/	"That's none of your business," she was quick to {retort}.
reiterate	takror ta'kidlamoq	v	/riˈɪtəreɪt/	Let me {reiterate} how important this is.
paraphrase	o'z so'zlari bilan aytmoq	v	/ˈpærəfreɪz/	Try to {paraphrase} the text in your own words.
mediate	vositachilik qilmoq	v	/ˈmiːdieɪt/	The UN tried to {mediate} between the two sides.
mediator	vositachi	n	/ˈmiːdieɪtə/	A {mediator} helped them reach an agreement.
intervene	aralashmoq (to'xtatish uchun)	v	/ˌɪntəˈviːn/	The teacher had to {intervene} in the fight.
dissuade	fikridan qaytarmoq	v	/dɪˈsweɪd/	We tried to {dissuade} him from leaving school.
coax	yumshoqlik bilan ko'ndirmoq	v	/kəʊks/	She tried to {coax} the cat out from under the bed.
denial	inkor	n	/dɪˈnaɪəl/	He issued a firm {denial} of the rumours.
confront	yuzma-yuz kelmoq, to'qnash kelmoq	v	/kənˈfrʌnt/	She decided to {confront} him about his lies.
confrontation	to'qnashuv	n	/ˌkɒnfrʌnˈteɪʃn/	He wanted to avoid a {confrontation} with his boss.
reproach	tanbeh bermoq	v	/rɪˈprəʊtʃ/	You have nothing to {reproach} yourself for.
scold	koyimoq	v	/skəʊld/	Grandma will {scold} us if we're late.
condemn	qoralamoq	v	/kənˈdem/	World leaders {condemn} the attack.
commend	maqtamoq, yuqori baholamoq	v	/kəˈmend/	I {commend} you for your honesty.
slander	tuhmat	n	/ˈslɑːndə/	What he said about me is pure {slander}.
hearsay	mish-mish, eshitgan gap	n	/ˈhɪəseɪ/	The court won't accept {hearsay} as evidence.
anecdotal	shaxsiy tajribaga asoslangan	adj	/ˌænɪkˈdəʊtl/	The evidence is only {anecdotal}.
eavesdrop	yashirincha tinglamoq	v	/ˈiːvzdrɒp/	It's rude to {eavesdrop} on other people.
overhear	tasodifan eshitib qolmoq	v	/ˌəʊvəˈhɪə/	I didn't mean to {overhear} your conversation.
murmur	shivirlamoq, ming'irlamoq	v	/ˈmɜːmə/	I heard her {murmur} something in her sleep.
mutter	g'udranmoq	v	/ˈmʌtə/	He began to {mutter} angrily under his breath.
exclaim	hayqirmoq, xitob qilmoq	v	/ɪkˈskleɪm/	"How beautiful!" she was heard to {exclaim}.
blurt out	o'ylamay aytib yubormoq	phrase	/blɜːt ˈaʊt/	He didn't mean to {blurt out} the secret.
speak up	balandroq gapirmoq; fikrini aytmoq	phrase	/spiːk ˈʌp/	Please {speak up} — we can't hear you at the back.
speak out	ochiq qarshi chiqmoq	phrase	/spiːk ˈaʊt/	Few people dared to {speak out} against the plan.
talk down to	past nazar bilan gapirmoq	phrase	/tɔːk ˈdaʊn tə/	Don't {talk down to} me — I'm not a child.
beat around the bush	gapni aylantirmoq	phrase	/biːt əˌraʊnd ðə ˈbʊʃ/	Stop trying to {beat around the bush} and tell me the truth.
get to the point	asosiy gapga o'tmoq	phrase	/ɡet tə ðə ˈpɔɪnt/	I don't have much time, so please {get to the point}.
word of mouth	og'izdan og'izga	phrase	/ˌwɜːd əv ˈmaʊθ/	The restaurant became popular by {word of mouth}.
small talk	yengil suhbat	phrase	/ˈsmɔːl tɔːk/	I'm not good at {small talk} with strangers.
heart-to-heart	dildan suhbat	n	/ˌhɑːt tə ˈhɑːt/	We had a long {heart-to-heart} last night.
verbal	og'zaki	adj	/ˈvɜːbl/	He got a {verbal} warning from his manager.
non-verbal	so'zsiz	adj	/ˌnɒn ˈvɜːbl/	Smiling is a form of {non-verbal} communication.
tactless	nozik bo'lmagan, qo'pol	adj	/ˈtæktləs/	It was {tactless} to ask about her age.
bluntly	to'g'ridan-to'g'ri	adv	/ˈblʌntli/	To put it {bluntly}, you're fired.
point of view	nuqtai nazar	phrase	/ˌpɔɪnt əv ˈvjuː/	From my {point of view}, the plan is too risky.
standpoint	nuqtai nazar, pozitsiya	n	/ˈstændpɔɪnt/	From a financial {standpoint}, the project makes sense.
perspective	nuqtai nazar, istiqbol	n	/pəˈspektɪv/	Try to see the problem from a different {perspective}.
stance	pozitsiya	n	/stæns/	What is the party's {stance} on taxes?
assumption	taxmin, faraz	n	/əˈsʌmpʃn/	Don't make an {assumption} about people based on their clothes.
premise	asos, dastlabki fikr	n	/ˈpremɪs/	The whole argument is based on a false {premise}.
rationale	asoslash, mantiqiy sabab	n	/ˌræʃəˈnɑːl/	What is the {rationale} behind this decision?
justification	asoslash, oqlash	n	/ˌdʒʌstɪfɪˈkeɪʃn/	There is no {justification} for violence.
articulation	ifodalash	n	/ɑːˌtɪkjuˈleɪʃn/	Clear {articulation} is important for actors.
spokesman	rasmiy vakil	n	/ˈspəʊksmən/	A government {spokesman} refused to comment.
persuasively	ishonarli tarzda	adv	/pəˈsweɪsɪvli/	She argued {persuasively} for a new library.
misinterpret	noto'g'ri talqin qilmoq	v	/ˌmɪsɪnˈtɜːprɪt/	It is easy to {misinterpret} a short text message.
# Stage 3: academic and research language
academia	akademik doira	n	/ˌækəˈdiːmiə/	She left {academia} to work in industry.
analogy	o'xshatish, qiyos	n	/əˈnælədʒi/	He used the {analogy} of a river to explain the process.
anomaly	g'ayrioddiylik, anomaliya	n	/əˈnɒməli/	The low result was an {anomaly}.
appendix	ilova (kitobda)	n	/əˈpendɪks/	The tables are in the {appendix} at the end of the book.
axis	o'q (grafikda)	n	/ˈæksɪs/	Time is shown on the horizontal {axis}.
benchmark	mezon, andoza	n	/ˈbentʃmɑːk/	These results will be a {benchmark} for future studies.
case study	amaliy misol tahlili	phrase	/ˈkeɪs stʌdi/	We read a {case study} of a small company in Tashkent.
category	toifa, turkum	n	/ˈkætəɡəri/	Which {category} does this book belong to?
correlation	o'zaro bog'liqlik	n	/ˌkɒrəˈleɪʃn/	There is a strong {correlation} between poverty and poor health.
corroborate	tasdiqlamoq (dalil bilan)	v	/kəˈrɒbəreɪt/	Two witnesses {corroborate} her story.
deduce	xulosa chiqarmoq	v	/dɪˈdjuːs/	From his accent, I could {deduce} that he was from Khorezm.
deduction	xulosa; ushlab qolish	n	/dɪˈdʌkʃn/	Sherlock Holmes was famous for his powers of {deduction}.
derive	kelib chiqmoq, olmoq	v	/dɪˈraɪv/	Many English words {derive} from Latin.
discrepancy	nomuvofiqlik	n	/dɪˈskrepənsi/	There is a {discrepancy} between the two reports.
dissertation	dissertatsiya	n	/ˌdɪsəˈteɪʃn/	She is writing her {dissertation} on Uzbek poetry.
empirical	tajribaga asoslangan	adj	/ɪmˈpɪrɪkl/	There is little {empirical} evidence for the theory.
feasible	amalga oshirsa bo'ladigan	adj	/ˈfiːzəbl/	Is it {feasible} to finish by Friday?
feasibility	amalga oshirish mumkinligi	n	/ˌfiːzəˈbɪləti/	We did a study on the {feasibility} of the project.
findings	natijalar (tadqiqot)	n	/ˈfaɪndɪŋz/	The {findings} were published in a medical journal.
framework	asos, tuzilma	n	/ˈfreɪmwɜːk/	The law gives a {framework} for protecting workers.
generalisation	umumlashtirish	n	/ˌdʒenrəlaɪˈzeɪʃn/	It's a {generalisation} to say all teenagers are lazy.
hypothetical	faraziy	adj	/ˌhaɪpəˈθetɪkl/	Let's look at a {hypothetical} example.
implication	oqibat, nazarda tutilgan ma'no	n	/ˌɪmplɪˈkeɪʃn/	What is the {implication} of these results?
implement	amalga oshirmoq	v	/ˈɪmplɪment/	The school will {implement} the new rules in September.
inference	xulosa	n	/ˈɪnfərəns/	What {inference} can you draw from the graph?
infer	xulosa qilmoq	v	/ɪnˈfɜː/	What can we {infer} from his silence?
interdisciplinary	fanlararo	adj	/ˌɪntədɪsəˈplɪnəri/	The course takes an {interdisciplinary} approach.
journal	jurnal (ilmiy)	n	/ˈdʒɜːnl/	Her article was published in a scientific {journal}.
methodology	metodologiya	n	/ˌmeθəˈdɒlədʒi/	Describe the {methodology} of your research.
notion	tushuncha, g'oya	n	/ˈnəʊʃn/	I have no {notion} of what he means.
paradigm	paradigma, namuna	n	/ˈpærədaɪm/	The discovery created a new {paradigm} in physics.
parameter	parametr, chegara	n	/pəˈræmɪtə/	We must work within the {parameter} of the budget.
peer review	ekspert taqrizi	phrase	/ˌpɪə rɪˈvjuː/	The article passed {peer review} last month.
phenomenon	hodisa, fenomen	n	/fəˈnɒmɪnən/	Rainbows are a natural {phenomenon}.
preliminary	dastlabki	adj	/prɪˈlɪmɪnəri/	The {preliminary} results look promising.
qualitative	sifat (tahlili)	adj	/ˈkwɒlɪtətɪv/	We used interviews for {qualitative} research.
quantitative	miqdoriy	adj	/ˈkwɒntɪtətɪv/	The survey gave us {quantitative} data.
questionnaire	so'rovnoma	n	/ˌkwestʃəˈneə/	Please fill in this {questionnaire}.
random	tasodifiy	adj	/ˈrændəm/	The students were chosen at {random}.
rigorous	qat'iy, sinchkov	adj	/ˈrɪɡərəs/	The new medicine went through {rigorous} tests.
scope	ko'lam, doira	n	/skəʊp/	That question is outside the {scope} of this study.
speculate	taxmin qilmoq	v	/ˈspekjuleɪt/	It is too early to {speculate} about the cause.
speculation	taxmin, mish-mish	n	/ˌspekjuˈleɪʃn/	There is {speculation} that the coach will leave.
subsequent	keyingi	adj	/ˈsʌbsɪkwənt/	The {subsequent} investigation found no problems.
subsequently	keyinchalik	adv	/ˈsʌbsɪkwəntli/	He was {subsequently} promoted to director.
synthesis	sintez, birlashtirish	n	/ˈsɪnθəsɪs/	The book is a {synthesis} of many different ideas.
tentative	taxminiy, dastlabki	adj	/ˈtentətɪv/	We made {tentative} plans to meet next week.
underlying	asosiy, tub	adj	/ˌʌndəˈlaɪɪŋ/	We must find the {underlying} cause of the problem.
validity	haqiqiylik, asoslilik	n	/vəˈlɪdəti/	Some experts question the {validity} of the test.
variation	o'zgarish, farq	n	/ˌveəriˈeɪʃn/	There is great {variation} in prices between shops.
viable	hayotiy, amalga oshsa bo'ladigan	adj	/ˈvaɪəbl/	Solar power is a {viable} alternative to coal.
whereby	bu orqali	conj	/weəˈbaɪ/	They introduced a system {whereby} workers could share profits.
thereby	shu tariqa	adv	/ˌðeəˈbaɪ/	He broke the rules, {thereby} losing his place in the team.
hence	shu sababli	adv	/hens/	The car is new, {hence} the high price.
notwithstanding	...ga qaramay	prep	/ˌnɒtwɪθˈstændɪŋ/	{Notwithstanding} the bad weather, the event was a success.
albeit	garchi	conj	/ɔːlˈbiːɪt/	He agreed, {albeit} unwillingly.
conversely	aksincha	adv	/ˈkɒnvɜːsli/	Some people love the city; {conversely}, others hate it.
respectively	mos ravishda	adv	/rɪˈspektɪvli/	Aziz and Olim are 10 and 12 {respectively}.
namely	aniqrog'i, ya'ni	adv	/ˈneɪmli/	Two students, {namely} Aziz and Dilnoza, got full marks.
in accordance with	...ga muvofiq	phrase	/ɪn əˈkɔːdns wɪð/	The work was done {in accordance with} the rules.
with respect to	...ga nisbatan	phrase	/wɪð rɪˈspekt tə/	{With respect to} your question, I will reply tomorrow.
on the basis of	...asosida	phrase	/ɒn ðə ˈbeɪsɪs əv/	Students are chosen {on the basis of} their exam results.
in the light of	...ni inobatga olib	phrase	/ɪn ðə ˈlaɪt əv/	{In the light of} recent events, the concert is cancelled.
prior to	...dan oldin	phrase	/ˈpraɪə tə/	Please arrive fifteen minutes {prior to} the exam.
constitute	tashkil etmoq	v	/ˈkɒnstɪtjuːt/	Women {constitute} half of the workforce.
comprise	iborat bo'lmoq	v	/kəmˈpraɪz/	The course will {comprise} ten lectures.
encompass	qamrab olmoq	v	/ɪnˈkʌmpəs/	The study will {encompass} all schools in the region.
entail	talab qilmoq, keltirib chiqarmoq	v	/ɪnˈteɪl/	What does the job {entail}?
depict	tasvirlamoq	v	/dɪˈpɪkt/	The painting seems to {depict} a battle.
denote	bildirmoq, belgilamoq	v	/dɪˈnəʊt/	The red colour on the map is meant to {denote} danger.
signify	anglatmoq	v	/ˈsɪɡnɪfaɪ/	What does this symbol {signify}?
attribute	...ga bog'lamoq, nisbat bermoq	v	/əˈtrɪbjuːt/	Doctors {attribute} his illness to stress.
contend	da'vo qilmoq, bahslashmoq	v	/kənˈtend/	Some experts {contend} that the theory is wrong.
formulate	ifodalamoq, ishlab chiqmoq	v	/ˈfɔːmjuleɪt/	We need to {formulate} a new plan.
quantify	miqdorini aniqlamoq	v	/ˈkwɒntɪfaɪ/	It's hard to {quantify} the damage.
validate	tasdiqlamoq, haqiqiyligini isbotlamoq	v	/ˈvælɪdeɪt/	More research is needed to {validate} these results.
replicate	takrorlamoq (tajribani)	v	/ˈreplɪkeɪt/	Other scientists could not {replicate} the experiment.
omit	tushirib qoldirmoq	v	/əˈmɪt/	Don't {omit} any important details.
supplement	to'ldirmoq	v	/ˈsʌplɪment/	He works at night to {supplement} his income.
allocate	ajratmoq, taqsimlamoq	v	/ˈæləkeɪt/	The school will {allocate} more money to sport.
assign	topshirmoq, tayinlamoq	v	/əˈsaɪn/	The teacher will {assign} each student a topic.
compile	to'plamoq, tuzmoq	v	/kəmˈpaɪl/	They are trying to {compile} a list of all local businesses.
extract	ajratib olmoq	v	/ɪkˈstrækt/	Oil is difficult to {extract} from this rock.
integrate	birlashtirmoq, integratsiya qilmoq	v	/ˈɪntɪɡreɪt/	The app can {integrate} with your calendar.
differentiate	farqlamoq	v	/ˌdɪfəˈrenʃieɪt/	Young children can't {differentiate} between fantasy and reality.
distinguish	ajrata olmoq	v	/dɪˈstɪŋɡwɪʃ/	Can you {distinguish} between the twins?
classify	tasniflamoq	v	/ˈklæsɪfaɪ/	Scientists {classify} animals into groups.
trigger	qo'zg'atmoq	v	/ˈtrɪɡə/	Dust can {trigger} an asthma attack.
manifest	namoyon bo'lmoq	v	/ˈmænɪfest/	The disease may {manifest} itself years later.
citation	iqtibos, havola	n	/saɪˈteɪʃn/	Every {citation} must include the author and year.
footnote	izoh (sahifa ostida)	n	/ˈfʊtnəʊt/	The source is given in a {footnote}.
excerpt	parcha	n	/ˈeksɜːpt/	We read an {excerpt} from the novel.
scholarly	ilmiy	adj	/ˈskɒləli/	She has written many {scholarly} articles.
cognitive	kognitiv, bilish	adj	/ˈkɒɡnətɪv/	Chess develops {cognitive} skills.
theoretical	nazariy	adj	/ˌθɪəˈretɪkl/	The course is more {theoretical} than practical.
pragmatic	amaliy, pragmatik	adj	/præɡˈmætɪk/	We need a {pragmatic} solution.
inherent	ajralmas, tabiatan xos	adj	/ɪnˈhɪərənt/	There are risks {inherent} in any business.
explicit	aniq, ochiq	adj	/ɪkˈsplɪsɪt/	He gave {explicit} instructions.
implicit	yashirin, bilvosita	adj	/ɪmˈplɪsɪt/	There was an {implicit} threat in his words.
predominantly	asosan, ko'pincha	adv	/prɪˈdɒmɪnəntli/	The students are {predominantly} from Tashkent.
# Stage 4: work, management and leadership
accountability	javobgarlik, hisobdorlik	n	/əˌkaʊntəˈbɪləti/	There must be more {accountability} in government.
accountable	javobgar	adj	/əˈkaʊntəbl/	Managers are {accountable} for their team's results.
bottleneck	tor joy, to'siq	n	/ˈbɒtlnek/	The approval process is a {bottleneck}.
briefing	yo'riqnoma, qisqa yig'ilish	n	/ˈbriːfɪŋ/	The team had a short {briefing} before the event.
capability	qobiliyat, imkoniyat	n	/ˌkeɪpəˈbɪləti/	The company has the {capability} to build large ships.
chain of command	bo'ysunish tartibi	phrase	/ˌtʃeɪn əv kəˈmɑːnd/	Follow the {chain of command} when you have a problem.
conglomerate	konglomerat (yirik kompaniyalar guruhi)	n	/kənˈɡlɒmərət/	The hotel belongs to a huge Korean {conglomerate}.
consultancy	maslahat firmasi	n	/kənˈsʌltənsi/	She works for a management {consultancy}.
consultant	maslahatchi	n	/kənˈsʌltənt/	The company hired a {consultant} to improve sales.
contractor	pudratchi	n	/kənˈtræktə/	The building {contractor} finished the job late.
corporate	korporativ	adj	/ˈkɔːpərət/	He left the {corporate} world to become a teacher.
delegation	delegatsiya; vakolat berish	n	/ˌdelɪˈɡeɪʃn/	A {delegation} from Japan visited the factory.
deputy	o'rinbosar	n	/ˈdepjuti/	The {deputy} director will lead the meeting.
directive	ko'rsatma, direktiva	n	/dəˈrektɪv/	The ministry sent a {directive} to all schools.
downsize	xodimlarni qisqartirmoq	v	/ˈdaʊnsaɪz/	The bank plans to {downsize} next year.
empower	vakolat bermoq, imkoniyat yaratmoq	v	/ɪmˈpaʊə/	Education can {empower} women.
entrepreneurial	tadbirkorlik	adj	/ˌɒntrəprəˈnɜːriəl/	He has a strong {entrepreneurial} spirit.
hierarchy	ierarxiya, pog'ona	n	/ˈhaɪərɑːki/	There is a strict {hierarchy} in the army.
liaise	aloqa o'rnatmoq, muvofiqlashtirmoq	v	/liˈeɪz/	You will {liaise} with our partners in Dubai.
liaison	aloqa, bog'lovchi	n	/liˈeɪzn/	She acts as a {liaison} between the two departments.
line manager	bevosita rahbar	phrase	/ˈlaɪn mænɪdʒə/	Ask your {line manager} for a day off.
management	boshqaruv, rahbariyat	n	/ˈmænɪdʒmənt/	The {management} decided to close the shop.
micromanage	har mayda ishga aralashmoq	v	/ˌmaɪkrəʊˈmænɪdʒ/	Good leaders don't {micromanage} their staff.
milestone	muhim bosqich	n	/ˈmaɪlstəʊn/	Getting a first job is an important {milestone}.
morale	ruhiy holat, ruh	n	/məˈrɑːl/	The pay rise improved staff {morale}.
negotiator	muzokarachi	n	/nɪˈɡəʊʃieɪtə/	She is a tough {negotiator}.
networking	aloqalar o'rnatish	n	/ˈnetwɜːkɪŋ/	Conferences are great for {networking}.
oversight	nazorat; e'tiborsizlik	n	/ˈəʊvəsaɪt/	The missing name was an {oversight}.
portfolio	portfolio	n	/pɔːtˈfəʊliəʊ/	Bring your {portfolio} of designs to the interview.
predecessor	o'tmishdosh	n	/ˈpriːdɪsesə/	The new director is younger than her {predecessor}.
successor	vorisi, o'rnini egallovchi	n	/səkˈsesə/	Who will be the president's {successor}?
proactive	tashabbuskor	adj	/ˌprəʊˈæktɪv/	Be {proactive} — don't wait for problems to happen.
procedure	tartib, muolaja	n	/prəˈsiːdʒə/	What is the {procedure} for reporting an accident?
protocol	protokol, rasmiy tartib	n	/ˈprəʊtəkɒl/	Follow the safety {protocol} at all times.
quarterly	choraklik	adj	/ˈkwɔːtəli/	The {quarterly} report shows higher profits.
remuneration	mehnat haqi	n	/rɪˌmjuːnəˈreɪʃn/	The job offers good {remuneration}.
restructure	qayta tuzmoq	v	/ˌriːˈstrʌktʃə/	The new boss wants to {restructure} the company.
scheme	sxema, reja, dastur	n	/skiːm/	The government started a {scheme} to help young farmers.
strategic	strategik	adj	/strəˈtiːdʒɪk/	The city has a {strategic} position on the Silk Road.
strategy	strategiya	n	/ˈstrætədʒi/	We need a new marketing {strategy}.
streamline	soddalashtirmoq, samaraliroq qilmoq	v	/ˈstriːmlaɪn/	The new software will {streamline} the process.
unpaid	to'lanmagan	adj	/ˌʌnˈpeɪd/	She did an {unpaid} internship.
vision	istiqbol g'oyasi, ko'rish	n	/ˈvɪʒn/	The founder had a clear {vision} for the company.
visionary	uzoqni ko'ra biladigan	adj	/ˈvɪʒənri/	Steve Jobs was a {visionary} leader.
workflow	ish jarayoni	n	/ˈwɜːkfləʊ/	The new system improves our {workflow}.
team-building	jamoani mustahkamlash	n	/ˈtiːm bɪldɪŋ/	We went on a {team-building} weekend.
team player	jamoada ishlay oladigan odam	phrase	/ˈtiːm pleɪə/	We are looking for a {team player}.
go-getter	tirishqoq, maqsadga intiluvchi	n	/ˈɡəʊ ɡetə/	She's a real {go-getter} and will go far.
high-flyer	tez o'suvchi xodim	n	/ˌhaɪ ˈflaɪə/	He was a {high-flyer} at the bank.
glass ceiling	ko'rinmas to'siq (martabada)	phrase	/ˌɡlɑːs ˈsiːlɪŋ/	Few women break through the {glass ceiling}.
corporate ladder	martaba zinapoyasi	phrase	/ˌkɔːpərət ˈlædə/	He climbed the {corporate ladder} quickly.
rat race	tinimsiz raqobat hayoti	phrase	/ˈræt reɪs/	He left the {rat race} and moved to a village.
pay gap	maoshlardagi farq	phrase	/ˈpeɪ ɡæp/	The {pay gap} between men and women is shrinking.
fringe benefits	qo'shimcha imtiyozlar	phrase	/ˈfrɪndʒ benɪfɪts/	The job has {fringe benefits} like a company car.
severance pay	ishdan bo'shatish nafaqasi	phrase	/ˈsevərəns peɪ/	He received six months' {severance pay}.
pension scheme	pensiya dasturi	phrase	/ˈpenʃn skiːm/	All staff join the company {pension scheme}.
sabbatical	uzoq muddatli ta'til	n	/səˈbætɪkl/	The professor took a {sabbatical} to write a book.
gig economy	qisqa muddatli ishlar iqtisodiyoti	phrase	/ˈɡɪɡ ɪkɒnəmi/	Taxi drivers who use apps are part of the {gig economy}.
industrial action	ish tashlash harakati	phrase	/ɪnˌdʌstriəl ˈækʃn/	The union threatened {industrial action}.
grievance	shikoyat, norozilik	n	/ˈɡriːvns/	Workers can report a {grievance} to HR.
disciplinary	intizomiy	adj	/ˈdɪsəplɪnəri/	He faced {disciplinary} action for being late.
harassment	ta'qib, tazyiq	n	/ˈhærəsmənt/	The company has a policy against {harassment}.
whistleblower	qonunbuzarlikni fosh etuvchi	n	/ˈwɪslbləʊə/	A {whistleblower} told the press about the fraud.
confidential	maxfiy	adj	/ˌkɒnfɪˈdenʃl/	This information is strictly {confidential}.
confidentiality	maxfiylik	n	/ˌkɒnfɪˌdenʃiˈæləti/	Doctors must respect patient {confidentiality}.
compliance	muvofiqlik, rioya qilish	n	/kəmˈplaɪəns/	The bank checks {compliance} with the law.
comply	rioya qilmoq	v	/kəmˈplaɪ/	All products must {comply} with safety standards.
adhere to	qat'iy rioya qilmoq	phrase	/ədˈhɪə tə/	Staff must {adhere to} the dress code.
execute	bajarmoq; qatl qilmoq	v	/ˈeksɪkjuːt/	The plan was difficult to {execute}.
facilitate	osonlashtirmoq	v	/fəˈsɪlɪteɪt/	The new road will {facilitate} trade.
spearhead	boshchilik qilmoq	v	/ˈspɪəhed/	She will {spearhead} the new campaign.
undertake	o'z zimmasiga olmoq	v	/ˌʌndəˈteɪk/	The company will {undertake} the building of the new hospital.
overhaul	tubdan qayta ko'rib chiqmoq	v	/ˌəʊvəˈhɔːl/	The government plans to {overhaul} the tax system.
time management	vaqtni boshqarish	phrase	/ˈtaɪm mænɪdʒmənt/	Good {time management} reduces stress.
punctuality	o'z vaqtida kelish	n	/ˌpʌŋktʃuˈæləti/	The company values {punctuality}.
diligence	tirishqoqlik	n	/ˈdɪlɪdʒəns/	She was promoted for her {diligence}.
dedication	sadoqat, fidoyilik	n	/ˌdedɪˈkeɪʃn/	Thank you for your hard work and {dedication}.
reliability	ishonchlilik	n	/rɪˌlaɪəˈbɪləti/	The car is famous for its {reliability}.
adaptability	moslashuvchanlik	n	/əˌdæptəˈbɪləti/	{Adaptability} is important in a fast-changing job market.
versatile	ko'p qirrali	adj	/ˈvɜːsətaɪl/	She is a {versatile} actress who can play any role.
incompetent	layoqatsiz	adj	/ɪnˈkɒmpɪtənt/	The {incompetent} manager lost the company's biggest client.
incompetence	layoqatsizlik	n	/ɪnˈkɒmpɪtəns/	The accident was caused by {incompetence}.
inefficient	samarasiz	adj	/ˌɪnɪˈfɪʃnt/	The old system is slow and {inefficient}.
mismanagement	noto'g'ri boshqaruv	n	/ˌmɪsˈmænɪdʒmənt/	The company failed because of {mismanagement}.
red tape	byurokratik to'siqlar	phrase	/ˌred ˈteɪp/	There is too much {red tape} in starting a business.
paperwork	qog'ozbozlik, hujjatlar	n	/ˈpeɪpəwɜːk/	Teachers spend hours on {paperwork}.
memo	xizmat xati	n	/ˈmeməʊ/	The boss sent a {memo} to all staff.
minutes	bayonnoma (yig'ilish)	n	/ˈmɪnɪts/	Who is taking the {minutes} at today's meeting?
adjourn	tanaffus e'lon qilmoq	v	/əˈdʒɜːn/	Let's {adjourn} the meeting until tomorrow.
conference call	telefon orqali konferensiya	phrase	/ˈkɒnfərəns kɔːl/	We have a {conference call} with London at three.
shift work	smenali ish	phrase	/ˈʃɪft wɜːk/	{Shift work} can affect your sleep.
leadership	yetakchilik	n	/ˈliːdəʃɪp/	The team won under her {leadership}.
authoritative	obro'li, nufuzli	adj	/ɔːˈθɒrətətɪv/	He spoke in an {authoritative} voice.
charismatic	jozibali, maftunkor (yetakchi)	adj	/ˌkærɪzˈmætɪk/	He is a {charismatic} speaker.
headcount	xodimlar soni	n	/ˈhedkaʊnt/	The company wants to reduce its {headcount}.
outsourcing	autsorsing	n	/ˈaʊtsɔːsɪŋ/	{Outsourcing} has cut costs but also jobs.
turnaround	vaziyatni tubdan o'zgartirish	n	/ˈtɜːnəraʊnd/	The new CEO led a remarkable {turnaround}.
workplace culture	ish joyi madaniyati	phrase	/ˌwɜːkpleɪs ˈkʌltʃə/	A positive {workplace culture} keeps staff happy.
deliverable	natija (loyihada topshiriladigan)	n	/dɪˈlɪvərəbl/	The first {deliverable} is due in June.
chairperson	yig'ilish raisi	n	/ˈtʃeəpɜːsn/	The {chairperson} opened the meeting at ten.
# Stage 5: economics, finance and commerce
austerity	tejamkorlik siyosati	n	/ɒˈsterəti/	The government introduced {austerity} measures.
affluence	farovonlik, to'kinlik	n	/ˈæfluəns/	The city shows signs of new {affluence}.
affluent	badavlat, farovon	adj	/ˈæfluənt/	They live in an {affluent} part of town.
bailout	moliyaviy qutqaruv	n	/ˈbeɪlaʊt/	The bank needed a government {bailout}.
capitalism	kapitalizm	n	/ˈkæpɪtəlɪzəm/	{Capitalism} is based on private ownership.
capitalist	kapitalistik	adj	/ˈkæpɪtəlɪst/	The country moved to a {capitalist} economy.
collateral	garov (kredit uchun)	n	/kəˈlætərəl/	He used his house as {collateral} for the loan.
consumerism	iste'molchilik	n	/kənˈsjuːmərɪzəm/	Some people criticise modern {consumerism}.
credit rating	kredit reytingi	phrase	/ˈkredɪt reɪtɪŋ/	Paying late will damage your {credit rating}.
creditor	kreditor, qarz beruvchi	n	/ˈkredɪtə/	The company could not pay its {creditor}.
crowdfunding	kraudfanding, xalq moliyalashtirishi	n	/ˈkraʊdfʌndɪŋ/	They raised money for the film through {crowdfunding}.
debtor	qarzdor	n	/ˈdetə/	The bank contacted every {debtor}.
deflation	deflyatsiya	n	/diːˈfleɪʃn/	{Deflation} means that prices are falling.
depreciate	qadrsizlanmoq	v	/dɪˈpriːʃieɪt/	New cars {depreciate} quickly.
devalue	qadrsizlantirmoq	v	/ˌdiːˈvæljuː/	The government decided to {devalue} the currency.
disposable income	sarflash uchun qoladigan daromad	phrase	/dɪˌspəʊzəbl ˈɪnkʌm/	Young people have less {disposable income} than before.
downturn	pasayish	n	/ˈdaʊntɜːn/	There was a {downturn} in sales last year.
economic growth	iqtisodiy o'sish	phrase	/ˌiːkənɒmɪk ˈɡrəʊθ/	The country has strong {economic growth}.
equity	kapital ulushi; tenglik	n	/ˈekwəti/	She owns 30% of the {equity} in the company.
embezzle	o'zlashtirmoq (pulni)	v	/ɪmˈbezl/	The accountant tried to {embezzle} company funds.
embezzlement	o'zlashtirish	n	/ɪmˈbezlmənt/	He was jailed for {embezzlement}.
exploit	ekspluatatsiya qilmoq, foydalanmoq	v	/ɪkˈsplɔɪt/	Some factories {exploit} their workers.
exploitation	ekspluatatsiya	n	/ˌeksplɔɪˈteɪʃn/	The report exposed the {exploitation} of child workers.
fiscal	moliyaviy, byudjet	adj	/ˈfɪskl/	The new {fiscal} year starts in January.
fluctuate	o'zgarib turmoq	v	/ˈflʌktʃueɪt/	Prices {fluctuate} depending on the season.
fluctuation	tebranish, o'zgarish	n	/ˌflʌktʃuˈeɪʃn/	There is a lot of {fluctuation} in the exchange rate.
free market	erkin bozor	phrase	/ˌfriː ˈmɑːkɪt/	He believes in the {free market}.
GDP	YaIM	n	/ˌdʒiː diː ˈpiː/	Tourism makes up 10% of the country's {GDP}.
insolvent	to'lovga qobiliyatsiz	adj	/ɪnˈsɒlvənt/	The firm was declared {insolvent}.
interest-free	foizsiz	adj	/ˌɪntrəst ˈfriː/	The shop offers an {interest-free} loan.
liability	majburiyat; javobgarlik	n	/ˌlaɪəˈbɪləti/	The company has large {liability} for the damage.
loophole	qonundagi bo'shliq	n	/ˈluːphəʊl/	Rich people use every {loophole} to avoid tax.
monetary	pul, valyuta	adj	/ˈmʌnɪtri/	The central bank controls {monetary} policy.
gross	yalpi	adj	/ɡrəʊs/	His {gross} income is 2,000 dollars a month.
outlay	sarf, xarajat	n	/ˈaʊtleɪ/	The initial {outlay} for the business was small.
per capita	jon boshiga	phrase	/pə ˈkæpɪtə/	Income {per capita} has doubled in ten years.
prosperity	farovonlik	n	/prɒˈsperəti/	Peace brought {prosperity} to the region.
prosperous	gullab-yashnagan	adj	/ˈprɒspərəs/	Samarkand was a {prosperous} city on the Silk Road.
privatise	xususiylashtirmoq	v	/ˈpraɪvətaɪz/	The government plans to {privatise} the railways.
privatisation	xususiylashtirish	n	/ˌpraɪvətaɪˈzeɪʃn/	{Privatisation} led to higher prices.
remittance	pul o'tkazmasi (chet eldan)	n	/rɪˈmɪtns/	Many families depend on a {remittance} from Russia.
slump	keskin tushish	n	/slʌmp/	There was a {slump} in house prices.
stagnation	turg'unlik	n	/stæɡˈneɪʃn/	The economy suffered years of {stagnation}.
stagnant	turg'un	adj	/ˈstæɡnənt/	Wages have been {stagnant} for years.
stock	zaxira (tovar)	n	/stɒk/	Sorry, that size is out of {stock}.
subsidy	subsidiya, davlat yordami	n	/ˈsʌbsədi/	Farmers get a {subsidy} for growing wheat.
subsidise	subsidiya bermoq	v	/ˈsʌbsɪdaɪz/	The state will {subsidise} public transport.
supply and demand	talab va taklif	phrase	/səˌplaɪ ən dɪˈmɑːnd/	Prices depend on {supply and demand}.
surge	keskin o'sish	n	/sɜːdʒ/	There was a {surge} in demand for masks.
tax evasion	soliq to'lashdan bo'yin tovlash	phrase	/ˈtæks ɪveɪʒn/	He was arrested for {tax evasion}.
tax haven	soliq boshpanasi (offshor)	phrase	/ˈtæks heɪvn/	The money was hidden in a {tax haven}.
tycoon	magnat	n	/taɪˈkuːn/	The oil {tycoon} bought a football club.
underfunded	yetarli mablag' ajratilmagan	adj	/ˌʌndəˈfʌndɪd/	Rural schools are often {underfunded}.
valuation	baholash (qiymatini)	n	/ˌvæljuˈeɪʃn/	The {valuation} of the house was higher than expected.
wealth gap	boylar va kambag'allar farqi	phrase	/ˈwelθ ɡæp/	The {wealth gap} is growing in many countries.
windfall	kutilmagan daromad	n	/ˈwɪndfɔːl/	He used his {windfall} to pay off his debts.
write off	hisobdan o'chirmoq	phrase	/raɪt ˈɒf/	The bank agreed to {write off} the debt.
inventory	inventar, tovar zaxirasi ro'yxati	n	/ˈɪnvəntri/	We check the {inventory} every month.
procurement	xarid qilish (tashkilot uchun)	n	/prəˈkjʊəmənt/	She works in {procurement} for a hospital.
logistics	logistika	n	/ləˈdʒɪstɪks/	The company handles {logistics} for online shops.
supply chain	ta'minot zanjiri	phrase	/səˈplaɪ tʃeɪn/	The pandemic disrupted the global {supply chain}.
warehouse	ombor	n	/ˈweəhaʊs/	The goods are stored in a {warehouse}.
markup	ustama narx	n	/ˈmɑːkʌp/	Restaurants have a big {markup} on drinks.
consumer goods	iste'mol tovarlari	phrase	/kənˈsjuːmə ɡʊdz/	Prices of {consumer goods} have risen.
purchasing power	xarid qobiliyati	phrase	/ˈpɜːtʃəsɪŋ paʊə/	Inflation reduces {purchasing power}.
brand loyalty	brendga sodiqlik	phrase	/ˈbrænd lɔɪəlti/	Apple customers show strong {brand loyalty}.
niche	bo'sh o'rin (bozorda), tor soha	n	/niːʃ/	They found a {niche} in the market for halal cosmetics.
competitive	raqobatbardosh	adj	/kəmˈpetətɪv/	The job market is very {competitive}.
market leader	bozor yetakchisi	phrase	/ˌmɑːkɪt ˈliːdə/	The company is the {market leader} in mobile phones.
emerging market	rivojlanayotgan bozor	phrase	/ɪˌmɜːdʒɪŋ ˈmɑːkɪt/	Uzbekistan is an {emerging market} for investors.
venture capital	venchur kapital	phrase	/ˌventʃə ˈkæpɪtl/	The start-up received {venture capital} from abroad.
cost-effective	tejamkor, foydali	adj	/ˌkɒst ɪˈfektɪv/	Buses are a {cost-effective} way to travel.
economies of scale	ko'lam samarasi	phrase	/ɪˌkɒnəmiz əv ˈskeɪl/	Big factories benefit from {economies of scale}.
frugal	tejamkor, kamxarj	adj	/ˈfruːɡl/	They live a {frugal} life.
extravagant	isrofgar, dabdabali	adj	/ɪkˈstrævəɡənt/	They had an {extravagant} wedding with 800 guests.
extravagance	isrofgarchilik	n	/ɪkˈstrævəɡəns/	A new car every year is pure {extravagance}.
splurge	pulni sochib yubormoq	v	/splɜːdʒ/	I decided to {splurge} on a new phone.
squander	sovurmoq	v	/ˈskwɒndə/	Don't {squander} your savings on clothes.
stingy	xasis	adj	/ˈstɪndʒi/	He's too {stingy} to buy anyone a coffee.
miser	baxil	n	/ˈmaɪzə/	The old {miser} counted his money every night.
impoverished	qashshoqlashgan	adj	/ɪmˈpɒvərɪʃt/	The war left the country {impoverished}.
destitute	yo'qchilikda qolgan	adj	/ˈdestɪtjuːt/	The flood left many families {destitute}.
deprivation	mahrumlik	n	/ˌdeprɪˈveɪʃn/	Children in the area suffer from {deprivation}.
pawn	garovga qo'ymoq (lombardga)	v	/pɔːn/	He had to {pawn} his watch to pay the rent.
repossess	qaytarib olmoq (qarz uchun)	v	/ˌriːpəˈzes/	The bank may {repossess} the house if you don't pay.
arrears	to'lanmagan qarz	n	/əˈrɪəz/	He is three months in {arrears} with his rent.
credit limit	kredit limiti	phrase	/ˈkredɪt lɪmɪt/	I've reached my {credit limit}.
overspend	ortiqcha sarflamoq	v	/ˌəʊvəˈspend/	It's easy to {overspend} during the holidays.
cashless	naqd pulsiz	adj	/ˈkæʃləs/	We are moving towards a {cashless} society.
cryptocurrency	kriptovalyuta	n	/ˈkrɪptəʊkʌrənsi/	Bitcoin is the best-known {cryptocurrency}.
mobile banking	mobil bank xizmati	phrase	/ˌməʊbaɪl ˈbæŋkɪŋ/	{Mobile banking} lets you pay bills from your phone.
shareholding	aksiyalar ulushi	n	/ˈʃeəhəʊldɪŋ/	The family has a large {shareholding} in the bank.
takeover	egallab olish (kompaniyani)	n	/ˈteɪkəʊvə/	The {takeover} of the airline was completed last month.
retail price	chakana narx	phrase	/ˈriːteɪl praɪs/	The {retail price} of the phone is $900.
depreciation	qadrsizlanish, amortizatsiya	n	/dɪˌpriːʃiˈeɪʃn/	The {depreciation} of the car was fast.
capital gains	kapital o'sishidan daromad	phrase	/ˌkæpɪtl ˈɡeɪnz/	You pay tax on {capital gains}.
economic sanctions	iqtisodiy sanksiyalar	phrase	/ˌiːkənɒmɪk ˈsæŋkʃnz/	{Economic sanctions} hurt ordinary people.
money laundering	pul yuvish	phrase	/ˈmʌni lɔːndərɪŋ/	The bank was fined for {money laundering}.
net income	sof daromad	phrase	/ˌnet ˈɪnkʌm/	The company's {net income} rose by 12%.
philanthropist	xayriyachi	n	/fɪˈlænθrəpɪst/	A local {philanthropist} paid for the new hospital.
# Stage 6: the arts, culture and media
aesthetic	estetik, go'zallikka oid	adj	/iːsˈθetɪk/	The building has little {aesthetic} value.
acclaim	olqish, e'tirof	n	/əˈkleɪm/	Her first novel won wide {acclaim}.
acclaimed	e'tirof etilgan	adj	/əˈkleɪmd/	He is a highly {acclaimed} director.
adaptation	moslashtirish; ekranlashtirish	n	/ˌædæpˈteɪʃn/	The film is an {adaptation} of a famous novel.
anthology	to'plam (asarlar)	n	/ænˈθɒlədʒi/	The book is an {anthology} of Uzbek poetry.
archive	arxiv	n	/ˈɑːkaɪv/	The old photos are kept in the city {archive}.
artefact	artefakt, qadimiy buyum	n	/ˈɑːtɪfækt/	The museum displays an {artefact} from the Bronze Age.
artisan	hunarmand, usta	n	/ˌɑːtɪˈzæn/	Each carpet is made by a local {artisan}.
avant-garde	avangard	adj	/ˌævɒ̃ ˈɡɑːd/	The gallery shows {avant-garde} art.
biopic	biografik film	n	/ˈbaɪəʊpɪk/	The {biopic} tells the life story of a famous singer.
broadcaster	teleradiokompaniya; boshlovchi	n	/ˈbrɔːdkɑːstə/	The national {broadcaster} will show the match live.
caricature	karikatura	n	/ˈkærɪkətʃʊə/	The newspaper printed a {caricature} of the president.
cinematography	kinooperatorlik san'ati	n	/ˌsɪnəməˈtɒɡrəfi/	The film won an award for its {cinematography}.
climax	avj nuqta	n	/ˈklaɪmæks/	The {climax} of the film is a car chase.
cliché	siyqa ibora, qolip	n	/ˈkliːʃeɪ/	The ending was full of {cliché}.
collage	kollaj	n	/ˈkɒlɑːʒ/	The children made a {collage} from old magazines.
commentary	sharh	n	/ˈkɒməntri/	He gave live {commentary} on the football match.
connoisseur	bilimdon, ishqiboz	n	/ˌkɒnəˈsɜː/	He is a {connoisseur} of Uzbek classical music.
contemporary	zamonaviy	adj	/kənˈtemprəri/	The museum has a large collection of {contemporary} art.
critique	tanqidiy tahlil	n	/krɪˈtiːk/	She wrote a {critique} of the play.
cult following	sodiq muxlislar	phrase	/ˌkʌlt ˈfɒləʊɪŋ/	The TV series has a {cult following}.
debut	ilk chiqish	n	/ˈdeɪbjuː/	She made her {debut} at the age of sixteen.
depiction	tasvir	n	/dɪˈpɪkʃn/	The novel gives a vivid {depiction} of village life.
engraving	gravyura, o'yma naqsh	n	/ɪnˈɡreɪvɪŋ/	The {engraving} on the old door is beautiful.
ensemble	ansambl	n	/ɒnˈsɒmbl/	A small {ensemble} played at the reception.
epic	epos, doston	n	/ˈepɪk/	"Alpomish" is a famous Uzbek {epic}.
epilogue	xotima	n	/ˈepɪlɒɡ/	The {epilogue} tells us what happened to the characters.
fable	masal	n	/ˈfeɪbl/	The {fable} teaches us not to be greedy.
fictional	to'qima, xayoliy	adj	/ˈfɪkʃənl/	Sherlock Holmes is a {fictional} detective.
flashback	o'tmishga qaytish (sahna)	n	/ˈflæʃbæk/	The film begins with a {flashback} to his childhood.
foreword	so'zboshi	n	/ˈfɔːwɜːd/	A famous writer wrote the {foreword} to the book.
gripping	qiziqarli, o'ziga tortadigan	adj	/ˈɡrɪpɪŋ/	It was a {gripping} story — I read it in one night.
highbrow	yuqori didli, intellektual	adj	/ˈhaɪbraʊ/	He only reads {highbrow} literature.
lowbrow	oddiy didga mo'ljallangan	adj	/ˈləʊbraʊ/	The show is {lowbrow} but very popular.
iconic	timsolga aylangan	adj	/aɪˈkɒnɪk/	The Registan is an {iconic} image of Uzbekistan.
imagery	obrazlar, tasvirlar	n	/ˈɪmɪdʒəri/	The poem is full of beautiful {imagery}.
improvise	bedaho ijro etmoq	v	/ˈɪmprəvaɪz/	The actor forgot his lines and had to {improvise}.
installation	instalyatsiya (san'at)	n	/ˌɪnstəˈleɪʃn/	The gallery has a new video {installation}.
intermission	antrakt, tanaffus	n	/ˌɪntəˈmɪʃn/	We bought drinks during the {intermission}.
limelight	diqqat markazi	n	/ˈlaɪmlaɪt/	She has been in the {limelight} since she was a child.
manuscript	qo'lyozma	n	/ˈmænjuskrɪpt/	The library has a {manuscript} from the 14th century.
memoir	xotiralar (kitob)	n	/ˈmemwɑː/	The former president is writing his {memoir}.
monologue	monolog	n	/ˈmɒnəlɒɡ/	The play opens with a long {monologue}.
motif	motiv, naqsh	n	/məʊˈtiːf/	The pomegranate is a common {motif} in Uzbek art.
mythology	mifologiya	n	/mɪˈθɒlədʒi/	Zeus is the king of the gods in Greek {mythology}.
narrative	hikoya, bayon	n	/ˈnærətɪv/	The {narrative} moves between the past and the present.
obituary	nekrolog	n	/əˈbɪtʃuəri/	His {obituary} appeared in all the newspapers.
patron	homiy	n	/ˈpeɪtrən/	The prince was a {patron} of the arts.
performer	ijrochi	n	/pəˈfɔːmə/	The street {performer} juggled five balls.
poignant	ta'sirli, qalbni larzaga soladigan	adj	/ˈpɔɪnjənt/	It was a {poignant} moment when the old soldiers met.
portray	tasvirlamoq, gavdalantirmoq	v	/pɔːˈtreɪ/	The film tries to {portray} him as a hero.
portrayal	tasvir, obraz	n	/pɔːˈtreɪəl/	Her {portrayal} of the queen won an award.
prequel	oldingi voqealar filmi	n	/ˈpriːkwəl/	The {prequel} tells the story of the hero's childhood.
prose	nasr	n	/prəʊz/	He writes both poetry and {prose}.
renaissance	uyg'onish davri	n	/rɪˈneɪsns/	The 15th century was a time of cultural {renaissance} in Samarkand.
renowned	mashhur, taniqli	adj	/rɪˈnaʊnd/	Bukhara is {renowned} for its old madrasas.
repertoire	repertuar	n	/ˈrepətwɑː/	The band has a wide {repertoire} of songs.
retrospective	retrospektiv ko'rgazma	n	/ˌretrəˈspektɪv/	The gallery is holding a {retrospective} of his work.
satire	satira	n	/ˈsætaɪə/	The film is a {satire} on modern politics.
satirical	satirik	adj	/səˈtɪrɪkl/	He writes a {satirical} column in the newspaper.
screenplay	ssenariy	n	/ˈskriːnpleɪ/	She wrote the {screenplay} for the film.
screenwriter	ssenariynavis	n	/ˈskriːnraɪtə/	The {screenwriter} changed the ending of the book.
sculpt	haykal yasamoq	v	/skʌlpt/	He learned to {sculpt} in marble in Italy.
soundtrack	saundtrek, film musiqasi	n	/ˈsaʊndtræk/	The film's {soundtrack} became a hit.
storyline	syujet chizig'i	n	/ˈstɔːrilaɪn/	The {storyline} is hard to follow.
symbolism	ramziylik, simvolizm	n	/ˈsɪmbəlɪzəm/	The poem is full of religious {symbolism}.
symphony	simfoniya	n	/ˈsɪmfəni/	The orchestra played Beethoven's ninth {symphony}.
tapestry	gobelen, devoriy gilam	n	/ˈtæpəstri/	A huge {tapestry} hung in the palace hall.
theme	mavzu	n	/θiːm/	Love is the main {theme} of the novel.
thought-provoking	o'yga toldiruvchi	adj	/ˈθɔːt prəvəʊkɪŋ/	It was a {thought-provoking} documentary.
tragedy	fojia	n	/ˈtrædʒədi/	"Hamlet" is a famous {tragedy}.
tragic	fojiali	adj	/ˈtrædʒɪk/	The film has a {tragic} ending.
trilogy	trilogiya	n	/ˈtrɪlədʒi/	"The Lord of the Rings" is a {trilogy}.
unveil	ochmoq (ilk bor ko'rsatmoq)	v	/ˌʌnˈveɪl/	The mayor will {unveil} the new statue tomorrow.
virtuoso	virtuoz, mohir ijrochi	n	/ˌvɜːtʃuˈəʊsəʊ/	He is a {virtuoso} on the dutar.
vocalist	vokalchi	n	/ˈvəʊkəlɪst/	The band is looking for a new {vocalist}.
watercolour	akvarel	n	/ˈwɔːtəkʌlə/	She painted the garden in {watercolour}.
airtime	efir vaqti	n	/ˈeətaɪm/	The candidates got equal {airtime} on TV.
footage	video lavhalar	n	/ˈfʊtɪdʒ/	The news showed {footage} of the flood.
mass media	ommaviy axborot vositalari	phrase	/ˌmæs ˈmiːdiə/	The {mass media} have a huge influence on public opinion.
media outlet	OAV nashri, kanali	phrase	/ˈmiːdiə aʊtlet/	Every major {media outlet} reported the story.
newsworthy	e'tiborga loyiq (xabar uchun)	adj	/ˈnjuːzwɜːði/	Nothing {newsworthy} happened today.
press freedom	matbuot erkinligi	phrase	/ˌpres ˈfriːdəm/	The country ranks low on {press freedom}.
sensationalism	sensatsiyaga intilish	n	/senˈseɪʃənəlɪzəm/	The newspaper was criticised for {sensationalism}.
sensational	shov-shuvli	adj	/senˈseɪʃənl/	The {sensational} headline was not true.
televised	televideniyeda ko'rsatilgan	adj	/ˈtelɪvaɪzd/	The debate was {televised} live.
viewership	tomoshabinlar soni	n	/ˈvjuːəʃɪp/	The show's {viewership} fell last season.
mainstream	asosiy oqim, ommabop	adj	/ˈmeɪnstriːm/	The band became part of {mainstream} culture.
pop culture	ommaviy madaniyat	phrase	/ˈpɒp kʌltʃə/	K-pop is a big part of {pop culture} today.
subculture	submadaniyat	n	/ˈsʌbkʌltʃə/	Skateboarding has its own {subculture}.
censored	senzuradan o'tgan	adj	/ˈsensəd/	The {censored} version of the film was much shorter.
cultural heritage	madaniy meros	phrase	/ˌkʌltʃərəl ˈherɪtɪdʒ/	Khiva is part of the world's {cultural heritage}.
craftsmanship	ustalik, mahorat	n	/ˈkrɑːftsmənʃɪp/	The {craftsmanship} of the old doors is amazing.
exhibitor	ko'rgazma ishtirokchisi	n	/ɪɡˈzɪbɪtə/	Every {exhibitor} has a small stand.
masterful	mohirona	adj	/ˈmɑːstəfl/	It was a {masterful} performance.
entertainer	san'atkor, ko'ngilochar ijrochi	n	/ˌentəˈteɪnə/	He is a popular {entertainer} at weddings.
choreography	xoreografiya	n	/ˌkɒriˈɒɡrəfi/	The {choreography} of the dance was stunning.
rendition	ijro, talqin	n	/renˈdɪʃn/	She sang a beautiful {rendition} of the old folk song.
understatement	kamaytirib aytish	n	/ˈʌndəsteɪtmənt/	To say the film was long is an {understatement}.
allegory	allegoriya, timsoliy asar	n	/ˈæləɡəri/	The novel is an {allegory} of life under a dictator.
# Stage 7: science, research and technology
accelerate	tezlashtirmoq	v	/əkˈseləreɪt/	The new policy will {accelerate} economic growth.
acceleration	tezlanish	n	/əkˌseləˈreɪʃn/	The car has amazing {acceleration}.
biotechnology	biotexnologiya	n	/ˌbaɪəʊtekˈnɒlədʒi/	{Biotechnology} is used to develop new medicines.
catalyst	katalizator	n	/ˈkætəlɪst/	The protests were a {catalyst} for change.
chromosome	xromosoma	n	/ˈkrəʊməsəʊm/	The Y {chromosome} is found only in males.
clone	klonlamoq	v	/kləʊn/	Scientists managed to {clone} a sheep in 1996.
cloning	klonlash	n	/ˈkləʊnɪŋ/	Human {cloning} is banned in many countries.
combustion	yonish	n	/kəmˈbʌstʃən/	Car engines work by internal {combustion}.
conduct	o'tkazmoq (tok, issiqlik); olib bormoq	v	/kənˈdʌkt/	Metals {conduct} electricity well.
cosmos	koinot	n	/ˈkɒzmɒs/	Astronomers study the origins of the {cosmos}.
crater	krater	n	/ˈkreɪtə/	The meteor left a huge {crater}.
decay	chirimoq, yemirilmoq	v	/dɪˈkeɪ/	Sugar makes your teeth {decay}.
decompose	parchalanmoq, chirimoq	v	/ˌdiːkəmˈpəʊz/	Plastic takes hundreds of years to {decompose}.
dissolve	eritmoq, erimoq	v	/dɪˈzɒlv/	Sugar will {dissolve} in hot tea.
emit	chiqarmoq (nur, gaz)	v	/iˈmɪt/	Factories {emit} harmful gases.
energy-efficient	energiya tejaydigan	adj	/ˌenədʒi ɪˈfɪʃnt/	Buy {energy-efficient} light bulbs.
equilibrium	muvozanat	n	/ˌiːkwɪˈlɪbriəm/	The system returned to {equilibrium}.
evaporate	bug'lanmoq	v	/ɪˈvæpəreɪt/	Water will {evaporate} quickly in the sun.
fertile	unumdor	adj	/ˈfɜːtaɪl/	The Fergana Valley has very {fertile} soil.
fossil	qazilma (tosh qotgan qoldiq)	n	/ˈfɒsl/	They found a dinosaur {fossil} in the desert.
fusion	qo'shilish, sintez	n	/ˈfjuːʒn/	The restaurant serves Asian {fusion} food.
gene therapy	gen terapiyasi	phrase	/ˈdʒiːn θerəpi/	{Gene therapy} may cure some inherited diseases.
genetically modified	genetik modifikatsiyalangan	phrase	/dʒəˌnetɪkli ˈmɒdɪfaɪd/	Some people won't eat {genetically modified} food.
genome	genom	n	/ˈdʒiːnəʊm/	Scientists have mapped the human {genome}.
geology	geologiya	n	/dʒiˈɒlədʒi/	He studied {geology} and now works in the mines.
habitable	yashash uchun yaroqli	adj	/ˈhæbɪtəbl/	Is there a {habitable} planet near our sun?
hereditary	irsiy	adj	/həˈredɪtri/	Some kinds of heart disease are {hereditary}.
hydrogen	vodorod	n	/ˈhaɪdrədʒən/	Water is made of {hydrogen} and oxygen.
infrared	infraqizil	adj	/ˌɪnfrəˈred/	The camera uses {infrared} light to see at night.
inertia	inersiya; sustlik	n	/ɪˈnɜːʃə/	Government {inertia} has delayed the reforms.
kinetic	kinetik, harakat	adj	/kɪˈnetɪk/	A moving car has {kinetic} energy.
lens	linza, obyektiv	n	/lenz/	The camera has a very good {lens}.
light year	yorug'lik yili	phrase	/ˈlaɪt jɪə/	The star is one {light year} away.
lunar	oy (samoviy jism)	adj	/ˈluːnə/	The {lunar} surface is covered with dust.
magnify	kattalashtirmoq	v	/ˈmæɡnɪfaɪ/	A microscope can {magnify} objects 1,000 times.
malware	zararli dastur	n	/ˈmælweə/	The {malware} stole passwords from thousands of computers.
mass	massa	n	/mæs/	The {mass} of the Earth is enormous.
matter	materiya, modda; masala	n	/ˈmætə/	Everything is made of {matter}.
meteor	meteor	n	/ˈmiːtiə/	We saw a {meteor} cross the night sky.
microorganism	mikroorganizm	n	/ˌmaɪkrəʊˈɔːɡənɪzəm/	A {microorganism} is too small to see without a microscope.
mutation	mutatsiya	n	/mjuːˈteɪʃn/	A {mutation} in the virus made it more dangerous.
mutate	mutatsiyaga uchramoq	v	/mjuːˈteɪt/	Viruses can {mutate} very quickly.
neuroscience	neyrologiya fani	n	/ˈnjʊərəʊsaɪəns/	{Neuroscience} studies the brain and nervous system.
neuron	neyron	n	/ˈnjʊərɒn/	Each {neuron} sends signals to other cells.
nucleus	yadro	n	/ˈnjuːkliəs/	The {nucleus} is the centre of an atom.
photosynthesis	fotosintez	n	/ˌfəʊtəʊˈsɪnθəsɪs/	Plants make food through {photosynthesis}.
pollinate	changlatmoq	v	/ˈpɒlɪneɪt/	Bees {pollinate} flowers.
probe	zond; tekshiruv	n	/prəʊb/	The space {probe} sent photos of Saturn.
propulsion	harakatlantiruvchi kuch	n	/prəˈpʌlʃn/	The rocket uses a new {propulsion} system.
quantum	kvant	adj	/ˈkwɒntəm/	{Quantum} physics is very hard to understand.
radioactive	radioaktiv	adj	/ˌreɪdiəʊˈæktɪv/	{Radioactive} waste must be stored safely.
reactor	reaktor	n	/riˈæktə/	The nuclear {reactor} was shut down.
robotics	robototexnika	n	/rəʊˈbɒtɪks/	He is studying {robotics} in Korea.
rotate	aylanmoq	v	/rəʊˈteɪt/	The Earth takes 24 hours to {rotate} once.
rotation	aylanish	n	/rəʊˈteɪʃn/	The {rotation} of the Earth causes day and night.
spectrum	spektr	n	/ˈspektrəm/	A rainbow shows the colours of the {spectrum}.
sterile	steril, zararsizlantirilgan	adj	/ˈsteraɪl/	Surgeons use {sterile} instruments.
stem cell	o'zak hujayra	phrase	/ˈstem sel/	{Stem cell} research may help treat diseases.
synthetic	sun'iy, sintetik	adj	/sɪnˈθetɪk/	The jacket is made of {synthetic} material.
telecommunications	telekommunikatsiya	n	/ˌtelɪkəmjuːnɪˈkeɪʃnz/	He works in {telecommunications}.
terrain	joy relyefi	n	/təˈreɪn/	The car is designed for rough {terrain}.
thermal	issiqlik	adj	/ˈθɜːml/	The town is famous for its {thermal} springs.
trajectory	traektoriya	n	/trəˈdʒektəri/	Scientists calculated the {trajectory} of the rocket.
ultraviolet	ultrabinafsha	adj	/ˌʌltrəˈvaɪələt/	Sun cream protects you from {ultraviolet} light.
velocity	tezlik	n	/vəˈlɒsəti/	The bullet travels at a very high {velocity}.
vibration	tebranish	n	/vaɪˈbreɪʃn/	I could feel the {vibration} of the train.
vibrate	tebranmoq	v	/vaɪˈbreɪt/	My phone will {vibrate} when I get a message.
volume	hajm; ovoz balandligi	n	/ˈvɒljuːm/	Turn down the {volume}, please.
zoology	zoologiya	n	/zuˈɒlədʒi/	She has a degree in {zoology}.
bandwidth	o'tkazuvchanlik qobiliyati	n	/ˈbændwɪdθ/	Video calls use a lot of {bandwidth}.
biometric	biometrik	adj	/ˌbaɪəʊˈmetrɪk/	New passports contain {biometric} data.
blockchain	blokcheyn	n	/ˈblɒktʃeɪn/	{Blockchain} technology is used for cryptocurrencies.
cyber attack	kiberhujum	phrase	/ˈsaɪbər ətæk/	The bank's website was hit by a {cyber attack}.
data breach	ma'lumotlar sizib chiqishi	phrase	/ˈdeɪtə briːtʃ/	The {data breach} exposed millions of emails.
deepfake	soxta (sun'iy) video	n	/ˈdiːpfeɪk/	The video of the president was a {deepfake}.
digitise	raqamlashtirmoq	v	/ˈdɪdʒɪtaɪz/	The library plans to {digitise} its old books.
internet of things	narsalar interneti	phrase	/ˌɪntənet əv ˈθɪŋz/	Smart fridges are part of the {internet of things}.
obsolescence	eskirish	n	/ˌɒbsəˈlesns/	Phones are designed with planned {obsolescence}.
open-source	ochiq kodli	adj	/ˌəʊpən ˈsɔːs/	Linux is {open-source} software.
patch	yamoq; tuzatish (dasturda)	n	/pætʃ/	Install the security {patch} as soon as possible.
processor	protsessor	n	/ˈprəʊsesə/	This laptop has a fast {processor}.
router	router	n	/ˈruːtə/	Restart the {router} if the internet is slow.
scalable	kengaytiriladigan	adj	/ˈskeɪləbl/	The system is {scalable} to millions of users.
self-driving	haydovchisiz	adj	/ˌself ˈdraɪvɪŋ/	{Self-driving} cars are being tested in some cities.
spyware	josuslik dasturi	n	/ˈspaɪweə/	The {spyware} recorded everything he typed.
troubleshoot	nosozlikni aniqlab tuzatmoq	v	/ˈtrʌblʃuːt/	The technician will {troubleshoot} the problem.
virtual assistant	virtual yordamchi	phrase	/ˌvɜːtʃuəl əˈsɪstənt/	I asked my {virtual assistant} to set an alarm.
augmented reality	to'ldirilgan reallik	phrase	/ɔːɡˌmentɪd riˈæləti/	The game uses {augmented reality}.
big data	katta hajmdagi ma'lumotlar	phrase	/ˌbɪɡ ˈdeɪtə/	Companies use {big data} to predict what customers want.
cloud computing	bulutli hisoblash	phrase	/ˌklaʊd kəmˈpjuːtɪŋ/	{Cloud computing} lets small firms rent servers.
emerging technology	yangi paydo bo'layotgan texnologiya	phrase	/ɪˌmɜːdʒɪŋ tekˈnɒlədʒi/	AI is the most important {emerging technology}.
precision	aniqlik	n	/prɪˈsɪʒn/	The parts are cut with great {precision}.
statistical	statistik	adj	/stəˈtɪstɪkl/	There is no {statistical} difference between the groups.
simulate	taqlid qilmoq, modellashtirmoq	v	/ˈsɪmjuleɪt/	The computer can {simulate} an earthquake.
calibrate	sozlamoq (o'lchov asbobini)	v	/ˈkælɪbreɪt/	You must {calibrate} the scales before use.
gravitational	gravitatsion	adj	/ˌɡrævɪˈteɪʃənl/	The Moon's {gravitational} pull causes the tides.
microscopic	mikroskopik	adj	/ˌmaɪkrəˈskɒpɪk/	The water was full of {microscopic} animals.
innovator	yangilik yaratuvchi	n	/ˈɪnəveɪtə/	She is a leading {innovator} in solar technology.
lab-grown	laboratoriyada yetishtirilgan	adj	/ˌlæb ˈɡrəʊn/	Would you eat {lab-grown} meat?
genetics	genetika	n	/dʒəˈnetɪks/	She is interested in {genetics} and how traits are inherited.
# Stage 8: health, medicine and psychology
ailment	kasallik, xastalik	n	/ˈeɪlmənt/	Grandma has a cure for every {ailment}.
allergic	allergiyasi bor	adj	/əˈlɜːdʒɪk/	I'm {allergic} to cats.
antidote	zaharga qarshi dori	n	/ˈæntidəʊt/	There is no {antidote} to this snake's poison.
arthritis	artrit	n	/ɑːˈθraɪtɪs/	My grandmother has {arthritis} in her hands.
benign	xavfsiz (o'sma)	adj	/bɪˈnaɪn/	Luckily, the tumour was {benign}.
malignant	xavfli (o'sma)	adj	/məˈlɪɡnənt/	The doctors found a {malignant} tumour.
cardiac	yurak	adj	/ˈkɑːdiæk/	He died of {cardiac} arrest.
clinical	klinik	adj	/ˈklɪnɪkl/	The drug is still in {clinical} trials.
coma	koma	n	/ˈkəʊmə/	After the accident he was in a {coma} for two weeks.
complication	asorat	n	/ˌkɒmplɪˈkeɪʃn/	There was a {complication} after the operation.
deficiency	yetishmovchilik (organizmda)	n	/dɪˈfɪʃnsi/	Vitamin D {deficiency} is common in winter.
dementia	demensiya, aqli zaiflik	n	/dɪˈmenʃə/	My grandfather suffers from {dementia}.
deteriorate	yomonlashmoq	v	/dɪˈtɪəriəreɪt/	His health began to {deteriorate} quickly.
disorder	buzilish, kasallik	n	/dɪsˈɔːdə/	She has a rare blood {disorder}.
eating disorder	ovqatlanish buzilishi	phrase	/ˈiːtɪŋ dɪsɔːdə/	Anorexia is a serious {eating disorder}.
fatal	o'limga olib keladigan	adj	/ˈfeɪtl/	The disease can be {fatal} if not treated.
holistic	yaxlit, kompleks	adj	/həʊˈlɪstɪk/	{Holistic} medicine treats the whole person.
immunise	emlamoq, immunlashtirmoq	v	/ˈɪmjunaɪz/	Doctors {immunise} children against polio.
incurable	davosiz	adj	/ɪnˈkjʊərəbl/	The disease is still {incurable}.
inflammation	yallig'lanish	n	/ˌɪnfləˈmeɪʃn/	Ice can reduce {inflammation}.
intoxicated	mast	adj	/ɪnˈtɒksɪkeɪtɪd/	The driver was {intoxicated}.
lethal	o'ldiradigan	adj	/ˈliːθl/	A {lethal} dose of the drug was found in his blood.
life-threatening	hayot uchun xavfli	adj	/ˈlaɪf θretnɪŋ/	Her injuries are not {life-threatening}.
medication	dori-darmon	n	/ˌmedɪˈkeɪʃn/	Are you taking any {medication}?
mental illness	ruhiy kasallik	phrase	/ˌmentl ˈɪlnəs/	{Mental illness} is nothing to be ashamed of.
outpatient	ambulator bemor	n	/ˈaʊtpeɪʃnt/	He was treated as an {outpatient} and went home the same day.
paralysed	falaj bo'lgan	adj	/ˈpærəlaɪzd/	He was {paralysed} after a car accident.
placebo	platsebo	n	/pləˈsiːbəʊ/	Half the patients were given a {placebo}.
prescribe	dori yozib bermoq	v	/prɪˈskraɪb/	The doctor will {prescribe} antibiotics.
prevention	oldini olish	n	/prɪˈvenʃn/	{Prevention} is better than cure.
preventive	profilaktik	adj	/prɪˈventɪv/	{Preventive} medicine saves money.
psychiatrist	psixiatr	n	/saɪˈkaɪətrɪst/	He was sent to a {psychiatrist} for treatment.
psychiatric	psixiatrik	adj	/ˌsaɪkiˈætrɪk/	She works in a {psychiatric} hospital.
psychologist	psixolog	n	/saɪˈkɒlədʒɪst/	The school has a {psychologist} for students.
psychological	psixologik	adj	/ˌsaɪkəˈlɒdʒɪkl/	The war left deep {psychological} scars.
relapse	kasallikning qaytalanishi	n	/rɪˈlæps/	After a month he had a {relapse}.
remission	remissiya (kasallik susayishi)	n	/rɪˈmɪʃn/	Her cancer is in {remission}.
respiratory	nafas olish	adj	/rəˈspɪrətri/	Smoking causes {respiratory} diseases.
sedentary	kam harakatli	adj	/ˈsedntri/	A {sedentary} lifestyle is bad for your heart.
strain	zo'riqish, cho'zilish	n	/streɪn/	He has a muscle {strain} in his leg.
susceptible	moyil, ta'sirchan	adj	/səˈseptəbl/	Children are more {susceptible} to infection.
syndrome	sindrom	n	/ˈsɪndrəʊm/	Down {syndrome} is a genetic condition.
therapeutic	davolovchi, shifobaxsh	adj	/ˌθerəˈpjuːtɪk/	Gardening can be very {therapeutic}.
therapist	terapevt, psixoterapevt	n	/ˈθerəpɪst/	She talks to a {therapist} once a week.
trauma	jarohat, ruhiy shikast	n	/ˈtrɔːmə/	The children suffered great {trauma} during the war.
traumatic	og'ir ruhiy ta'sir qiluvchi	adj	/trɔːˈmætɪk/	Losing a parent is a {traumatic} experience.
ulcer	yara (oshqozon)	n	/ˈʌlsə/	Stress can make a stomach {ulcer} worse.
wellness	sog'lomlik	n	/ˈwelnəs/	The hotel has a {wellness} centre.
panic attack	vahima xuruji	phrase	/ˈpænɪk ətæk/	She had a {panic attack} before the exam.
phobia	fobiya, kuchli qo'rquv	n	/ˈfəʊbiə/	He has a {phobia} of spiders.
obsession	obsessiya, qattiq berilish	n	/əbˈseʃn/	His {obsession} with football worries his wife.
obsessive	o'ta berilgan	adj	/əbˈsesɪv/	She is {obsessive} about cleaning.
compulsive	o'zini to'xtata olmaydigan	adj	/kəmˈpʌlsɪv/	He is a {compulsive} gambler.
stress-related	stress bilan bog'liq	adj	/ˈstres rɪleɪtɪd/	Headaches are often {stress-related}.
counselling	psixologik maslahat	n	/ˈkaʊnsəlɪŋ/	The school offers {counselling} to students.
counsellor	maslahatchi (psixolog)	n	/ˈkaʊnsələ/	She talked to a {counsellor} about her problems.
coping mechanism	moslashish usuli	phrase	/ˈkəʊpɪŋ mekənɪzəm/	Humour is his {coping mechanism}.
mindfulness	ongli xotirjamlik	n	/ˈmaɪndflnəs/	{Mindfulness} can reduce stress.
meditation	meditatsiya	n	/ˌmedɪˈteɪʃn/	She does ten minutes of {meditation} every morning.
meditate	meditatsiya qilmoq	v	/ˈmedɪteɪt/	He likes to {meditate} before work.
sleep deprivation	uyqusizlik	phrase	/ˈsliːp deprɪveɪʃn/	{Sleep deprivation} affects your memory.
cardio	kardio mashqlar	n	/ˈkɑːdiəʊ/	I do thirty minutes of {cardio} three times a week.
nutritious	to'yimli	adj	/njuˈtrɪʃəs/	Soup is cheap and {nutritious}.
nutrient	ozuqa moddasi	n	/ˈnjuːtriənt/	Iron is an important {nutrient}.
carbohydrate	uglevod	n	/ˌkɑːbəʊˈhaɪdreɪt/	Bread and rice are rich in {carbohydrate}.
fibre	kletchatka	n	/ˈfaɪbə/	Vegetables are high in {fibre}.
dietary	parhezga oid	adj	/ˈdaɪətəri/	Do you have any {dietary} needs?
moderation	me'yor, mo'tadillik	n	/ˌmɒdəˈreɪʃn/	Eat sweets in {moderation}.
abstain	o'zini tiymoq	v	/əbˈsteɪn/	He decided to {abstain} from sugar for a month.
sober	hushyor, mast emas	adj	/ˈsəʊbə/	He has been {sober} for three years.
hangover	xumor	n	/ˈhæŋəʊvə/	He woke up with a terrible {hangover}.
withdrawal symptoms	abstinensiya belgilari	phrase	/wɪðˈdrɔːəl sɪmptəmz/	Smokers get {withdrawal symptoms} when they quit.
rehab	reabilitatsiya markazi	n	/ˈriːhæb/	The singer went into {rehab}.
detox	detoks, tozalash	n	/ˈdiːtɒks/	She went on a juice {detox}.
screening	tibbiy ko'rik, skrining	n	/ˈskriːnɪŋ/	Regular {screening} can find cancer early.
ultrasound	UZI	n	/ˈʌltrəsaʊnd/	The {ultrasound} showed the baby was healthy.
transplant	ko'chirib o'tkazish (a'zo)	n	/ˈtrænsplɑːnt/	He needs a heart {transplant}.
organ donor	a'zo donori	phrase	/ˈɔːɡən dəʊnə/	She registered as an {organ donor}.
transfusion	qon quyish	n	/trænsˈfjuːʒn/	He needed a blood {transfusion}.
antibodies	antitanachalar	n	/ˈæntibɒdiz/	The test shows you have {antibodies} to the virus.
quarantine	karantin	n	/ˈkwɒrəntiːn/	The passengers were kept in {quarantine}.
isolation	izolyatsiya, yakkalanish	n	/ˌaɪsəˈleɪʃn/	The patient is in {isolation}.
asymptomatic	belgisiz (kasallik)	adj	/ˌeɪsɪmptəˈmætɪk/	Many people with the virus are {asymptomatic}.
bedridden	to'shakka mixlangan	adj	/ˈbedrɪdn/	She has been {bedridden} since her fall.
frail	nimjon, zaif	adj	/freɪl/	The {frail} old woman needed help to walk.
fragile	mo'rt, nozik	adj	/ˈfrædʒaɪl/	Be careful — the glass is {fragile}.
vitality	hayotiylik, g'ayrat	n	/vaɪˈtæləti/	She is full of energy and {vitality}.
longevity	uzoq umr	n	/lɒnˈdʒevəti/	The people of the mountains are famous for their {longevity}.
ageing	qarish	n	/ˈeɪdʒɪŋ/	Exercise can slow down {ageing}.
mortality	o'lim darajasi	n	/mɔːˈtæləti/	Infant {mortality} has fallen sharply.
prognosis	prognoz (kasallik)	n	/prɒɡˈnəʊsɪs/	The {prognosis} for most patients is good.
impairment	buzilish, nuqson	n	/ɪmˈpeəmənt/	He has a hearing {impairment}.
visually impaired	ko'rish qobiliyati zaif	phrase	/ˌvɪʒuəli ɪmˈpeəd/	The app helps {visually impaired} people read.
hearing aid	eshitish apparati	phrase	/ˈhɪərɪŋ eɪd/	My grandfather wears a {hearing aid}.
prosthetic	protez	adj	/prɒsˈθetɪk/	He runs with a {prosthetic} leg.
epidemiology	epidemiologiya	n	/ˌepɪdiːmiˈɒlədʒi/	{Epidemiology} studies how diseases spread.
immune	immunitetli, ta'sir qilmaydigan	adj	/ɪˈmjuːn/	After the vaccine you are {immune} to the disease.
chronically	surunkali ravishda	adv	/ˈkrɒnɪkli/	Hospitals are {chronically} short of nurses.
insomniac	uyqusizlikdan aziyat chekuvchi	n	/ɪnˈsɒmniæk/	As an {insomniac}, he often reads until 4 a.m.
hypochondriac	o'zini doim kasal deb o'ylaydigan odam	n	/ˌhaɪpəˈkɒndriæk/	My uncle is a {hypochondriac} who visits the doctor every week.
# Stage 9: environment, energy and geography
abundance	mo'l-ko'lchilik	n	/əˈbʌndəns/	The region has an {abundance} of fruit in summer.
abundant	mo'l, serob	adj	/əˈbʌndənt/	Water is {abundant} in the mountains.
arid	qurg'oqchil	adj	/ˈærɪd/	The Kyzylkum is an {arid} desert.
barren	hosilsiz, taqir	adj	/ˈbærən/	Nothing grows on this {barren} land.
biofuel	bioyoqilg'i	n	/ˈbaɪəʊfjuːəl/	The buses run on {biofuel} made from plants.
carbon neutral	uglerod neytral	phrase	/ˌkɑːbən ˈnjuːtrəl/	The company wants to be {carbon neutral} by 2040.
catastrophe	halokat, falokat	n	/kəˈtæstrəfi/	The drying of the Aral Sea is an environmental {catastrophe}.
catastrophic	halokatli	adj	/ˌkætəˈstrɒfɪk/	The flood had {catastrophic} effects.
conservationist	tabiatni muhofaza qiluvchi	n	/ˌkɒnsəˈveɪʃənɪst/	The {conservationist} works to protect snow leopards.
contaminated	ifloslangan, zararlangan	adj	/kənˈtæmɪneɪtɪd/	Don't drink {contaminated} water.
degradation	buzilish, yomonlashish	n	/ˌdeɡrəˈdeɪʃn/	Overgrazing leads to land {degradation}.
depletion	kamayib ketish, tugab borish	n	/dɪˈpliːʃn/	The {depletion} of the ozone layer is dangerous.
deplete	kamaytirib yubormoq	v	/dɪˈpliːt/	Farming will {deplete} the soil if we're not careful.
dispose of	yo'q qilmoq, tashlab yubormoq	phrase	/dɪˈspəʊz əv/	How do you {dispose of} old batteries?
disposal	yo'q qilish, utilizatsiya	n	/dɪˈspəʊzl/	The city has a problem with waste {disposal}.
ecological	ekologik	adj	/ˌiːkəˈlɒdʒɪkl/	The oil spill was an {ecological} disaster.
environmentalist	ekolog, tabiat himoyachisi	n	/ɪnˌvaɪrənˈmentəlɪst/	The {environmentalist} protested against the new road.
famine	ocharchilik	n	/ˈfæmɪn/	Millions died in the {famine}.
fauna	hayvonot dunyosi	n	/ˈfɔːnə/	The park protects local flora and {fauna}.
flora	o'simlik dunyosi	n	/ˈflɔːrə/	The {flora} of the mountains is very rich.
flash flood	to'satdan kelgan sel	phrase	/ˈflæʃ flʌd/	A {flash flood} destroyed the bridge.
geothermal	geotermal	adj	/ˌdʒiːəʊˈθɜːml/	Iceland uses {geothermal} energy.
greenhouse gas	issiqxona gazi	phrase	/ˈɡriːnhaʊs ɡæs/	Methane is a powerful {greenhouse gas}.
habitat loss	yashash muhitining yo'qolishi	phrase	/ˈhæbɪtæt lɒs/	{Habitat loss} is the main threat to wildlife.
hazardous	xavfli	adj	/ˈhæzədəs/	The factory produces {hazardous} waste.
hazard	xavf	n	/ˈhæzəd/	Ice on the road is a serious {hazard}.
ice cap	muz qoplami	phrase	/ˈaɪs kæp/	The polar {ice cap} is melting.
irreversible	qaytarib bo'lmaydigan	adj	/ˌɪrɪˈvɜːsəbl/	Some damage to the environment is {irreversible}.
marine	dengiz	adj	/məˈriːn/	Plastic kills {marine} animals.
mitigate	yumshatmoq, kamaytirmoq	v	/ˈmɪtɪɡeɪt/	Trees can {mitigate} the effects of pollution.
monsoon	musson	n	/ˈmɒnsuːn/	The {monsoon} brings heavy rain to India.
natural disaster	tabiiy ofat	phrase	/ˌnætʃrəl dɪˈzɑːstə/	An earthquake is a {natural disaster}.
net zero	sof nol (emissiya)	phrase	/ˌnet ˈzɪərəʊ/	The country aims to reach {net zero} by 2050.
non-renewable	qayta tiklanmaydigan	adj	/ˌnɒn rɪˈnjuːəbl/	Oil is a {non-renewable} resource.
offset	qoplamoq, muvozanatlamoq	v	/ˈɒfset/	They plant trees to {offset} their emissions.
overfishing	haddan tashqari baliq ovlash	n	/ˌəʊvəˈfɪʃɪŋ/	{Overfishing} has emptied the seas.
permafrost	abadiy muzlik	n	/ˈpɜːməfrɒst/	The {permafrost} in Siberia is thawing.
pollutant	ifloslantiruvchi modda	n	/pəˈluːtənt/	Lead is a dangerous {pollutant}.
precipitation	yog'ingarchilik	n	/prɪˌsɪpɪˈteɪʃn/	The region gets little {precipitation}.
preservation	saqlash, asrash	n	/ˌprezəˈveɪʃn/	The {preservation} of old buildings is important.
rainfall	yog'in miqdori	n	/ˈreɪnfɔːl/	Annual {rainfall} here is very low.
reforestation	o'rmonlarni qayta tiklash	n	/ˌriːˌfɒrɪˈsteɪʃn/	{Reforestation} projects are planting millions of trees.
reservoir	suv ombori	n	/ˈrezəvwɑː/	The city gets its water from a {reservoir}.
sanctuary	qo'riqxona, boshpana	n	/ˈsæŋktʃuəri/	The island is a bird {sanctuary}.
solar power	quyosh energiyasi	phrase	/ˌsəʊlə ˈpaʊə/	The village runs on {solar power}.
temperate	mo'tadil	adj	/ˈtempərət/	Britain has a {temperate} climate.
tropical	tropik	adj	/ˈtrɒpɪkl/	Bananas grow in {tropical} countries.
urban sprawl	shaharning tartibsiz kengayishi	phrase	/ˌɜːbən ˈsprɔːl/	{Urban sprawl} is eating up farmland.
wildfire	o'rmon yong'ini	n	/ˈwaɪldfaɪə/	A {wildfire} destroyed thousands of hectares.
zero waste	chiqindisiz	phrase	/ˌzɪərəʊ ˈweɪst/	The café follows a {zero waste} policy.
drought-resistant	qurg'oqchilikka chidamli	adj	/ˈdraʊt rɪzɪstənt/	Farmers are planting {drought-resistant} crops.
desalination	suvni tuzsizlantirish	n	/diːˌsælɪˈneɪʃn/	{Desalination} turns sea water into drinking water.
dam	to'g'on	n	/dæm/	The {dam} provides electricity for the region.
groundwater	yer osti suvi	n	/ˈɡraʊndwɔːtə/	Farmers are using too much {groundwater}.
basin	havza	n	/ˈbeɪsn/	The Aral Sea {basin} covers five countries.
continent	qit'a	n	/ˈkɒntɪnənt/	Asia is the largest {continent}.
equator	ekvator	n	/ɪˈkweɪtə/	It is hot all year near the {equator}.
hemisphere	yarimshar	n	/ˈhemɪsfɪə/	Uzbekistan is in the northern {hemisphere}.
latitude	kenglik	n	/ˈlætɪtjuːd/	Tashkent and Madrid are at a similar {latitude}.
longitude	uzunlik (geografik)	n	/ˈlɒŋɡɪtjuːd/	The map shows lines of {longitude}.
altitude	balandlik (dengiz sathidan)	n	/ˈæltɪtjuːd/	The plane flies at an {altitude} of 10,000 metres.
gorge	dara, tor jarlik	n	/ɡɔːdʒ/	The river runs through a deep {gorge}.
oasis	voha	n	/əʊˈeɪsɪs/	Khiva grew up around an {oasis} in the desert.
steppe	dasht	n	/step/	Horses ran across the {steppe}.
dune	qum tepa	n	/djuːn/	We climbed a sand {dune} in the desert.
archipelago	arxipelag	n	/ˌɑːkɪˈpeləɡəʊ/	Indonesia is the largest {archipelago} in the world.
peninsula	yarimorol	n	/pəˈnɪnsjələ/	Crimea is a {peninsula}.
mainland	materik	n	/ˈmeɪnlænd/	The ferry takes you from the island to the {mainland}.
tributary	irmoq	n	/ˈtrɪbjətri/	The Chirchiq is a {tributary} of the Syr Darya.
geyser	geyzer	n	/ˈɡiːzə/	The {geyser} shoots hot water into the air.
lava	lava	n	/ˈlɑːvə/	Hot {lava} poured down the mountain.
eruption	otilish (vulqon)	n	/ɪˈrʌpʃn/	The {eruption} covered the town in ash.
erupt	otilmoq (vulqon)	v	/ɪˈrʌpt/	The volcano could {erupt} at any time.
seismic	seysmik	adj	/ˈsaɪzmɪk/	Tashkent is in a {seismic} zone.
aftershock	takroriy silkinish	n	/ˈɑːftəʃɒk/	An {aftershock} was felt the next morning.
fault line	yoriq chizig'i	phrase	/ˈfɔːlt laɪn/	The city is built on a {fault line}.
cyclone	siklon	n	/ˈsaɪkləʊn/	The {cyclone} hit the coast at night.
carbon capture	uglerodni ushlab qolish	phrase	/ˈkɑːbən kæptʃə/	{Carbon capture} technology is still expensive.
green energy	yashil energiya	phrase	/ˌɡriːn ˈenədʒi/	The government is investing in {green energy}.
ecotourism	ekoturizm	n	/ˈiːkəʊtʊərɪzəm/	{Ecotourism} brings money to remote villages.
ivory	fil suyagi	n	/ˈaɪvəri/	The trade in {ivory} is banned.
food chain	oziq zanjiri	phrase	/ˈfuːd tʃeɪn/	Sharks are at the top of the {food chain}.
biosphere	biosfera	n	/ˈbaɪəʊsfɪə/	Humans are changing the {biosphere}.
pollination	changlanish	n	/ˌpɒləˈneɪʃn/	Bees are important for {pollination}.
invasive species	invaziv tur	phrase	/ɪnˌveɪsɪv ˈspiːʃiːz/	The rabbit is an {invasive species} in Australia.
rewilding	tabiatni yovvoyi holiga qaytarish	n	/ˌriːˈwaɪldɪŋ/	{Rewilding} has brought wolves back to the park.
environmentally friendly	atrof-muhitga zararsiz	phrase	/ɪnˌvaɪrənmentəli ˈfrendli/	Trains are more {environmentally friendly} than planes.
polar	qutb	adj	/ˈpəʊlə/	The {polar} bear is losing its habitat.
glacial	muzlik	adj	/ˈɡleɪʃl/	The lake was formed by {glacial} ice.
ravine	jar, dara	n	/rəˈviːn/	The car fell into a {ravine}.
waterway	suv yo'li	n	/ˈwɔːtəweɪ/	The canal is an important {waterway}.
coastal	qirg'oqbo'yi	adj	/ˈkəʊstl/	{Coastal} towns are at risk from rising seas.
landlocked	dengizga chiqishi yo'q	adj	/ˈlændlɒkt/	Uzbekistan is a doubly {landlocked} country.
outcrop	yer yuzasiga chiqqan qoya	n	/ˈaʊtkrɒp/	We had lunch on a rocky {outcrop}.
thaw	erimoq (muz)	v	/θɔː/	The snow begins to {thaw} in March.
uninhabited	odam yashamaydigan	adj	/ˌʌnɪnˈhæbɪtɪd/	The island has been {uninhabited} for centuries.
fertility	unumdorlik	n	/fəˈtɪləti/	Compost improves the {fertility} of the soil.
water scarcity	suv tanqisligi	phrase	/ˈwɔːtə skeəsəti/	{Water scarcity} is a growing problem in Central Asia.
drainage	drenaj, suv qochirish	n	/ˈdreɪnɪdʒ/	Poor {drainage} caused the field to flood.
landmass	quruqlik	n	/ˈlændmæs/	Eurasia is the largest {landmass} on Earth.
# Stage 10: law, justice and ethics
abolish	bekor qilmoq (qonun, tizim)	v	/əˈbɒlɪʃ/	Many countries have decided to {abolish} the death penalty.
abolition	bekor qilinishi	n	/ˌæbəˈlɪʃn/	The {abolition} of slavery took many years.
abuse	suiiste'mol, zo'ravonlik	n	/əˈbjuːs/	The report describes the {abuse} of power by officials.
accomplice	sherik (jinoyatda)	n	/əˈkʌmplɪs/	The thief's {accomplice} was waiting in the car.
admissible	qabul qilinadigan (sudda)	adj	/ədˈmɪsəbl/	The recording is not {admissible} as evidence.
allegedly	aytilishicha, go'yoki	adv	/əˈledʒɪdli/	He {allegedly} stole two million dollars.
amendment	o'zgartirish (qonunga)	n	/əˈmendmənt/	Parliament voted for an {amendment} to the law.
appeal	apellyatsiya, murojaat	n	/əˈpiːl/	He lost his {appeal} against the sentence.
arbitration	hakamlik sudi	n	/ˌɑːbɪˈtreɪʃn/	The dispute was settled by {arbitration}.
attorney	advokat	n	/əˈtɜːni/	His {attorney} advised him not to speak.
barrister	advokat (sudda himoya qiluvchi)	n	/ˈbærɪstə/	The {barrister} made a powerful speech in court.
breach	buzish (shartnoma, qoida)	n	/briːtʃ/	This is a clear {breach} of contract.
burden of proof	isbotlash majburiyati	phrase	/ˌbɜːdn əv ˈpruːf/	The {burden of proof} is on the prosecution.
civil rights	fuqarolik huquqlari	phrase	/ˌsɪvl ˈraɪts/	Martin Luther King fought for {civil rights}.
compensate	tovon to'lamoq	v	/ˈkɒmpenseɪt/	The company will {compensate} the victims.
conspiracy	fitna	n	/kənˈspɪrəsi/	They were found guilty of {conspiracy} to commit fraud.
culprit	aybdor	n	/ˈkʌlprɪt/	The police are still looking for the {culprit}.
deport	deportatsiya qilmoq	v	/dɪˈpɔːt/	The government decided to {deport} him to his home country.
deportation	deportatsiya	n	/ˌdiːpɔːˈteɪʃn/	He is fighting {deportation}.
detain	ushlab turmoq, hibsga olmoq	v	/dɪˈteɪn/	The police can {detain} a suspect for 48 hours.
due process	qonuniy tartib	phrase	/ˌdjuː ˈprəʊses/	Everyone has the right to {due process}.
enforce	amalga oshirmoq (qonunni)	v	/ɪnˈfɔːs/	The police must {enforce} the law.
enforcement	ijro etish	n	/ɪnˈfɔːsmənt/	Law {enforcement} officers arrived quickly.
extradite	ekstraditsiya qilmoq	v	/ˈekstrədaɪt/	The court agreed to {extradite} him to Germany.
fugitive	qochoq	n	/ˈfjuːdʒətɪv/	The {fugitive} was caught at the border.
homicide	qotillik	n	/ˈhɒmɪsaɪd/	The police are treating the death as {homicide}.
impartial	xolis	adj	/ɪmˈpɑːʃl/	A judge must be {impartial}.
indictment	ayblov xulosasi	n	/ɪnˈdaɪtmənt/	The {indictment} lists twelve crimes.
infringe	buzmoq (huquqni)	v	/ɪnˈfrɪndʒ/	The new rules {infringe} on our privacy.
infringement	buzish (huquq)	n	/ɪnˈfrɪndʒmənt/	Copying the song was a copyright {infringement}.
inmate	mahbus	n	/ˈɪnmeɪt/	An {inmate} escaped from the prison last night.
intellectual property	intellektual mulk	phrase	/ˌɪntəlektʃuəl ˈprɒpəti/	Software is protected as {intellectual property}.
interrogate	so'roq qilmoq	v	/ɪnˈterəɡeɪt/	The police will {interrogate} the suspect.
interrogation	so'roq	n	/ɪnˌterəˈɡeɪʃn/	He confessed during the {interrogation}.
judicial	sud	adj	/dʒuˈdɪʃl/	The country needs an independent {judicial} system.
judiciary	sud hokimiyati	n	/dʒuˈdɪʃəri/	The {judiciary} must be independent of the government.
jurisdiction	yurisdiksiya, vakolat doirasi	n	/ˌdʒʊərɪsˈdɪkʃn/	This case is outside the court's {jurisdiction}.
legislate	qonun chiqarmoq	v	/ˈledʒɪsleɪt/	The government plans to {legislate} against plastic bags.
legitimate	qonuniy, asosli	adj	/lɪˈdʒɪtɪmət/	Is this a {legitimate} business?
liable	javobgar	adj	/ˈlaɪəbl/	The driver is {liable} for the damage.
litigation	sud jarayoni	n	/ˌlɪtɪˈɡeɪʃn/	The company is involved in costly {litigation}.
magistrate	magistrat, sudya	n	/ˈmædʒɪstreɪt/	He appeared before a {magistrate} this morning.
manslaughter	ehtiyotsizlikdan odam o'ldirish	n	/ˈmænslɔːtə/	The driver was found guilty of {manslaughter}.
misconduct	noloyiq xatti-harakat	n	/ˌmɪsˈkɒndʌkt/	The doctor was dismissed for professional {misconduct}.
misdemeanour	yengil huquqbuzarlik	n	/ˌmɪsdɪˈmiːnə/	Crossing the road on red is a {misdemeanour}.
negligence	beparvolik (jinoiy)	n	/ˈneɡlɪdʒəns/	The accident was caused by {negligence}.
negligent	beparvo	adj	/ˈneɡlɪdʒənt/	The hospital was {negligent} in its care of the patient.
overturn	bekor qilmoq (qarorni)	v	/ˌəʊvəˈtɜːn/	The higher court may {overturn} the decision.
pardon	avf	n	/ˈpɑːdn/	The president granted him a {pardon}.
perjury	yolg'on guvohlik	n	/ˈpɜːdʒəri/	She was charged with {perjury}.
plaintiff	da'vogar	n	/ˈpleɪntɪf/	The {plaintiff} asked for $10,000 in damages.
plea	iltijo; sudda javob	n	/pliː/	He entered a {plea} of not guilty.
precedent	pretsedent	n	/ˈpresɪdənt/	The case set a {precedent} for future trials.
premeditated	oldindan o'ylangan	adj	/ˌpriːˈmedɪteɪtɪd/	It was a {premeditated} attack.
prosecution	ayblov tomoni	n	/ˌprɒsɪˈkjuːʃn/	The {prosecution} called its first witness.
ransom	to'lov (garovdagi odam uchun)	n	/ˈrænsəm/	The kidnappers demanded a {ransom}.
repeal	bekor qilmoq (qonunni)	v	/rɪˈpiːl/	Parliament voted to {repeal} the old law.
statute	nizom, qonun	n	/ˈstætʃuːt/	The {statute} was passed in 1995.
summon	chaqirmoq (sudga)	v	/ˈsʌmən/	The court will {summon} three witnesses.
trespass	ruxsatsiz kirmoq	v	/ˈtrespəs/	Do not {trespass} on private land.
tribunal	tribunal, maxsus sud	n	/traɪˈbjuːnl/	The case went to an employment {tribunal}.
uphold	qo'llab-quvvatlamoq, o'z kuchida qoldirmoq	v	/ʌpˈhəʊld/	The court decided to {uphold} the ban.
vigilante	o'zboshimchalik bilan jazo beruvchi	n	/ˌvɪdʒɪˈlænti/	The {vigilante} attacked the man he thought was a thief.
violation	buzilish	n	/ˌvaɪəˈleɪʃn/	This is a {violation} of human rights.
violate	buzmoq	v	/ˈvaɪəleɪt/	The company did not {violate} any rules.
cartel	kartel	n	/kɑːˈtel/	A drug {cartel} controls the region.
extortion	tovlamachilik	n	/ɪkˈstɔːʃn/	The gang was arrested for {extortion}.
fraudster	firibgar	n	/ˈfrɔːdstə/	The {fraudster} sold fake tickets online.
heist	yirik o'g'irlik	n	/haɪst/	The film is about a bank {heist}.
hooligan	bezori	n	/ˈhuːlɪɡən/	A {hooligan} threw a bottle at the players.
juvenile	voyaga yetmagan	adj	/ˈdʒuːvənaɪl/	He was sent to a {juvenile} detention centre.
loot	talon-taroj qilmoq	v	/luːt/	Rioters began to {loot} the shops.
looting	talonchilik	n	/ˈluːtɪŋ/	There was widespread {looting} after the earthquake.
perpetrator	jinoyat sodir etuvchi	n	/ˈpɜːpətreɪtə/	The {perpetrator} of the attack was never found.
reoffend	qayta jinoyat qilmoq	v	/ˌriːəˈfend/	Education helps prisoners not to {reoffend}.
stalker	ta'qib qiluvchi	n	/ˈstɔːkə/	The actress was followed by a {stalker}.
stalk	yashirincha ta'qib qilmoq	v	/stɔːk/	It is a crime to {stalk} someone.
thug	bezori, zo'ravon	n	/θʌɡ/	A {thug} attacked him in the street.
trafficking	noqonuniy savdo (odam, giyohvand)	n	/ˈtræfɪkɪŋ/	Human {trafficking} is a terrible crime.
ethics	axloq, etika	n	/ˈeθɪks/	Medical {ethics} are taught to all doctors.
ethical	axloqiy	adj	/ˈeθɪkl/	Is it {ethical} to test products on animals?
unethical	axloqsiz, axloqqa zid	adj	/ʌnˈeθɪkl/	It's {unethical} to lie to patients.
moral	axloqiy	adj	/ˈmɒrəl/	We have a {moral} duty to help refugees.
morality	axloq	n	/məˈræləti/	The film raises questions of {morality}.
dilemma	dilemma, ikki yo'l orasida qolish	n	/dɪˈlemə/	I'm in a {dilemma} — should I tell her the truth?
wrongdoing	noto'g'ri ish, qonunbuzarlik	n	/ˈrɒŋduːɪŋ/	The minister denied any {wrongdoing}.
wrongful	noqonuniy, nohaq	adj	/ˈrɒŋfl/	He sued for {wrongful} dismissal.
lawmaker	qonun chiqaruvchi	n	/ˈlɔːmeɪkə/	The {lawmaker} proposed a new bill.
legality	qonuniylik	n	/liːˈɡæləti/	Lawyers questioned the {legality} of the decision.
enforceable	ijro etilishi mumkin	adj	/ɪnˈfɔːsəbl/	The contract is not legally {enforceable}.
sentencing	hukm chiqarish	n	/ˈsentənsɪŋ/	{Sentencing} will take place next week.
mistrial	bekor qilingan sud jarayoni	n	/ˈmɪstraɪəl/	The judge declared a {mistrial}.
acquittal	oqlov	n	/əˈkwɪtl/	The trial ended in {acquittal}.
bystander	chetdan kuzatuvchi	n	/ˈbaɪstændə/	An innocent {bystander} was hurt in the fight.
coercion	majburlash	n	/kəʊˈɜːʃn/	He said he confessed under {coercion}.
impunity	jazosizlik	n	/ɪmˈpjuːnəti/	The gangs acted with {impunity}.
copyright	mualliflik huquqi	n	/ˈkɒpiraɪt/	The book is protected by {copyright}.
juror	hakamlar hay'ati a'zosi	n	/ˈdʒʊərə/	Each {juror} must listen carefully to the evidence.
prosecutor's office	prokuratura	phrase	/ˈprɒsɪkjuːtəz ɒfɪs/	The case was sent to the {prosecutor's office}.
legal aid	bepul yuridik yordam	phrase	/ˌliːɡl ˈeɪd/	People on low incomes can get {legal aid}.
# Stage 11: politics, society and global issues
advocacy	himoya qilish, targ'ib qilish	n	/ˈædvəkəsi/	The group does {advocacy} for disabled people.
anarchy	anarxiya, boshboshdoqlik	n	/ˈænəki/	After the government fell, there was {anarchy}.
authoritarian	avtoritar	adj	/ɔːˌθɒrɪˈteəriən/	The country has an {authoritarian} government.
autonomy	muxtoriyat	n	/ɔːˈtɒnəmi/	Karakalpakstan has a degree of {autonomy}.
autonomous	muxtor	adj	/ɔːˈtɒnəməs/	It is an {autonomous} region.
backlash	keskin norozilik	n	/ˈbæklæʃ/	The new tax caused a public {backlash}.
bureaucrat	byurokrat, amaldor	n	/ˈbjʊərəkræt/	Every {bureaucrat} asked for another form.
coup	davlat to'ntarishi	n	/kuː/	The army took power in a {coup}.
constituency	saylov okrugi	n	/kənˈstɪtjuənsi/	He represents a rural {constituency}.
democratic	demokratik	adj	/ˌdeməˈkrætɪk/	The country held its first {democratic} elections.
demographic	demografik	adj	/ˌdeməˈɡræfɪk/	The country faces {demographic} changes.
dissent	norozilik, turli fikr	n	/dɪˈsent/	The government does not tolerate {dissent}.
dissident	dissident, muxolif	n	/ˈdɪsɪdənt/	The {dissident} was forced to leave the country.
egalitarian	tenglik tarafdori	adj	/iˌɡælɪˈteəriən/	They want a more {egalitarian} society.
electorate	saylovchilar	n	/ɪˈlektərət/	Young people make up a large part of the {electorate}.
elite	elita, saralar	n	/eɪˈliːt/	Power is in the hands of a small {elite}.
embargo	embargo, taqiq	n	/ɪmˈbɑːɡəʊ/	There is an {embargo} on arms sales to the country.
espionage	josuslik	n	/ˈespiənɑːʒ/	He was arrested for {espionage}.
exile	surgun	n	/ˈeksaɪl/	The writer lived in {exile} for twenty years.
extremism	ekstremizm	n	/ɪkˈstriːmɪzəm/	Education is the best weapon against {extremism}.
extremist	ekstremist	n	/ɪkˈstriːmɪst/	The {extremist} was arrested before the attack.
federal	federal	adj	/ˈfedərəl/	Germany has a {federal} system of government.
genocide	genotsid	n	/ˈdʒenəsaɪd/	The world must never forget the {genocide}.
geopolitical	geosiyosiy	adj	/ˌdʒiːəʊpəˈlɪtɪkl/	Central Asia has great {geopolitical} importance.
grassroots	oddiy xalq darajasidagi	adj	/ˈɡrɑːsruːts/	The movement began at a {grassroots} level.
humanitarian	insonparvarlik	adj	/hjuːˌmænɪˈteəriən/	The UN sent {humanitarian} aid to the region.
ideology	mafkura	n	/ˌaɪdiˈɒlədʒi/	The party has a clear political {ideology}.
ideological	mafkuraviy	adj	/ˌaɪdiəˈlɒdʒɪkl/	There are deep {ideological} differences between them.
impeach	impichment e'lon qilmoq	v	/ɪmˈpiːtʃ/	Parliament voted to {impeach} the president.
inauguration	inauguratsiya, lavozimga kirishish	n	/ɪˌnɔːɡjəˈreɪʃn/	Thousands attended the president's {inauguration}.
incumbent	amaldagi (lavozimdagi) shaxs	n	/ɪnˈkʌmbənt/	The {incumbent} won the election easily.
legislature	qonun chiqaruvchi organ	n	/ˈledʒɪsleɪtʃə/	The {legislature} passed the budget.
liberal	liberal	adj	/ˈlɪbərəl/	She has {liberal} views on education.
conservative	konservativ	adj	/kənˈsɜːvətɪv/	My grandparents are quite {conservative}.
left-wing	so'l qanot	adj	/ˌleft ˈwɪŋ/	He writes for a {left-wing} newspaper.
right-wing	o'ng qanot	adj	/ˌraɪt ˈwɪŋ/	The {right-wing} party wants lower taxes.
lobby	lobbi qilmoq	v	/ˈlɒbi/	Companies {lobby} politicians to change the law.
manifesto	manifest, saylov dasturi	n	/ˌmænɪˈfestəʊ/	The party published its election {manifesto}.
marginalised	chetga surilgan	adj	/ˈmɑːdʒɪnəlaɪzd/	The charity works with {marginalised} groups.
militant	jangari	adj	/ˈmɪlɪtənt/	A {militant} group claimed the attack.
mobilise	safarbar qilmoq	v	/ˈməʊbəlaɪz/	The union will {mobilise} its members.
oppress	ezmoq, zulm qilmoq	v	/əˈpres/	The regime continued to {oppress} its people.
oppression	zulm	n	/əˈpreʃn/	They fought against {oppression}.
oppressive	zulmkor	adj	/əˈpresɪv/	The {oppressive} government banned all protests.
parliamentary	parlament	adj	/ˌpɑːləˈmentri/	{Parliamentary} elections will be held in December.
partisan	partiyaviy, tarafkash	adj	/ˌpɑːtɪˈzæn/	The debate became very {partisan}.
persecution	ta'qib	n	/ˌpɜːsɪˈkjuːʃn/	They fled from religious {persecution}.
persecute	ta'qib qilmoq (dini, fikri uchun)	v	/ˈpɜːsɪkjuːt/	No one should {persecute} people for their beliefs.
polarised	qutblarga bo'lingan	adj	/ˈpəʊləraɪzd/	Society is deeply {polarised} on this issue.
populism	populizm	n	/ˈpɒpjəlɪzəm/	{Populism} is rising in many countries.
populist	populist	adj	/ˈpɒpjəlɪst/	The {populist} leader promised free electricity.
radical	tub, radikal	adj	/ˈrædɪkl/	The country needs {radical} reform.
resolution	qaror, rezolyutsiya	n	/ˌrezəˈluːʃn/	The UN passed a {resolution} on the conflict.
secular	dunyoviy	adj	/ˈsekjələ/	Uzbekistan is a {secular} state.
sovereignty	suverenitet	n	/ˈsɒvrənti/	The country defended its {sovereignty}.
sovereign	suveren, mustaqil	adj	/ˈsɒvrɪn/	Every {sovereign} state has its own laws.
superpower	super davlat	n	/ˈsuːpəpaʊə/	China is an economic {superpower}.
totalitarian	totalitar	adj	/təʊˌtælɪˈteəriən/	Life under a {totalitarian} regime was hard.
uprising	qo'zg'olon	n	/ˈʌpraɪzɪŋ/	The {uprising} was crushed by the army.
veto	veto	n	/ˈviːtəʊ/	The president used his {veto} to block the law.
warfare	urush (usuli)	n	/ˈwɔːfeə/	Modern {warfare} uses drones.
xenophobia	ksenofobiya	n	/ˌzenəˈfəʊbiə/	The campaign fights {xenophobia}.
social justice	ijtimoiy adolat	phrase	/ˌsəʊʃl ˈdʒʌstɪs/	She has spent her life fighting for {social justice}.
social mobility	ijtimoiy harakatchanlik	phrase	/ˌsəʊʃl məʊˈbɪləti/	Education increases {social mobility}.
foreign aid	xorijiy yordam	phrase	/ˌfɒrən ˈeɪd/	The country depends on {foreign aid}.
developing country	rivojlanayotgan mamlakat	phrase	/dɪˌveləpɪŋ ˈkʌntri/	Many people in a {developing country} work on farms.
developed country	rivojlangan mamlakat	phrase	/dɪˌveləpt ˈkʌntri/	A {developed country} usually has good healthcare.
brain drain	intellektual resurslar chiqib ketishi	phrase	/ˈbreɪn dreɪn/	The {brain drain} is a problem for many poor countries.
migrant	migrant	n	/ˈmaɪɡrənt/	Every {migrant} worker sends money home.
displaced	uy-joyidan ayrilgan	adj	/dɪsˈpleɪst/	The war left millions of people {displaced}.
stateless	fuqaroligi yo'q	adj	/ˈsteɪtləs/	Thousands of {stateless} people live in the camps.
child labour	bolalar mehnati	phrase	/ˌtʃaɪld ˈleɪbə/	{Child labour} is illegal in the cotton fields.
gender equality	gender tengligi	phrase	/ˌdʒendər ɪˈkwɒləti/	The school promotes {gender equality}.
empowerment	imkoniyatlarni kengaytirish	n	/ɪmˈpaʊəmənt/	The project supports the {empowerment} of women.
welfare state	ijtimoiy davlat	phrase	/ˌwelfeə ˈsteɪt/	Sweden is a famous {welfare state}.
civil society	fuqarolik jamiyati	phrase	/ˌsɪvl səˈsaɪəti/	A strong {civil society} is important for democracy.
NGO	nodavlat tashkilot	n	/ˌen dʒiː ˈəʊ/	She works for an {NGO} that helps orphans.
non-profit	notijorat	adj	/ˌnɒn ˈprɒfɪt/	It is a {non-profit} organisation.
philanthropy	xayriya faoliyati	n	/fɪˈlænθrəpi/	He is known for his {philanthropy}.
activism	faollik	n	/ˈæktɪvɪzəm/	Climate {activism} is growing among students.
civil disobedience	fuqarolik itoatsizligi	phrase	/ˌsɪvl dɪsəˈbiːdiəns/	Gandhi used {civil disobedience} against British rule.
hunger strike	ochlik e'lon qilish	phrase	/ˈhʌŋɡə straɪk/	The prisoner went on {hunger strike}.
spin doctor	siyosiy imidj ustasi	phrase	/ˈspɪn dɒktə/	The minister's {spin doctor} wrote the statement.
transparency	shaffoflik	n	/trænsˈpærənsi/	We need more {transparency} in government spending.
transparent	shaffof	adj	/trænsˈpærənt/	The process must be fair and {transparent}.
nepotism	qarindosh-urug'chilik	n	/ˈnepətɪzəm/	He got the job through {nepotism}.
lobbying	lobbichilik	n	/ˈlɒbiɪŋ/	{Lobbying} by oil companies delayed the law.
refugee camp	qochoqlar lageri	phrase	/refjuˈdʒiː kæmp/	Thousands of families live in the {refugee camp}.
geopolitics	geosiyosat	n	/ˌdʒiːəʊˈpɒlətɪks/	{Geopolitics} affects the price of oil.
statesman	davlat arbobi	n	/ˈsteɪtsmən/	He was a respected {statesman}.
bipartisan	ikki partiyaviy	adj	/ˌbaɪpɑːtɪˈzæn/	The law had {bipartisan} support.
diplomatic immunity	diplomatik daxlsizlik	phrase	/ˌdɪpləmætɪk ɪˈmjuːnəti/	The ambassador has {diplomatic immunity}.
insurgent	isyonchi	n	/ɪnˈsɜːdʒənt/	An {insurgent} group attacked the base.
peacekeeping	tinchlikparvar	adj	/ˈpiːskiːpɪŋ/	UN {peacekeeping} troops arrived in the area.
annex	qo'shib olmoq (hududni)	v	/əˈneks/	The country tried to {annex} part of its neighbour.
secession	ajralib chiqish	n	/sɪˈseʃn/	The region voted for {secession}.
subjugate	bo'ysundirmoq	v	/ˈsʌbdʒuɡeɪt/	The empire tried to {subjugate} the tribes.
disenfranchised	huquqidan mahrum	adj	/ˌdɪsɪnˈfræntʃaɪzd/	Many poor voters feel {disenfranchised}.
suffrage	saylov huquqi	n	/ˈsʌfrɪdʒ/	Women won {suffrage} in the early twentieth century.
electoral	saylov	adj	/ɪˈlektərəl/	The country changed its {electoral} system.
# Stage 12: describing people, movement, homes and food
bald	kal	adj	/bɔːld/	My father went {bald} when he was forty.
chubby	to'lagina, lo'ppi	adj	/ˈtʃʌbi/	The baby has {chubby} cheeks.
dimple	chuqurcha (yuzda)	n	/ˈdɪmpl/	She has a {dimple} when she smiles.
clean-shaven	soqoli olingan	adj	/ˌkliːn ˈʃeɪvn/	He is always {clean-shaven}.
complexion	yuz rangi	n	/kəmˈplekʃn/	She has a pale {complexion}.
frown	qovog'ini solmoq	v	/fraʊn/	Why do you {frown} every time I sing?
gaze	tikilib qaramoq	v	/ɡeɪz/	We love to {gaze} at the stars.
glance	ko'z qirini tashlamoq	v	/ɡlɑːns/	She didn't even {glance} at me.
glare	o'qrayib qaramoq	v	/ɡleə/	The teacher began to {glare} at the noisy boys.
stare	tikilmoq	v	/steə/	It's rude to {stare} at people.
glimpse	ko'rinish (bir lahza)	n	/ɡlɪmps/	I caught a {glimpse} of the singer as she left.
grin	tirjaymoq, jilmaymoq	v	/ɡrɪn/	He couldn't help but {grin} when he saw his mark.
lanky	novcha va ozg'in	adj	/ˈlæŋki/	He was a {lanky} teenager with long legs.
muscular	mushakdor	adj	/ˈmʌskjələ/	He has a {muscular} body from years of wrestling.
pale	rangpar	adj	/peɪl/	You look {pale} — are you feeling OK?
plump	to'la, semizroq	adj	/plʌmp/	The cook was a {plump} and cheerful woman.
ponytail	quyruq soch	n	/ˈpəʊniteɪl/	She wears her hair in a {ponytail}.
scruffy	ust-boshi tartibsiz	adj	/ˈskrʌfi/	He looked {scruffy} in his old jeans.
skinny	juda ozg'in	adj	/ˈskɪni/	She was a {skinny} child.
slender	xipcha, nozik	adj	/ˈslendə/	The dancer has a {slender} figure.
stocky	pakana va baquvvat	adj	/ˈstɒki/	The wrestler is short and {stocky}.
stubble	o'sgan soqol (kalta)	n	/ˈstʌbl/	He had two days' {stubble} on his chin.
tanned	oftobda qoraygan	adj	/tænd/	She came back from holiday {tanned} and relaxed.
well-built	baquvvat, gavdali	adj	/ˌwel ˈbɪlt/	The guard was a tall, {well-built} man.
wrinkled	ajin bosgan	adj	/ˈrɪŋkld/	Grandma's hands are {wrinkled} but strong.
youthful	yoshlarga xos	adj	/ˈjuːθfl/	She has a {youthful} appearance for her age.
limp	oqsoqlanmoq	v	/lɪmp/	After the fall, he began to {limp}.
stagger	gandiraklamoq	v	/ˈstæɡə/	The injured man tried to {stagger} to the door.
stroll	sayr qilmoq	v	/strəʊl/	We like to {stroll} along the river after dinner.
stride	katta qadamlar bilan yurmoq	v	/straɪd/	He watched her {stride} confidently across the room.
tiptoe	oyoq uchida yurmoq	v	/ˈtɪptəʊ/	We had to {tiptoe} past the sleeping baby.
wander	sang'imoq, kezmoq	v	/ˈwɒndə/	We spent the day letting the children {wander} around the old town.
crawl	emaklamoq	v	/krɔːl/	The baby is starting to {crawl}.
shrug	yelka qismoq	v	/ʃrʌɡ/	He could only {shrug} when I asked him.
wink	ko'z qismoq	v	/wɪŋk/	I saw him {wink} at his friend.
sigh	xo'rsinmoq	v	/saɪ/	She began to {sigh} with relief.
blush	qizarmoq (uyalganda)	v	/blʌʃ/	She tends to {blush} when people praise her.
giggle	piqillab kulmoq	v	/ˈɡɪɡl/	The girls began to {giggle} at the back of the class.
chuckle	kulib qo'ymoq	v	/ˈtʃʌkl/	Grandpa would {chuckle} at his own jokes.
sob	o'kirib yig'lamoq	v	/sɒb/	The little girl started to {sob} when she lost her doll.
weep	yig'lamoq	v	/wiːp/	She began to {weep} at the sad news.
gasp	nafasi tiqilmoq (hayratdan)	v	/ɡɑːsp/	People began to {gasp} when the acrobat fell.
groan	ingramoq	v	/ɡrəʊn/	The students started to {groan} when the teacher gave more homework.
clutter	tartibsiz narsalar	n	/ˈklʌtə/	Clear the {clutter} off your desk.
cluttered	narsalar bilan to'lib ketgan	adj	/ˈklʌtəd/	His room is always {cluttered}.
cramped	tor, siqiq	adj	/kræmpt/	Five of us live in a {cramped} flat.
draughty	yel o'tadigan, shamollatadigan	adj	/ˈdrɑːfti/	The old house is cold and {draughty}.
dilapidated	vayrona, qarovsiz	adj	/dɪˈlæpɪdeɪtɪd/	They bought a {dilapidated} house in the village.
spotless	top-toza	adj	/ˈspɒtləs/	Her kitchen is always {spotless}.
immaculate	benuqson	adj	/ɪˈmækjələt/	He was wearing an {immaculate} white shirt.
homely	uydagidek qulay	adj	/ˈhəʊmli/	The guesthouse has a warm, {homely} feel.
airy	yorug' va keng	adj	/ˈeəri/	The flat is light and {airy}.
declutter	keraksiz narsalardan tozalamoq	v	/ˌdiːˈklʌtə/	I want to {declutter} my wardrobe.
mould	mog'or	n	/məʊld/	There is {mould} on the bathroom wall.
plumbing	suv quvurlari tizimi	n	/ˈplʌmɪŋ/	The {plumbing} in the old building is terrible.
wiring	elektr simlari	n	/ˈwaɪərɪŋ/	The fire was caused by faulty {wiring}.
drain	oqava quvuri	n	/dreɪn/	The {drain} in the kitchen is blocked.
unblock	tiqilishini ochmoq	v	/ˌʌnˈblɒk/	We called a plumber to {unblock} the sink.
vacuum	changyutgich bilan tozalamoq	v	/ˈvækjuːm/	I {vacuum} the carpet every Saturday.
scrub	ishqalab yuvmoq	v	/skrʌb/	You'll need to {scrub} the pan to get it clean.
rinse	chayqamoq	v	/rɪns/	{Rinse} the rice before you cook it.
soak	ivitmoq, ho'llamoq	v	/səʊk/	{Soak} the beans overnight.
laundry	kir	n	/ˈlɔːndri/	I do the {laundry} on Sundays.
detergent	yuvish vositasi	n	/dɪˈtɜːdʒənt/	Use less {detergent} in the washing machine.
bleach	oqartiruvchi	n	/bliːtʃ/	Don't use {bleach} on coloured clothes.
bland	ta'msiz	adj	/blænd/	The soup was rather {bland}.
crispy	qarsildoq	adj	/ˈkrɪspi/	I like my chips {crispy}.
crunchy	qirsillaydigan	adj	/ˈkrʌntʃi/	These apples are sweet and {crunchy}.
greasy	yog'li	adj	/ˈɡriːsi/	I don't like {greasy} food.
juicy	sersuv, shirali	adj	/ˈdʒuːsi/	The peaches are ripe and {juicy}.
mouth-watering	og'izni suvlantiradigan	adj	/ˈmaʊθ wɔːtərɪŋ/	There was a {mouth-watering} smell of fresh bread.
savoury	sho'r (shirin emas)	adj	/ˈseɪvəri/	I prefer {savoury} snacks to sweets.
stale	qotib qolgan (non)	adj	/steɪl/	The bread is {stale}.
tender	yumshoq (go'sht)	adj	/ˈtendə/	The lamb was {tender} and delicious.
tough	qattiq; og'ir	adj	/tʌf/	The meat is too {tough} to eat.
overcooked	o'ta pishib ketgan	adj	/ˌəʊvəˈkʊkt/	The pasta was {overcooked}.
undercooked	chala pishgan	adj	/ˌʌndəˈkʊkt/	{Undercooked} chicken can make you ill.
simmer	past olovda qaynatmoq	v	/ˈsɪmə/	Let the soup {simmer} for twenty minutes.
marinate	marinadlamoq	v	/ˈmærɪneɪt/	{Marinate} the meat in onion and spices.
garnish	bezamoq (taomni)	v	/ˈɡɑːnɪʃ/	{Garnish} the plov with fresh herbs.
sprinkle	sepmoq	v	/ˈsprɪŋkl/	{Sprinkle} some sugar on top.
whisk	ko'pirtirmoq	v	/wɪsk/	{Whisk} the eggs and milk together.
knead	qormoq (xamir)	v	/niːd/	You need to {knead} the dough for ten minutes.
skewer	six	n	/ˈskjuːə/	Put the meat on a {skewer} for shashlik.
appetiser	ishtaha ochuvchi taom	n	/ˈæpɪtaɪzə/	We ordered salad as an {appetiser}.
main course	asosiy taom	phrase	/ˌmeɪn ˈkɔːs/	For the {main course}, I'll have the lamb.
side dish	garnir	phrase	/ˈsaɪd dɪʃ/	Rice is served as a {side dish}.
delicacy	noz-ne'mat	n	/ˈdelɪkəsi/	Horse meat is a {delicacy} in Central Asia.
gourmet	gurme, nozik didli	adj	/ˈɡʊəmeɪ/	They opened a {gourmet} restaurant.
cutlery	pichoq-vilkalar	n	/ˈkʌtləri/	Put the {cutlery} in the drawer.
crockery	idish-tovoq	n	/ˈkrɒkəri/	We need new {crockery} for the guests.
utensil	oshxona anjomi	n	/juːˈtensl/	A ladle is a kitchen {utensil}.
staple	asosiy oziq-ovqat	n	/ˈsteɪpl/	Bread is a {staple} in every Uzbek home.
impulse buy	o'ylamay qilingan xarid	phrase	/ˈɪmpʌls baɪ/	The jacket was an {impulse buy}.
window-shopping	vitrinalarni tomosha qilish	n	/ˈwɪndəʊ ʃɒpɪŋ/	We went {window-shopping} but didn't buy anything.
faulty	nosoz	adj	/ˈfɔːlti/	I took the {faulty} kettle back to the shop.
defective	nuqsonli	adj	/dɪˈfektɪv/	The company recalled the {defective} cars.
nibble	chimdib yemoq	v	/ˈnɪbl/	The rabbit began to {nibble} a carrot.
gulp	shoshib yutmoq	v	/ɡʌlp/	Don't {gulp} your food — eat slowly.
leftover	ortib qolgan	adj	/ˈleftəʊvə/	We had {leftover} plov for lunch the next day.
# Stage 13: Upper-Intermediate verbs
accumulate	to'plamoq, yig'ilmoq	v	/əˈkjuːmjəleɪt/	Dust will {accumulate} if you don't clean.
alleviate	yengillashtirmoq	v	/əˈliːvieɪt/	The medicine will {alleviate} the pain.
amend	o'zgartirish kiritmoq	v	/əˈmend/	Parliament voted to {amend} the constitution.
amplify	kuchaytirmoq	v	/ˈæmplɪfaɪ/	Social media can {amplify} rumours.
attain	erishmoq	v	/əˈteɪn/	She worked hard to {attain} her goals.
avert	oldini olmoq	v	/əˈvɜːt/	Quick action helped to {avert} a disaster.
bolster	mustahkamlamoq	v	/ˈbəʊlstə/	The win will {bolster} the team's confidence.
circulate	tarqalmoq, aylanmoq	v	/ˈsɜːkjəleɪt/	Rumours began to {circulate} about the director.
cling	yopishib olmoq	v	/klɪŋ/	The child continued to {cling} to his mother.
coincide	to'g'ri kelmoq (vaqtda)	v	/ˌkəʊɪnˈsaɪd/	My birthday will {coincide} with the holiday this year.
commence	boshlanmoq	v	/kəˈmens/	The ceremony will {commence} at ten.
conceive	o'ylab topmoq, tasavvur qilmoq	v	/kənˈsiːv/	I can't {conceive} of a world without music.
condone	ko'z yummoq (noto'g'ri ishga)	v	/kənˈdəʊn/	We cannot {condone} violence of any kind.
confine	cheklamoq, qamab qo'ymoq	v	/kənˈfaɪn/	Please {confine} your answer to 200 words.
conform	moslashmoq, bo'ysunmoq	v	/kənˈfɔːm/	Teenagers often feel they must {conform}.
consolidate	mustahkamlamoq, birlashtirmoq	v	/kənˈsɒlɪdeɪt/	The company wants to {consolidate} its position.
contemplate	o'ylab ko'rmoq	v	/ˈkɒntəmpleɪt/	He began to {contemplate} leaving his job.
curb	jilovlamoq, cheklamoq	v	/kɜːb/	The government wants to {curb} inflation.
curtail	qisqartirmoq	v	/kɜːˈteɪl/	The storm forced us to {curtail} our trip.
deem	hisoblamoq, deb bilmoq	v	/diːm/	Experts {deem} the bridge unsafe.
defer	kechiktirmoq	v	/dɪˈfɜː/	You can {defer} your university place for a year.
deprive	mahrum qilmoq	v	/dɪˈpraɪv/	You can't {deprive} a child of education.
deviate	chetga chiqmoq	v	/ˈdiːvieɪt/	Don't {deviate} from the plan.
diminish	kamaymoq	v	/dɪˈmɪnɪʃ/	The pain will slowly {diminish}.
discern	farqlamoq, payqamoq	v	/dɪˈsɜːn/	It was hard to {discern} any difference between them.
disclose	oshkor qilmoq	v	/dɪsˈkləʊz/	The company refused to {disclose} the price.
dispel	yo'q qilmoq (shubhani)	v	/dɪˈspel/	The minister tried to {dispel} fears about the economy.
displace	siqib chiqarmoq, ko'chirmoq	v	/dɪsˈpleɪs/	The new dam will {displace} thousands of people.
disregard	e'tiborga olmaslik	v	/ˌdɪsrɪˈɡɑːd/	Please {disregard} my last email.
distort	buzib ko'rsatmoq	v	/dɪˈstɔːt/	The newspaper tried to {distort} the facts.
divert	burmoq, chalg'itmoq	v	/daɪˈvɜːt/	Police had to {divert} traffic away from the centre.
dwell on	...ustida uzoq o'ylamoq	phrase	/ˈdwel ɒn/	Don't {dwell on} your mistakes.
embark on	kirishmoq, boshlamoq	phrase	/ɪmˈbɑːk ɒn/	She is about to {embark on} a new career.
embrace	qabul qilmoq; quchoqlamoq	v	/ɪmˈbreɪs/	Older people are slow to {embrace} new technology.
emulate	taqlid qilmoq (namunadek)	v	/ˈemjuleɪt/	Young players try to {emulate} their heroes.
endeavour	harakat qilmoq, intilmoq	v	/ɪnˈdevə/	We {endeavour} to answer all emails within a day.
entice	o'ziga jalb qilmoq	v	/ɪnˈtaɪs/	Low prices {entice} customers into the shop.
envisage	ko'zda tutmoq	v	/ɪnˈvɪzɪdʒ/	I don't {envisage} any problems.
eradicate	yo'q qilmoq (butunlay)	v	/ɪˈrædɪkeɪt/	The goal is to {eradicate} polio worldwide.
erode	yemirmoq	v	/ɪˈrəʊd/	Scandals {erode} public trust.
escalate	keskinlashmoq	v	/ˈeskəleɪt/	The conflict could {escalate} into war.
evoke	uyg'otmoq (his, xotira)	v	/ɪˈvəʊk/	The smell of bread can {evoke} childhood memories.
exacerbate	og'irlashtirmoq	v	/ɪɡˈzæsəbeɪt/	Stress can {exacerbate} the illness.
exert	ta'sir o'tkazmoq, sarflamoq	v	/ɪɡˈzɜːt/	Parents {exert} a strong influence on their children.
fabricate	to'qib chiqarmoq (yolg'on)	v	/ˈfæbrɪkeɪt/	The journalist was accused of trying to {fabricate} stories.
falter	ikkilanmoq, sustlashmoq	v	/ˈfɔːltə/	The economy began to {falter}.
flourish	gullab-yashnamoq	v	/ˈflʌrɪʃ/	Trade began to {flourish} along the Silk Road.
foresee	oldindan ko'rmoq	v	/fɔːˈsiː/	Nobody could {foresee} the crisis.
forge	yaratmoq, o'rnatmoq (aloqa)	v	/fɔːdʒ/	The two countries want to {forge} closer ties.
foster	rivojlantirmoq, qo'llab-quvvatlamoq	v	/ˈfɒstə/	The school tries to {foster} creativity.
fulfil	bajarmoq, amalga oshirmoq	v	/fʊlˈfɪl/	She wants to {fulfil} her dream of becoming a doctor.
hamper	to'sqinlik qilmoq	v	/ˈhæmpə/	Bad weather will {hamper} the rescue.
heighten	kuchaytirmoq	v	/ˈhaɪtn/	The attack will {heighten} fears of war.
hinder	xalaqit bermoq	v	/ˈhɪndə/	Lack of money will {hinder} the project.
impede	to'sqinlik qilmoq	v	/ɪmˈpiːd/	Fallen trees {impede} the traffic.
incorporate	kiritmoq, qo'shmoq	v	/ɪnˈkɔːpəreɪt/	We will {incorporate} your ideas into the plan.
induce	sabab bo'lmoq, undamoq	v	/ɪnˈdjuːs/	Some medicines {induce} sleep.
inhibit	to'xtatmoq, cheklamoq	v	/ɪnˈhɪbɪt/	Fear can {inhibit} learning.
instigate	qo'zg'atmoq, boshlab bermoq	v	/ˈɪnstɪɡeɪt/	The government will {instigate} an inquiry.
intensify	kuchaytirmoq	v	/ɪnˈtensɪfaɪ/	The storm is expected to {intensify}.
jeopardise	xavf ostiga qo'ymoq	v	/ˈdʒepədaɪz/	One mistake could {jeopardise} your career.
linger	uzoq qolmoq	v	/ˈlɪŋɡə/	The smell of smoke seems to {linger} in the room.
mimic	taqlid qilmoq	v	/ˈmɪmɪk/	Parrots can {mimic} human speech.
necessitate	zarur qilib qo'ymoq	v	/nəˈsesɪteɪt/	The injury will {necessitate} an operation.
nurture	parvarish qilmoq, tarbiyalamoq	v	/ˈnɜːtʃə/	Parents {nurture} their children's talents.
obscure	to'smoq, noaniq qilmoq	v	/əbˈskjʊə/	Clouds {obscure} the top of the mountain.
obstruct	to'smoq	v	/əbˈstrʌkt/	Don't {obstruct} the emergency exit.
outweigh	ortiq bo'lmoq	v	/ˌaʊtˈweɪ/	The benefits {outweigh} the risks.
overshadow	soya solmoq, xiralashtirmoq	v	/ˌəʊvəˈʃædəʊ/	The scandal will {overshadow} his success.
perpetuate	davom ettirmoq, abadiylashtirmoq	v	/pəˈpetʃueɪt/	The film seems to {perpetuate} old stereotypes.
plummet	keskin tushmoq	v	/ˈplʌmɪt/	Prices could {plummet} after the announcement.
ponder	chuqur o'ylamoq	v	/ˈpɒndə/	She sat by the window to {ponder} her future.
precede	oldin kelmoq	v	/prɪˈsiːd/	A short speech will {precede} the concert.
prevail	g'olib chiqmoq, ustun kelmoq	v	/prɪˈveɪl/	Justice will {prevail} in the end.
prolong	uzaytirmoq	v	/prəˈlɒŋ/	The treatment may {prolong} his life.
provoke	qo'zg'atmoq, jahlini chiqarmoq	v	/prəˈvəʊk/	Don't {provoke} the dog.
reap	o'rib olmoq (natija)	v	/riːp/	You will {reap} the benefits of hard work.
rectify	tuzatmoq	v	/ˈrektɪfaɪ/	We will {rectify} the mistake immediately.
refrain	o'zini tiymoq	v	/rɪˈfreɪn/	Please {refrain} from smoking.
reinforce	mustahkamlamoq	v	/ˌriːɪnˈfɔːs/	The exercises {reinforce} what you learned in class.
relinquish	voz kechmoq	v	/rɪˈlɪŋkwɪʃ/	He refused to {relinquish} control of the company.
render	...qilib qo'ymoq	v	/ˈrendə/	The injury may {render} him unable to play.
reside	istiqomat qilmoq	v	/rɪˈzaɪd/	They {reside} in the capital.
retrieve	qaytarib olmoq, topib olmoq	v	/rɪˈtriːv/	I managed to {retrieve} the deleted files.
revive	jonlantirmoq	v	/rɪˈvaɪv/	The government wants to {revive} old crafts.
scrutinise	sinchiklab tekshirmoq	v	/ˈskruːtənaɪz/	Journalists will {scrutinise} every word of the speech.
soar	keskin ko'tarilmoq; parvoz qilmoq	v	/sɔː/	House prices continue to {soar}.
stem from	kelib chiqmoq	phrase	/ˈstem frəm/	Many problems {stem from} poverty.
strive	intilmoq	v	/straɪv/	We {strive} to give the best service.
succumb	taslim bo'lmoq, bardosh bera olmaslik	v	/səˈkʌm/	Don't {succumb} to peer pressure.
surpass	oshib ketmoq	v	/səˈpɑːs/	The results {surpass} all expectations.
thrive	gullab-yashnamoq, rivojlanmoq	v	/θraɪv/	Some plants {thrive} in dry conditions.
undermine	putur yetkazmoq	v	/ˌʌndəˈmaɪn/	Constant criticism can {undermine} a child's confidence.
underestimate	yetarlicha baholamaslik	v	/ˌʌndərˈestɪmeɪt/	Never {underestimate} your opponent.
overestimate	ortiqcha baholamoq	v	/ˌəʊvərˈestɪmeɪt/	People often {overestimate} how much they can do in a day.
unravel	yechmoq, oydinlashtirmoq	v	/ʌnˈrævl/	The detective began to {unravel} the mystery.
vanish	g'oyib bo'lmoq	v	/ˈvænɪʃ/	The ship seemed to {vanish} into the fog.
withstand	bardosh bermoq	v	/wɪðˈstænd/	The building can {withstand} earthquakes.
yearn	intiqlik bilan orzu qilmoq	v	/jɜːn/	Many emigrants {yearn} for home.
contend with	kurashmoq, duch kelmoq	phrase	/kənˈtend wɪð/	Farmers have to {contend with} drought every summer.
# Stage 14: Upper-Intermediate adjectives and adverbs
adverse	salbiy, noqulay	adj	/ˈædvɜːs/	The drug has no {adverse} effects.
arbitrary	o'zboshimchalik bilan qilingan	adj	/ˈɑːbɪtrəri/	The choice seemed completely {arbitrary}.
blatant	ochiqdan-ochiq, yaqqol	adj	/ˈbleɪtnt/	That was a {blatant} lie.
bleak	umidsiz, qorong'i	adj	/bliːk/	The future looks {bleak} for the factory.
conspicuous	ko'zga tashlanadigan	adj	/kənˈspɪkjuəs/	He felt {conspicuous} in his bright yellow jacket.
daunting	qo'rqituvchi, cho'chitadigan	adj	/ˈdɔːntɪŋ/	Starting a new school can be {daunting}.
deceptive	aldamchi	adj	/dɪˈseptɪv/	Appearances can be {deceptive}.
dire	o'ta og'ir	adj	/ˈdaɪə/	The hospital is in {dire} need of funds.
discreet	ehtiyotkor, sir saqlaydigan	adj	/dɪˈskriːt/	Please be {discreet} — don't tell anyone.
drastic	keskin, jiddiy	adj	/ˈdræstɪk/	We need to take {drastic} action.
elusive	qo'lga kiritish qiyin	adj	/iˈluːsɪv/	Success remained {elusive}.
eminent	taniqli, obro'li	adj	/ˈemɪnənt/	He is an {eminent} scientist.
erratic	beqaror, tartibsiz	adj	/ɪˈrætɪk/	His behaviour has become {erratic}.
exquisite	nafis, nihoyatda go'zal	adj	/ɪkˈskwɪzɪt/	The palace has {exquisite} tiles.
fleeting	o'tkinchi	adj	/ˈfliːtɪŋ/	We had only a {fleeting} glimpse of the president.
formidable	kuchli, dahshatli	adj	/fəˈmɪdəbl/	She is a {formidable} opponent.
futile	befoyda	adj	/ˈfjuːtaɪl/	It's {futile} to argue with him.
gruelling	o'ta og'ir, toliqtiradigan	adj	/ˈɡruːəlɪŋ/	After a {gruelling} climb, we reached the top.
hectic	serharakat, tig'iz	adj	/ˈhektɪk/	I've had a {hectic} week at work.
imminent	yaqinlashib kelayotgan	adj	/ˈɪmɪnənt/	The storm is {imminent}.
impeccable	benuqson	adj	/ɪmˈpekəbl/	Her English is {impeccable}.
incessant	tinimsiz	adj	/ɪnˈsesnt/	The {incessant} noise kept me awake.
indispensable	zarur, ajralmas	adj	/ˌɪndɪˈspensəbl/	A good dictionary is {indispensable}.
intricate	murakkab, nozik	adj	/ˈɪntrɪkət/	The carpet has an {intricate} pattern.
lavish	dabdabali, mo'l	adj	/ˈlævɪʃ/	They held a {lavish} party.
lenient	yumshoq, kechirimli	adj	/ˈliːniənt/	The judge was too {lenient}.
meagre	kam, arzimas	adj	/ˈmiːɡə/	They lived on a {meagre} salary.
mundane	oddiy, zerikarli	adj	/mʌnˈdeɪn/	He was tired of his {mundane} routine.
negligible	arzimas	adj	/ˈneɡlɪdʒəbl/	The difference in price is {negligible}.
notorious	yomon nom chiqargan	adj	/nəʊˈtɔːriəs/	The road is {notorious} for accidents.
overwhelming	juda kuchli, hal qiluvchi	adj	/ˌəʊvəˈwelmɪŋ/	The {overwhelming} majority voted yes.
paramount	eng muhim	adj	/ˈpærəmaʊnt/	Safety is {paramount}.
pertinent	tegishli, o'rinli	adj	/ˈpɜːtɪnənt/	She asked some very {pertinent} questions.
pivotal	hal qiluvchi	adj	/ˈpɪvətl/	He played a {pivotal} role in the negotiations.
precarious	xatarli, beqaror	adj	/prɪˈkeəriəs/	Many families are in a {precarious} financial situation.
profound	chuqur	adj	/prəˈfaʊnd/	The book had a {profound} effect on me.
prolific	sermahsul	adj	/prəˈlɪfɪk/	He was a {prolific} writer with over 50 books.
prone	moyil	adj	/prəʊn/	He is {prone} to headaches.
rampant	avj olgan	adj	/ˈræmpənt/	Corruption was {rampant}.
reckless	o'ylamay, tavakkalchi	adj	/ˈrekləs/	He was fined for {reckless} driving.
relentless	tinimsiz, shafqatsiz	adj	/rɪˈlentləs/	The {relentless} rain lasted all week.
robust	mustahkam, baquvvat	adj	/rəʊˈbʌst/	The economy is quite {robust}.
rudimentary	boshlang'ich, oddiy	adj	/ˌruːdɪˈmentri/	I have only a {rudimentary} knowledge of Chinese.
seamless	uzluksiz, silliq	adj	/ˈsiːmləs/	The app offers a {seamless} experience.
serene	osoyishta	adj	/səˈriːn/	The lake looked {serene} in the morning light.
sceptical	shubhali, ishonmaydigan	adj	/ˈskeptɪkl/	I'm {sceptical} about his promises.
sporadic	vaqti-vaqti bilan	adj	/spəˈrædɪk/	There has been {sporadic} fighting in the area.
stark	keskin, aniq	adj	/stɑːk/	There is a {stark} difference between rich and poor.
stringent	qat'iy	adj	/ˈstrɪndʒənt/	The airport has {stringent} security checks.
subtle	nozik, sezilar-sezilmas	adj	/ˈsʌtl/	There is a {subtle} difference between the two colours.
superficial	yuzaki	adj	/ˌsuːpəˈfɪʃl/	He has only a {superficial} knowledge of the subject.
tangible	aniq, qo'l bilan ushlaydigan	adj	/ˈtændʒəbl/	We need {tangible} results.
trivial	arzimas	adj	/ˈtrɪviəl/	Don't worry about such {trivial} things.
turbulent	notinch, to'polonli	adj	/ˈtɜːbjələnt/	The country has a {turbulent} history.
unprecedented	misli ko'rilmagan	adj	/ʌnˈpresɪdentɪd/	The pandemic caused {unprecedented} changes.
vigorous	kuchli, g'ayratli	adj	/ˈvɪɡərəs/	Do some {vigorous} exercise every day.
wary	ehtiyot, hushyor	adj	/ˈweəri/	Be {wary} of strangers offering help.
adamant	qat'iy (fikrida)	adj	/ˈædəmənt/	She was {adamant} that she had paid.
apt	mos, o'rinli	adj	/æpt/	That's a very {apt} description.
cumbersome	og'ir va noqulay	adj	/ˈkʌmbəsəm/	The old computers were large and {cumbersome}.
inept	uquvsiz	adj	/ɪˈnept/	The {inept} goalkeeper let in five goals.
exemplary	namunali	adj	/ɪɡˈzempləri/	Her behaviour was {exemplary}.
unwarranted	asossiz	adj	/ʌnˈwɒrəntɪd/	The criticism was completely {unwarranted}.
inadvertently	bilmasdan, tasodifan	adv	/ˌɪnədˈvɜːtəntli/	I {inadvertently} deleted the file.
invariably	doimo, o'zgarmay	adv	/ɪnˈveəriəbli/	He is {invariably} late.
markedly	sezilarli darajada	adv	/ˈmɑːkɪdli/	Prices have risen {markedly}.
readily	osonlik bilan, jon deb	adv	/ˈredɪli/	The information is {readily} available online.
simultaneously	bir vaqtda	adv	/ˌsɪmlˈteɪniəsli/	Two bombs exploded almost {simultaneously}.
steadily	barqaror, izchil	adv	/ˈstedɪli/	His health is {steadily} improving.
sufficiently	yetarlicha	adv	/səˈfɪʃntli/	He hasn't recovered {sufficiently} to go back to work.
swiftly	tez, zudlik bilan	adv	/ˈswɪftli/	The government acted {swiftly}.
vastly	nihoyatda	adv	/ˈvɑːstli/	The new model is {vastly} better.
wholly	butunlay	adv	/ˈhəʊlli/	I'm not {wholly} convinced.
abruptly	birdan, to'satdan	adv	/əˈbrʌptli/	The meeting ended {abruptly}.
conceivably	ehtimol, mumkin	adv	/kənˈsiːvəbli/	The work could {conceivably} be finished by Friday.
consistently	izchil ravishda	adv	/kənˈsɪstəntli/	She has {consistently} got top marks.
drastically	keskin	adv	/ˈdræstɪkli/	The number of students has {drastically} fallen.
fundamentally	tubdan	adv	/ˌfʌndəˈmentəli/	The two ideas are {fundamentally} different.
immensely	beqiyos darajada	adv	/ɪˈmensli/	The film was {immensely} popular.
inherently	tabiatan	adv	/ɪnˈhɪərəntli/	No job is {inherently} boring.
intentionally	ataylab	adv	/ɪnˈtenʃənəli/	I didn't hurt you {intentionally}.
notably	ayniqsa	adv	/ˈnəʊtəbli/	Many cities, {notably} Samarkand, attract tourists.
reluctantly	istamaygina	adv	/rɪˈlʌktəntli/	He {reluctantly} agreed to help.
remarkably	ajoyib tarzda	adv	/rɪˈmɑːkəbli/	She is {remarkably} calm for someone in her position.
subtly	nozik tarzda	adv	/ˈsʌtli/	The two versions are {subtly} different.
tremendously	juda-juda	adv	/trəˈmendəsli/	The festival was {tremendously} successful.
adequately	yetarli darajada	adv	/ˈædɪkwətli/	The workers are not {adequately} paid.
hastily	shoshilinch	adv	/ˈheɪstɪli/	The meeting was {hastily} arranged.
purely	faqat, sof	adv	/ˈpjʊəli/	We met {purely} by chance.
overtly	ochiqchasiga	adv	/əʊˈvɜːtli/	He was never {overtly} rude.
comparatively	nisbatan	adv	/kəmˈpærətɪvli/	Life here is {comparatively} cheap.
exceedingly	o'ta, g'oyat	adv	/ɪkˈsiːdɪŋli/	The exam was {exceedingly} difficult.
marginally	biroz, sal	adv	/ˈmɑːdʒɪnəli/	Prices rose {marginally} last month.
explicitly	aniq, ochiq	adv	/ɪkˈsplɪsɪtli/	The rules {explicitly} forbid phones in class.
profoundly	chuqur	adv	/prəˈfaʊndli/	The war {profoundly} changed the country.
utmost	eng yuqori	adj	/ˈʌtməʊst/	This matter is of the {utmost} importance.
ingenious	zukko, ixtirochilik bilan qilingan	adj	/ɪnˈdʒiːniəs/	What an {ingenious} idea!
obsessively	o'ta berilib	adv	/əbˈsesɪvli/	He checks his phone {obsessively}.
conclusive	aniq, qat'iy (dalil)	adj	/kənˈkluːsɪv/	There is no {conclusive} proof that he did it.
hazy	tumanli; noaniq	adj	/ˈheɪzi/	My memory of that day is a bit {hazy}.
# Stage 15: phrasal verbs and idioms
account for	izohlamoq; tashkil etmoq	phrase	/əˈkaʊnt fɔː/	How do you {account for} the missing money?
allow for	hisobga olmoq	phrase	/əˈlaʊ fɔː/	{Allow for} delays when you plan your trip.
bank on	ishonib tayanmoq	phrase	/ˈbæŋk ɒn/	Don't {bank on} getting a pay rise this year.
boil down to	...ga borib taqalmoq	phrase	/bɔɪl ˈdaʊn tə/	It all seems to {boil down to} money.
bounce back	tez o'zini tiklamoq	phrase	/baʊns ˈbæk/	The team will {bounce back} after this defeat.
branch out	faoliyatni kengaytirmoq	phrase	/brɑːntʃ ˈaʊt/	The bakery wants to {branch out} into catering.
brush up on	yangilamoq (bilimni)	phrase	/brʌʃ ˈʌp ɒn/	I need to {brush up on} my French before the trip.
cave in	yon bermoq; qulab tushmoq	phrase	/keɪv ˈɪn/	The government refused to {cave in} to their demands.
chip in	pul qo'shmoq, hissa qo'shmoq	phrase	/tʃɪp ˈɪn/	We all {chip in} to buy the teacher a present.
clamp down on	qattiq chora ko'rmoq	phrase	/klæmp ˈdaʊn ɒn/	The city will {clamp down on} illegal parking.
come to terms with	ko'nikmoq, qabul qilmoq	phrase	/kʌm tə ˈtɜːmz wɪð/	She is still trying to {come to terms with} her loss.
cut corners	ishni chala-chulpa qilmoq	phrase	/kʌt ˈkɔːnəz/	Never {cut corners} when safety is involved.
dawn on	anglab yetmoq	phrase	/ˈdɔːn ɒn/	It began to {dawn on} me that I was lost.
do away with	bekor qilmoq	phrase	/duː əˈweɪ wɪð/	The school decided to {do away with} uniforms.
draw on	foydalanmoq (tajribadan)	phrase	/ˈdrɔː ɒn/	Writers {draw on} their own experiences.
drag on	cho'zilib ketmoq	phrase	/dræɡ ˈɒn/	The meeting seemed to {drag on} forever.
eat into	yemirmoq, kamaytirmoq	phrase	/iːt ˈɪntuː/	Rising prices {eat into} our savings.
fall back on	oxirgi chora sifatida foydalanmoq	phrase	/fɔːl ˈbæk ɒn/	It's good to have savings to {fall back on}.
fend off	qaytarmoq, himoyalanmoq	phrase	/fend ˈɒf/	She managed to {fend off} the attacker.
fizzle out	so'nib qolmoq	phrase	/fɪzl ˈaʊt/	The protest began to {fizzle out} by evening.
gloss over	yuzaki o'tib ketmoq	phrase	/ɡlɒs ˈəʊvə/	The report tries to {gloss over} the problems.
hinge on	...ga bog'liq bo'lmoq	phrase	/ˈhɪndʒ ɒn/	Everything will {hinge on} the final exam.
hold out	chidamoq; saqlanmoq	phrase	/həʊld ˈaʊt/	Our water won't {hold out} much longer.
iron out	hal qilmoq (kichik muammolarni)	phrase	/aɪən ˈaʊt/	We need to {iron out} a few problems before we start.
lay down	belgilamoq (qoida)	phrase	/leɪ ˈdaʊn/	The law will {lay down} strict rules for drivers.
let up	susaymoq, to'xtamoq	phrase	/let ˈʌp/	The rain didn't {let up} all day.
level off	barqarorlashmoq	phrase	/levl ˈɒf/	Prices are expected to {level off} next year.
lash out	keskin hujum qilmoq	phrase	/læʃ ˈaʊt/	He tends to {lash out} when he's stressed.
mull over	o'ylab ko'rmoq	phrase	/mʌl ˈəʊvə/	Let me {mull over} your offer.
opt out	ishtirok etmaslikni tanlamoq	phrase	/ɒpt ˈaʊt/	You can {opt out} of the pension scheme.
pan out	natija bermoq	phrase	/pæn ˈaʊt/	Let's see how things {pan out}.
phase out	bosqichma-bosqich to'xtatmoq	phrase	/feɪz ˈaʊt/	The government will {phase out} petrol cars.
pick up on	payqab qolmoq	phrase	/pɪk ˈʌp ɒn/	Children {pick up on} their parents' stress.
play down	ahamiyatini kamaytirmoq	phrase	/pleɪ ˈdaʊn/	The minister tried to {play down} the crisis.
pull off	uddalamoq	phrase	/pʊl ˈɒf/	Nobody thought they could {pull off} such a big deal.
rein in	jilovlamoq	phrase	/reɪn ˈɪn/	The government must {rein in} spending.
root out	tag-tomiri bilan yo'qotmoq	phrase	/ruːt ˈaʊt/	The new director promised to {root out} corruption.
run up against	duch kelmoq (qiyinchilikka)	phrase	/rʌn ˈʌp əɡenst/	We may {run up against} some opposition.
scrape by	zo'rg'a kun ko'rmoq	phrase	/skreɪp ˈbaɪ/	Students often {scrape by} on very little money.
see to	hal qilmoq, qarab qo'ymoq	phrase	/ˈsiː tuː/	Don't worry, I'll {see to} the tickets.
shrug off	pisand qilmaslik	phrase	/ʃrʌɡ ˈɒf/	He tried to {shrug off} the criticism.
single out	ajratib ko'rsatmoq	phrase	/sɪŋɡl ˈaʊt/	The teacher liked to {single out} the best students for praise.
sink in	yetib bormoq (ma'no)	phrase	/sɪŋk ˈɪn/	It took a while for the news to {sink in}.
snap up	tezda sotib olmoq	phrase	/snæp ˈʌp/	Shoppers will {snap up} the bargains.
spell out	aniq tushuntirib bermoq	phrase	/spel ˈaʊt/	Do I have to {spell out} everything for you?
stand up for	himoya qilmoq	phrase	/stænd ˈʌp fə/	You must {stand up for} what you believe in.
step up	kuchaytirmoq	phrase	/step ˈʌp/	The police will {step up} patrols at night.
stick out	ajralib turmoq, turtib chiqmoq	phrase	/stɪk ˈaʊt/	His red hat made him {stick out} in the crowd.
sum up	xulosa qilmoq	phrase	/sʌm ˈʌp/	To {sum up}, the project was a success.
taken aback	hayratda qolgan	phrase	/ˌteɪkən əˈbæk/	I was {taken aback} by his rude reply.
tap into	foydalanmoq (manbadan)	phrase	/tæp ˈɪntuː/	The company wants to {tap into} the youth market.
tone down	yumshatmoq	phrase	/təʊn ˈdaʊn/	You should {tone down} your language.
touch on	qisqacha to'xtalmoq	phrase	/ˈtʌtʃ ɒn/	The lecture will {touch on} the history of the city.
water down	yumshatmoq, susaytirmoq	phrase	/ˌwɔːtə ˈdaʊn/	They decided to {water down} the new law.
weed out	saralab olib tashlamoq	phrase	/wiːd ˈaʊt/	The interview helps to {weed out} weak candidates.
wind down	asta-sekin to'xtatmoq; dam olmoq	phrase	/waɪnd ˈdaʊn/	I like to {wind down} with a book before bed.
wipe out	butunlay yo'q qilmoq	phrase	/waɪp ˈaʊt/	The disease could {wipe out} the whole population of birds.
setback	muvaffaqiyatsizlik, orqaga ketish	n	/ˈsetbæk/	The injury was a big {setback} for the team.
a blessing in disguise	yomonlikda yaxshilik	phrase	/ə ˌblesɪŋ ɪn dɪsˈɡaɪz/	Losing that job was {a blessing in disguise}.
break the ice	muzni eritmoq (tanishuvda)	phrase	/breɪk ði ˈaɪs/	He told a joke to {break the ice}.
bite the bullet	qiyin qarorga jur'at qilmoq	phrase	/baɪt ðə ˈbʊlɪt/	I finally decided to {bite the bullet} and see the dentist.
call it a day	ishni tugatmoq	phrase	/ˌkɔːl ɪt ə ˈdeɪ/	It's late — let's {call it a day}.
cost an arm and a leg	juda qimmat turmoq	phrase	/kɒst ən ˌɑːm ən ə ˈleɡ/	A new car can {cost an arm and a leg}.
face the music	qilmishiga javob bermoq	phrase	/feɪs ðə ˈmjuːzɪk/	Sooner or later you'll have to {face the music}.
get cold feet	oxirgi paytda qo'rqib qolmoq	phrase	/ɡet kəʊld ˈfiːt/	Many people {get cold feet} before their wedding.
hit the nail on the head	aynan to'g'ri aytmoq	phrase	/hɪt ðə ˌneɪl ɒn ðə ˈhed/	You {hit the nail on the head} — that's exactly the problem.
in the same boat	bir xil ahvolda	phrase	/ɪn ðə ˌseɪm ˈbəʊt/	Don't worry, we're all {in the same boat}.
keep an eye on	ko'z-quloq bo'lmoq	phrase	/kiːp ən ˈaɪ ɒn/	Can you {keep an eye on} my bag for a minute?
let the cat out of the bag	sirni oshkor qilib qo'ymoq	phrase	/let ðə ˌkæt aʊt əv ðə ˈbæɡ/	Who decided to {let the cat out of the bag} about the party?
miss the boat	imkoniyatni qo'ldan boy bermoq	phrase	/mɪs ðə ˈbəʊt/	If you don't apply today, you'll {miss the boat}.
on the fence	ikkilanib turgan	phrase	/ɒn ðə ˈfens/	I'm still {on the fence} about which university to choose.
once in a blue moon	juda kamdan-kam	phrase	/ˌwʌns ɪn ə ˌbluː ˈmuːn/	We go to the theatre {once in a blue moon}.
rule of thumb	amaliy qoida	phrase	/ˌruːl əv ˈθʌm/	As a {rule of thumb}, drink two litres of water a day.
the last straw	sabr kosasini to'ldirgan narsa	phrase	/ðə ˌlɑːst ˈstrɔː/	Being late again was {the last straw}.
up in the air	hali noaniq	phrase	/ˌʌp ɪn ði ˈeə/	Our holiday plans are still {up in the air}.
a drop in the ocean	dengizdan tomchi	phrase	/ə ˌdrɒp ɪn ði ˈəʊʃn/	The money we raised is {a drop in the ocean}.
back to square one	yana boshiga qaytib	phrase	/ˌbæk tə ˌskweə ˈwʌn/	The plan failed, so we're {back to square one}.
burn the midnight oil	tun bo'yi ishlamoq	phrase	/bɜːn ðə ˌmɪdnaɪt ˈɔɪl/	Students often {burn the midnight oil} before exams.
by and large	umuman olganda	phrase	/ˌbaɪ ən ˈlɑːdʒ/	{By and large}, the students did well.
from scratch	noldan	phrase	/frəm ˈskrætʃ/	We had to start the project {from scratch}.
jump to conclusions	shoshilinch xulosa chiqarmoq	phrase	/dʒʌmp tə kənˈkluːʒnz/	Don't {jump to conclusions} before you know the facts.
learn the ropes	ish sirlarini o'rganmoq	phrase	/lɜːn ðə ˈrəʊps/	It takes a few weeks to {learn the ropes}.
on the ball	hushyor, tez fikrlaydigan	phrase	/ɒn ðə ˈbɔːl/	Our new manager is really {on the ball}.
play it by ear	vaziyatga qarab ish tutmoq	phrase	/pleɪ ɪt baɪ ˈɪə/	We don't have a plan — let's {play it by ear}.
see eye to eye	fikri bir bo'lmoq	phrase	/siː ˌaɪ tu ˈaɪ/	My father and I don't {see eye to eye} on politics.
take for granted	o'z-o'zidan tushunarli deb bilmoq	phrase	/teɪk fə ˈɡrɑːntɪd/	Don't {take for granted} the people who love you.
the tip of the iceberg	muammoning ko'rinib turgan qismi	phrase	/ðə ˌtɪp əv ði ˈaɪsbɜːɡ/	These cases are just {the tip of the iceberg}.
think outside the box	noodatiy fikrlamoq	phrase	/θɪŋk ˌaʊtsaɪd ðə ˈbɒks/	We need to {think outside the box} to solve this.
go the extra mile	ortig'i bilan harakat qilmoq	phrase	/ɡəʊ ði ˌekstrə ˈmaɪl/	Good teachers {go the extra mile} for their students.
make ends meet	kun kechirmoq (zo'rg'a)	phrase	/meɪk ˌendz ˈmiːt/	Many families struggle to {make ends meet}.
steep learning curve	tez o'rganishni talab qiladigan jarayon	phrase	/ˌstiːp ˈlɜːnɪŋ kɜːv/	The new job has a {steep learning curve}.
in a nutshell	qisqasi	phrase	/ɪn ə ˈnʌtʃel/	{In a nutshell}, the answer is no.
the bottom line	eng muhimi	phrase	/ðə ˌbɒtəm ˈlaɪn/	{The bottom line} is that we can't afford it.
a far cry from	...dan juda farq qiladi	phrase	/ə ˌfɑː ˈkraɪ frəm/	The hotel was {a far cry from} what we expected.
at stake	xavf ostida	phrase	/ət ˈsteɪk/	Thousands of jobs are {at stake}.
bear in mind	yodda tutmoq	phrase	/beər ɪn ˈmaɪnd/	{Bear in mind} that the shop closes at six.
come to light	oshkor bo'lmoq	phrase	/kʌm tə ˈlaɪt/	New facts have begun to {come to light}.
take into account	hisobga olmoq	phrase	/teɪk ˌɪntu əˈkaʊnt/	You must {take into account} the cost of travel.
to the letter	so'zma-so'z, aniq	phrase	/tə ðə ˈletə/	Follow the instructions {to the letter}.
out of the blue	kutilmaganda	phrase	/ˌaʊt əv ðə ˈbluː/	He called me {out of the blue} after ten years.
